{
    "mode": "hhcw",
    "tungsura": {
        "chart": {
            "1000630": 71525,
            "1000631": 127476,
            "1000632": 414308,
            "1000633": 332934,
            "progres": {
                "total": 3055,
                "persen": 100.0,
                "progres": 3055
            }
        },
        "table": {
            "330101": {
                "psu": "Reguler",
                "1000630": 2617,
                "1000631": 3348,
                "1000632": 23842,
                "1000633": 12579,
                "progres": {
                    "total": 126,
                    "persen": 100.0,
                    "progres": 126
                },
                "status_progress": true
            },
            "330102": {
                "psu": "Reguler",
                "1000630": 8239,
                "1000631": 8711,
                "1000632": 24407,
                "1000633": 27817,
                "progres": {
                    "total": 189,
                    "persen": 100.0,
                    "progres": 189
                },
                "status_progress": true
            },
            "330103": {
                "psu": "Reguler",
                "1000630": 2457,
                "1000631": 5011,
                "1000632": 25539,
                "1000633": 15144,
                "progres": {
                    "total": 135,
                    "persen": 100.0,
                    "progres": 135
                },
                "status_progress": true
            },
            "330104": {
                "psu": "Reguler",
                "1000630": 2176,
                "1000631": 3949,
                "1000632": 19425,
                "1000633": 10299,
                "progres": {
                    "total": 105,
                    "persen": 100.0,
                    "progres": 105
                },
                "status_progress": true
            },
            "330105": {
                "psu": "Reguler",
                "1000630": 2839,
                "1000631": 5866,
                "1000632": 19692,
                "1000633": 15072,
                "progres": {
                    "total": 126,
                    "persen": 100.0,
                    "progres": 126
                },
                "status_progress": true
            },
            "330106": {
                "psu": "Reguler",
                "1000630": 3694,
                "1000631": 14946,
                "1000632": 20991,
                "1000633": 18118,
                "progres": {
                    "total": 173,
                    "persen": 100.0,
                    "progres": 173
                },
                "status_progress": true
            },
            "330107": {
                "psu": "Reguler",
                "1000630": 1837,
                "1000631": 4046,
                "1000632": 9828,
                "1000633": 7392,
                "progres": {
                    "total": 70,
                    "persen": 100.0,
                    "progres": 70
                },
                "status_progress": true
            },
            "330108": {
                "psu": "Reguler",
                "1000630": 2055,
                "1000631": 3846,
                "1000632": 20835,
                "1000633": 10880,
                "progres": {
                    "total": 114,
                    "persen": 100.0,
                    "progres": 114
                },
                "status_progress": true
            },
            "330109": {
                "psu": "Reguler",
                "1000630": 2939,
                "1000631": 11291,
                "1000632": 13538,
                "1000633": 10687,
                "progres": {
                    "total": 123,
                    "persen": 100.0,
                    "progres": 123
                },
                "status_progress": true
            },
            "330110": {
                "psu": "Reguler",
                "1000630": 3301,
                "1000631": 7309,
                "1000632": 20266,
                "1000633": 19517,
                "progres": {
                    "total": 172,
                    "persen": 100.0,
                    "progres": 172
                },
                "status_progress": true
            },
            "330111": {
                "psu": "Reguler",
                "1000630": 2439,
                "1000631": 3023,
                "1000632": 14936,
                "1000633": 8757,
                "progres": {
                    "total": 89,
                    "persen": 100.0,
                    "progres": 89
                },
                "status_progress": true
            },
            "330112": {
                "psu": "Reguler",
                "1000630": 2497,
                "1000631": 6059,
                "1000632": 14612,
                "1000633": 14608,
                "progres": {
                    "total": 131,
                    "persen": 100.0,
                    "progres": 131
                },
                "status_progress": true
            },
            "330113": {
                "psu": "Reguler",
                "1000630": 2943,
                "1000631": 5611,
                "1000632": 18417,
                "1000633": 19914,
                "progres": {
                    "total": 179,
                    "persen": 100.0,
                    "progres": 179
                },
                "status_progress": true
            },
            "330114": {
                "psu": "Reguler",
                "1000630": 5510,
                "1000631": 9343,
                "1000632": 28204,
                "1000633": 22412,
                "progres": {
                    "total": 231,
                    "persen": 100.0,
                    "progres": 231
                },
                "status_progress": true
            },
            "330115": {
                "psu": "Reguler",
                "1000630": 3671,
                "1000631": 4144,
                "1000632": 22032,
                "1000633": 19271,
                "progres": {
                    "total": 175,
                    "persen": 100.0,
                    "progres": 175
                },
                "status_progress": true
            },
            "330116": {
                "psu": "Reguler",
                "1000630": 1680,
                "1000631": 1691,
                "1000632": 12644,
                "1000633": 10334,
                "progres": {
                    "total": 147,
                    "persen": 100.0,
                    "progres": 147
                },
                "status_progress": true
            },
            "330117": {
                "psu": "Reguler",
                "1000630": 839,
                "1000631": 5382,
                "1000632": 10952,
                "1000633": 5684,
                "progres": {
                    "total": 63,
                    "persen": 100.0,
                    "progres": 63
                },
                "status_progress": true
            },
            "330118": {
                "psu": "Reguler",
                "1000630": 1315,
                "1000631": 4001,
                "1000632": 14694,
                "1000633": 9006,
                "progres": {
                    "total": 99,
                    "persen": 100.0,
                    "progres": 99
                },
                "status_progress": true
            },
            "330119": {
                "psu": "Reguler",
                "1000630": 1878,
                "1000631": 2416,
                "1000632": 12748,
                "1000633": 7565,
                "progres": {
                    "total": 70,
                    "persen": 100.0,
                    "progres": 70
                },
                "status_progress": true
            },
            "330120": {
                "psu": "Reguler",
                "1000630": 2592,
                "1000631": 6335,
                "1000632": 12312,
                "1000633": 12543,
                "progres": {
                    "total": 115,
                    "persen": 100.0,
                    "progres": 115
                },
                "status_progress": true
            },
            "330121": {
                "psu": "Reguler",
                "1000630": 4479,
                "1000631": 3117,
                "1000632": 14956,
                "1000633": 18604,
                "progres": {
                    "total": 136,
                    "persen": 100.0,
                    "progres": 136
                },
                "status_progress": true
            },
            "330122": {
                "psu": "Reguler",
                "1000630": 4045,
                "1000631": 3902,
                "1000632": 17380,
                "1000633": 18315,
                "progres": {
                    "total": 134,
                    "persen": 100.0,
                    "progres": 134
                },
                "status_progress": true
            },
            "330123": {
                "psu": "Reguler",
                "1000630": 3876,
                "1000631": 3522,
                "1000632": 19634,
                "1000633": 16081,
                "progres": {
                    "total": 120,
                    "persen": 100.0,
                    "progres": 120
                },
                "status_progress": true
            },
            "330124": {
                "psu": "Reguler",
                "1000630": 1607,
                "1000631": 607,
                "1000632": 2424,
                "1000633": 2335,
                "progres": {
                    "total": 33,
                    "persen": 100.0,
                    "progres": 33
                },
                "status_progress": true
            }
        }
    },
    "psu": "Reguler",
    "progres": {
        "total": 3055,
        "progres": 3055
    },
    "ts": "2024-11-28 02:00:00"
}