{
    "mode": "hhcw",
    "tungsura": {
        "chart": {
            "1000646": 327285,
            "1000647": 428603,
            "progres": {
                "total": 2011,
                "persen": 99.01,
                "progres": 1991
            }
        },
        "table": {
            "330801": {
                "psu": "Reguler",
                "1000646": 18026,
                "1000647": 23693,
                "progres": {
                    "total": 110,
                    "persen": 100.0,
                    "progres": 110
                },
                "status_progress": true
            },
            "330802": {
                "psu": "Reguler",
                "1000646": 17771,
                "1000647": 17209,
                "progres": {
                    "total": 101,
                    "persen": 97.03,
                    "progres": 98
                },
                "status_progress": true
            },
            "330803": {
                "psu": "Reguler",
                "1000646": 8863,
                "1000647": 10949,
                "progres": {
                    "total": 49,
                    "persen": 100.0,
                    "progres": 49
                },
                "status_progress": true
            },
            "330804": {
                "psu": "Reguler",
                "1000646": 13353,
                "1000647": 14955,
                "progres": {
                    "total": 74,
                    "persen": 100.0,
                    "progres": 74
                },
                "status_progress": true
            },
            "330805": {
                "psu": "Reguler",
                "1000646": 12863,
                "1000647": 17365,
                "progres": {
                    "total": 75,
                    "persen": 100.0,
                    "progres": 75
                },
                "status_progress": true
            },
            "330806": {
                "psu": "Reguler",
                "1000646": 15010,
                "1000647": 13670,
                "progres": {
                    "total": 73,
                    "persen": 100.0,
                    "progres": 73
                },
                "status_progress": true
            },
            "330807": {
                "psu": "Reguler",
                "1000646": 13543,
                "1000647": 21833,
                "progres": {
                    "total": 90,
                    "persen": 98.89,
                    "progres": 89
                },
                "status_progress": true
            },
            "330808": {
                "psu": "Reguler",
                "1000646": 25512,
                "1000647": 19212,
                "progres": {
                    "total": 114,
                    "persen": 97.37,
                    "progres": 111
                },
                "status_progress": true
            },
            "330809": {
                "psu": "Reguler",
                "1000646": 22458,
                "1000647": 18913,
                "progres": {
                    "total": 109,
                    "persen": 98.17,
                    "progres": 107
                },
                "status_progress": true
            },
            "330810": {
                "psu": "Reguler",
                "1000646": 28764,
                "1000647": 29241,
                "progres": {
                    "total": 160,
                    "persen": 98.75,
                    "progres": 158
                },
                "status_progress": true
            },
            "330811": {
                "psu": "Reguler",
                "1000646": 16546,
                "1000647": 12672,
                "progres": {
                    "total": 85,
                    "persen": 100.0,
                    "progres": 85
                },
                "status_progress": true
            },
            "330812": {
                "psu": "Reguler",
                "1000646": 14101,
                "1000647": 17937,
                "progres": {
                    "total": 106,
                    "persen": 94.34,
                    "progres": 100
                },
                "status_progress": true
            },
            "330813": {
                "psu": "Reguler",
                "1000646": 15149,
                "1000647": 19811,
                "progres": {
                    "total": 100,
                    "persen": 100.0,
                    "progres": 100
                },
                "status_progress": true
            },
            "330814": {
                "psu": "Reguler",
                "1000646": 18015,
                "1000647": 16533,
                "progres": {
                    "total": 94,
                    "persen": 100.0,
                    "progres": 94
                },
                "status_progress": true
            },
            "330815": {
                "psu": "Reguler",
                "1000646": 12150,
                "1000647": 17818,
                "progres": {
                    "total": 80,
                    "persen": 98.75,
                    "progres": 79
                },
                "status_progress": true
            },
            "330816": {
                "psu": "Reguler",
                "1000646": 12382,
                "1000647": 23206,
                "progres": {
                    "total": 90,
                    "persen": 100.0,
                    "progres": 90
                },
                "status_progress": true
            },
            "330817": {
                "psu": "Reguler",
                "1000646": 8245,
                "1000647": 18684,
                "progres": {
                    "total": 64,
                    "persen": 98.44,
                    "progres": 63
                },
                "status_progress": true
            },
            "330818": {
                "psu": "Reguler",
                "1000646": 19899,
                "1000647": 36628,
                "progres": {
                    "total": 146,
                    "persen": 100.0,
                    "progres": 146
                },
                "status_progress": true
            },
            "330819": {
                "psu": "Reguler",
                "1000646": 11924,
                "1000647": 21363,
                "progres": {
                    "total": 92,
                    "persen": 98.91,
                    "progres": 91
                },
                "status_progress": true
            },
            "330820": {
                "psu": "Reguler",
                "1000646": 10348,
                "1000647": 38015,
                "progres": {
                    "total": 123,
                    "persen": 100.0,
                    "progres": 123
                },
                "status_progress": true
            },
            "330821": {
                "psu": "Reguler",
                "1000646": 12363,
                "1000647": 18896,
                "progres": {
                    "total": 76,
                    "persen": 100.0,
                    "progres": 76
                },
                "status_progress": true
            }
        }
    },
    "psu": "Reguler",
    "progres": {
        "total": 2011,
        "progres": 1991
    },
    "ts": "2024-11-28 08:15:00"
}