{
    "mode": "hhcw",
    "tungsura": {
        "chart": {
            "1000665": 208235,
            "1000666": 221821,
            "progres": {
                "total": 1053,
                "persen": 99.53,
                "progres": 1048
            }
        },
        "table": {
            "331701": {
                "psu": "Reguler",
                "1000665": 11888,
                "1000666": 13593,
                "progres": {
                    "total": 61,
                    "persen": 96.72,
                    "progres": 59
                },
                "status_progress": true
            },
            "331702": {
                "psu": "Reguler",
                "1000665": 8788,
                "1000666": 10585,
                "progres": {
                    "total": 51,
                    "persen": 100.0,
                    "progres": 51
                },
                "status_progress": true
            },
            "331703": {
                "psu": "Reguler",
                "1000665": 9043,
                "1000666": 8548,
                "progres": {
                    "total": 44,
                    "persen": 100.0,
                    "progres": 44
                },
                "status_progress": true
            },
            "331704": {
                "psu": "Reguler",
                "1000665": 12602,
                "1000666": 13089,
                "progres": {
                    "total": 64,
                    "persen": 100.0,
                    "progres": 64
                },
                "status_progress": true
            },
            "331705": {
                "psu": "Reguler",
                "1000665": 21429,
                "1000666": 17882,
                "progres": {
                    "total": 89,
                    "persen": 97.75,
                    "progres": 87
                },
                "status_progress": true
            },
            "331706": {
                "psu": "Reguler",
                "1000665": 18007,
                "1000666": 18933,
                "progres": {
                    "total": 94,
                    "persen": 100.0,
                    "progres": 94
                },
                "status_progress": true
            },
            "331707": {
                "psu": "Reguler",
                "1000665": 15456,
                "1000666": 18302,
                "progres": {
                    "total": 81,
                    "persen": 100.0,
                    "progres": 81
                },
                "status_progress": true
            },
            "331708": {
                "psu": "Reguler",
                "1000665": 12671,
                "1000666": 15069,
                "progres": {
                    "total": 62,
                    "persen": 100.0,
                    "progres": 62
                },
                "status_progress": true
            },
            "331709": {
                "psu": "Reguler",
                "1000665": 14958,
                "1000666": 15166,
                "progres": {
                    "total": 70,
                    "persen": 100.0,
                    "progres": 70
                },
                "status_progress": true
            },
            "331710": {
                "psu": "Reguler",
                "1000665": 25622,
                "1000666": 33390,
                "progres": {
                    "total": 142,
                    "persen": 99.3,
                    "progres": 141
                },
                "status_progress": true
            },
            "331711": {
                "psu": "Reguler",
                "1000665": 8822,
                "1000666": 11826,
                "progres": {
                    "total": 56,
                    "persen": 100.0,
                    "progres": 56
                },
                "status_progress": true
            },
            "331712": {
                "psu": "Reguler",
                "1000665": 24177,
                "1000666": 19538,
                "progres": {
                    "total": 99,
                    "persen": 100.0,
                    "progres": 99
                },
                "status_progress": true
            },
            "331713": {
                "psu": "Reguler",
                "1000665": 8721,
                "1000666": 10480,
                "progres": {
                    "total": 55,
                    "persen": 100.0,
                    "progres": 55
                },
                "status_progress": true
            },
            "331714": {
                "psu": "Reguler",
                "1000665": 16051,
                "1000666": 15420,
                "progres": {
                    "total": 85,
                    "persen": 100.0,
                    "progres": 85
                },
                "status_progress": true
            }
        }
    },
    "psu": "Reguler",
    "progres": {
        "total": 1053,
        "progres": 1048
    },
    "ts": "2024-11-28 09:00:00"
}