{
    "mode": "hhcw",
    "tungsura": {
        "chart": {
            "1000667": 419684,
            "1000668": 335318,
            "1000669": 28946,
            "progres": {
                "total": 2015,
                "persen": 100.0,
                "progres": 2015
            }
        },
        "table": {
            "331801": {
                "psu": "Reguler",
                "1000667": 32367,
                "1000668": 19059,
                "1000669": 574,
                "progres": {
                    "total": 142,
                    "persen": 100.0,
                    "progres": 142
                },
                "status_progress": true
            },
            "331802": {
                "psu": "Reguler",
                "1000667": 31421,
                "1000668": 13368,
                "1000669": 542,
                "progres": {
                    "total": 116,
                    "persen": 100.0,
                    "progres": 116
                },
                "status_progress": true
            },
            "331803": {
                "psu": "Reguler",
                "1000667": 19783,
                "1000668": 9495,
                "1000669": 525,
                "progres": {
                    "total": 87,
                    "persen": 100.0,
                    "progres": 87
                },
                "status_progress": true
            },
            "331804": {
                "psu": "Reguler",
                "1000667": 20530,
                "1000668": 15117,
                "1000669": 673,
                "progres": {
                    "total": 103,
                    "persen": 100.0,
                    "progres": 103
                },
                "status_progress": true
            },
            "331805": {
                "psu": "Reguler",
                "1000667": 15664,
                "1000668": 13842,
                "1000669": 575,
                "progres": {
                    "total": 88,
                    "persen": 100.0,
                    "progres": 88
                },
                "status_progress": true
            },
            "331806": {
                "psu": "Reguler",
                "1000667": 13158,
                "1000668": 15644,
                "1000669": 747,
                "progres": {
                    "total": 71,
                    "persen": 100.0,
                    "progres": 71
                },
                "status_progress": true
            },
            "331807": {
                "psu": "Reguler",
                "1000667": 15185,
                "1000668": 12381,
                "1000669": 1320,
                "progres": {
                    "total": 67,
                    "persen": 100.0,
                    "progres": 67
                },
                "status_progress": true
            },
            "331808": {
                "psu": "Reguler",
                "1000667": 25867,
                "1000668": 33987,
                "1000669": 1404,
                "progres": {
                    "total": 139,
                    "persen": 100.0,
                    "progres": 139
                },
                "status_progress": true
            },
            "331809": {
                "psu": "Reguler",
                "1000667": 16212,
                "1000668": 11765,
                "1000669": 1111,
                "progres": {
                    "total": 77,
                    "persen": 100.0,
                    "progres": 77
                },
                "status_progress": true
            },
            "331810": {
                "psu": "Reguler",
                "1000667": 30115,
                "1000668": 30431,
                "1000669": 3056,
                "progres": {
                    "total": 162,
                    "persen": 100.0,
                    "progres": 162
                },
                "status_progress": true
            },
            "331811": {
                "psu": "Reguler",
                "1000667": 21076,
                "1000668": 13587,
                "1000669": 992,
                "progres": {
                    "total": 95,
                    "persen": 100.0,
                    "progres": 95
                },
                "status_progress": true
            },
            "331812": {
                "psu": "Reguler",
                "1000667": 20798,
                "1000668": 15563,
                "1000669": 1376,
                "progres": {
                    "total": 97,
                    "persen": 100.0,
                    "progres": 97
                },
                "status_progress": true
            },
            "331813": {
                "psu": "Reguler",
                "1000667": 15582,
                "1000668": 12823,
                "1000669": 767,
                "progres": {
                    "total": 75,
                    "persen": 100.0,
                    "progres": 75
                },
                "status_progress": true
            },
            "331814": {
                "psu": "Reguler",
                "1000667": 14905,
                "1000668": 17150,
                "1000669": 1363,
                "progres": {
                    "total": 80,
                    "persen": 100.0,
                    "progres": 80
                },
                "status_progress": true
            },
            "331815": {
                "psu": "Reguler",
                "1000667": 18478,
                "1000668": 17433,
                "1000669": 2046,
                "progres": {
                    "total": 92,
                    "persen": 100.0,
                    "progres": 92
                },
                "status_progress": true
            },
            "331816": {
                "psu": "Reguler",
                "1000667": 23791,
                "1000668": 15350,
                "1000669": 3109,
                "progres": {
                    "total": 111,
                    "persen": 100.0,
                    "progres": 111
                },
                "status_progress": true
            },
            "331817": {
                "psu": "Reguler",
                "1000667": 13474,
                "1000668": 7701,
                "1000669": 902,
                "progres": {
                    "total": 61,
                    "persen": 100.0,
                    "progres": 61
                },
                "status_progress": true
            },
            "331818": {
                "psu": "Reguler",
                "1000667": 13484,
                "1000668": 12922,
                "1000669": 785,
                "progres": {
                    "total": 68,
                    "persen": 100.0,
                    "progres": 68
                },
                "status_progress": true
            },
            "331819": {
                "psu": "Reguler",
                "1000667": 22054,
                "1000668": 16189,
                "1000669": 1652,
                "progres": {
                    "total": 104,
                    "persen": 100.0,
                    "progres": 104
                },
                "status_progress": true
            },
            "331820": {
                "psu": "Reguler",
                "1000667": 17934,
                "1000668": 16639,
                "1000669": 1063,
                "progres": {
                    "total": 87,
                    "persen": 100.0,
                    "progres": 87
                },
                "status_progress": true
            },
            "331821": {
                "psu": "Reguler",
                "1000667": 17806,
                "1000668": 14872,
                "1000669": 4364,
                "progres": {
                    "total": 93,
                    "persen": 100.0,
                    "progres": 93
                },
                "status_progress": true
            }
        }
    },
    "psu": "Reguler",
    "progres": {
        "total": 2015,
        "progres": 2015
    },
    "ts": "2024-11-28 01:00:00"
}