{
    "mode": "hhcw",
    "tungsura": {
        "chart": {
            "1000691": 255405,
            "1000692": 539628,
            "progres": {
                "total": 2349,
                "persen": 99.57,
                "progres": 2339
            }
        },
        "table": {
            "332801": {
                "psu": "Reguler",
                "1000691": 14186,
                "1000692": 39526,
                "progres": {
                    "total": 164,
                    "persen": 100.0,
                    "progres": 164
                },
                "status_progress": true
            },
            "332802": {
                "psu": "Reguler",
                "1000691": 13056,
                "1000692": 33287,
                "progres": {
                    "total": 166,
                    "persen": 100.0,
                    "progres": 166
                },
                "status_progress": true
            },
            "332803": {
                "psu": "Reguler",
                "1000691": 9643,
                "1000692": 25446,
                "progres": {
                    "total": 118,
                    "persen": 100.0,
                    "progres": 118
                },
                "status_progress": true
            },
            "332804": {
                "psu": "Reguler",
                "1000691": 12912,
                "1000692": 30752,
                "progres": {
                    "total": 145,
                    "persen": 100.0,
                    "progres": 145
                },
                "status_progress": true
            },
            "332805": {
                "psu": "Reguler",
                "1000691": 6161,
                "1000692": 23375,
                "progres": {
                    "total": 89,
                    "persen": 100.0,
                    "progres": 89
                },
                "status_progress": true
            },
            "332806": {
                "psu": "Reguler",
                "1000691": 14451,
                "1000692": 32028,
                "progres": {
                    "total": 141,
                    "persen": 98.58,
                    "progres": 139
                },
                "status_progress": true
            },
            "332807": {
                "psu": "Reguler",
                "1000691": 9064,
                "1000692": 19428,
                "progres": {
                    "total": 103,
                    "persen": 100.0,
                    "progres": 103
                },
                "status_progress": true
            },
            "332808": {
                "psu": "Reguler",
                "1000691": 6277,
                "1000692": 17014,
                "progres": {
                    "total": 67,
                    "persen": 100.0,
                    "progres": 67
                },
                "status_progress": true
            },
            "332809": {
                "psu": "Reguler",
                "1000691": 20620,
                "1000692": 38744,
                "progres": {
                    "total": 162,
                    "persen": 96.3,
                    "progres": 156
                },
                "status_progress": true
            },
            "332810": {
                "psu": "Reguler",
                "1000691": 20989,
                "1000692": 21623,
                "progres": {
                    "total": 107,
                    "persen": 100.0,
                    "progres": 107
                },
                "status_progress": true
            },
            "332811": {
                "psu": "Reguler",
                "1000691": 28784,
                "1000692": 40734,
                "progres": {
                    "total": 187,
                    "persen": 100.0,
                    "progres": 187
                },
                "status_progress": true
            },
            "332812": {
                "psu": "Reguler",
                "1000691": 18372,
                "1000692": 37131,
                "progres": {
                    "total": 147,
                    "persen": 100.0,
                    "progres": 147
                },
                "status_progress": true
            },
            "332813": {
                "psu": "Reguler",
                "1000691": 15792,
                "1000692": 30179,
                "progres": {
                    "total": 138,
                    "persen": 100.0,
                    "progres": 138
                },
                "status_progress": true
            },
            "332814": {
                "psu": "Reguler",
                "1000691": 16616,
                "1000692": 28077,
                "progres": {
                    "total": 127,
                    "persen": 98.43,
                    "progres": 125
                },
                "status_progress": true
            },
            "332815": {
                "psu": "Reguler",
                "1000691": 17929,
                "1000692": 40252,
                "progres": {
                    "total": 159,
                    "persen": 100.0,
                    "progres": 159
                },
                "status_progress": true
            },
            "332816": {
                "psu": "Reguler",
                "1000691": 10381,
                "1000692": 34400,
                "progres": {
                    "total": 130,
                    "persen": 100.0,
                    "progres": 130
                },
                "status_progress": true
            },
            "332817": {
                "psu": "Reguler",
                "1000691": 7562,
                "1000692": 25142,
                "progres": {
                    "total": 101,
                    "persen": 100.0,
                    "progres": 101
                },
                "status_progress": true
            },
            "332818": {
                "psu": "Reguler",
                "1000691": 12610,
                "1000692": 22490,
                "progres": {
                    "total": 98,
                    "persen": 100.0,
                    "progres": 98
                },
                "status_progress": true
            }
        }
    },
    "psu": "Reguler",
    "progres": {
        "total": 2349,
        "progres": 2339
    },
    "ts": "2024-11-28 08:15:00"
}