{
    "mode": "hhcw",
    "tungsura": {
        "chart": {
            "1000704": 66219,
            "1000705": 99949,
            "progres": {
                "total": 430,
                "persen": 100.0,
                "progres": 430
            }
        },
        "table": {
            "337501": {
                "psu": "Reguler",
                "1000704": 20158,
                "1000705": 31232,
                "progres": {
                    "total": 133,
                    "persen": 100.0,
                    "progres": 133
                },
                "status_progress": true
            },
            "337502": {
                "psu": "Reguler",
                "1000704": 14388,
                "1000705": 22775,
                "progres": {
                    "total": 96,
                    "persen": 100.0,
                    "progres": 96
                },
                "status_progress": true
            },
            "337503": {
                "psu": "Reguler",
                "1000704": 14198,
                "1000705": 27520,
                "progres": {
                    "total": 114,
                    "persen": 100.0,
                    "progres": 114
                },
                "status_progress": true
            },
            "337504": {
                "psu": "Reguler",
                "1000704": 17475,
                "1000705": 18422,
                "progres": {
                    "total": 87,
                    "persen": 100.0,
                    "progres": 87
                },
                "status_progress": true
            }
        }
    },
    "psu": "Reguler",
    "progres": {
        "total": 430,
        "progres": 430
    },
    "ts": "2024-11-28 07:00:00"
}