{
    "mode": "hhcw",
    "tungsura": {
        "chart": {
            "1000185": 73609,
            "1000186": 86530,
            "progres": {
                "total": 620,
                "persen": 99.35,
                "progres": 616
            }
        },
        "table": {
            "120101": {
                "psu": "Reguler",
                "1000185": 8209,
                "1000186": 1721,
                "progres": {
                    "total": 37,
                    "persen": 100.0,
                    "progres": 37
                },
                "status_progress": true
            },
            "120102": {
                "psu": "Reguler",
                "1000185": 3436,
                "1000186": 4505,
                "progres": {
                    "total": 30,
                    "persen": 100.0,
                    "progres": 30
                },
                "status_progress": true
            },
            "120103": {
                "psu": "Reguler",
                "1000185": 8844,
                "1000186": 15019,
                "progres": {
                    "total": 84,
                    "persen": 100.0,
                    "progres": 84
                },
                "status_progress": true
            },
            "120104": {
                "psu": "Reguler",
                "1000185": 4799,
                "1000186": 5810,
                "progres": {
                    "total": 39,
                    "persen": 100.0,
                    "progres": 39
                },
                "status_progress": true
            },
            "120105": {
                "psu": "Reguler",
                "1000185": 4265,
                "1000186": 4818,
                "progres": {
                    "total": 40,
                    "persen": 97.5,
                    "progres": 39
                },
                "status_progress": true
            },
            "120106": {
                "psu": "Reguler",
                "1000185": 3673,
                "1000186": 5446,
                "progres": {
                    "total": 34,
                    "persen": 100.0,
                    "progres": 34
                },
                "status_progress": true
            },
            "120107": {
                "psu": "Reguler",
                "1000185": 3548,
                "1000186": 5832,
                "progres": {
                    "total": 32,
                    "persen": 100.0,
                    "progres": 32
                },
                "status_progress": true
            },
            "120108": {
                "psu": "Reguler",
                "1000185": 5986,
                "1000186": 2672,
                "progres": {
                    "total": 32,
                    "persen": 100.0,
                    "progres": 32
                },
                "status_progress": true
            },
            "120109": {
                "psu": "Reguler",
                "1000185": 2470,
                "1000186": 3973,
                "progres": {
                    "total": 27,
                    "persen": 100.0,
                    "progres": 27
                },
                "status_progress": true
            },
            "120110": {
                "psu": "Reguler",
                "1000185": 3398,
                "1000186": 4430,
                "progres": {
                    "total": 29,
                    "persen": 100.0,
                    "progres": 29
                },
                "status_progress": true
            },
            "120111": {
                "psu": "Reguler",
                "1000185": 3386,
                "1000186": 4044,
                "progres": {
                    "total": 29,
                    "persen": 96.55,
                    "progres": 28
                },
                "status_progress": true
            },
            "120112": {
                "psu": "Reguler",
                "1000185": 2719,
                "1000186": 4276,
                "progres": {
                    "total": 32,
                    "persen": 96.88,
                    "progres": 31
                },
                "status_progress": true
            },
            "120113": {
                "psu": "Reguler",
                "1000185": 990,
                "1000186": 1576,
                "progres": {
                    "total": 13,
                    "persen": 100.0,
                    "progres": 13
                },
                "status_progress": true
            },
            "120114": {
                "psu": "Reguler",
                "1000185": 2805,
                "1000186": 4002,
                "progres": {
                    "total": 28,
                    "persen": 100.0,
                    "progres": 28
                },
                "status_progress": true
            },
            "120115": {
                "psu": "Reguler",
                "1000185": 5474,
                "1000186": 6159,
                "progres": {
                    "total": 44,
                    "persen": 97.73,
                    "progres": 43
                },
                "status_progress": true
            },
            "120116": {
                "psu": "Reguler",
                "1000185": 1072,
                "1000186": 2473,
                "progres": {
                    "total": 16,
                    "persen": 100.0,
                    "progres": 16
                },
                "status_progress": true
            },
            "120117": {
                "psu": "Reguler",
                "1000185": 815,
                "1000186": 1422,
                "progres": {
                    "total": 9,
                    "persen": 100.0,
                    "progres": 9
                },
                "status_progress": true
            },
            "120118": {
                "psu": "Reguler",
                "1000185": 903,
                "1000186": 998,
                "progres": {
                    "total": 9,
                    "persen": 100.0,
                    "progres": 9
                },
                "status_progress": true
            },
            "120119": {
                "psu": "Reguler",
                "1000185": 3376,
                "1000186": 2023,
                "progres": {
                    "total": 28,
                    "persen": 100.0,
                    "progres": 28
                },
                "status_progress": true
            },
            "120120": {
                "psu": "Reguler",
                "1000185": 3441,
                "1000186": 5331,
                "progres": {
                    "total": 28,
                    "persen": 100.0,
                    "progres": 28
                },
                "status_progress": true
            }
        }
    },
    "psu": "Reguler",
    "progres": {
        "total": 620,
        "progres": 616
    },
    "ts": "2024-11-28 00:45:00"
}