{
    "mode": "hhcw",
    "tungsura": {
        "chart": {
            "1000191": 43177,
            "1000192": 10955,
            "progres": {
                "total": 338,
                "persen": 92.6,
                "progres": 313
            }
        },
        "table": {
            "120405": {
                "psu": "Reguler",
                "1000191": 3265,
                "1000192": 576,
                "progres": {
                    "total": 26,
                    "persen": 96.15,
                    "progres": 25
                },
                "status_progress": true
            },
            "120406": {
                "psu": "Reguler",
                "1000191": 7041,
                "1000192": 2649,
                "progres": {
                    "total": 55,
                    "persen": 100.0,
                    "progres": 55
                },
                "status_progress": true
            },
            "120410": {
                "psu": "Reguler",
                "1000191": 7793,
                "1000192": 2952,
                "progres": {
                    "total": 48,
                    "persen": 100.0,
                    "progres": 48
                },
                "status_progress": true
            },
            "120411": {
                "psu": "Reguler",
                "1000191": 5845,
                "1000192": 1862,
                "progres": {
                    "total": 45,
                    "persen": 86.67,
                    "progres": 39
                },
                "status_progress": true
            },
            "120420": {
                "psu": "Reguler",
                "1000191": 3526,
                "1000192": 953,
                "progres": {
                    "total": 28,
                    "persen": 92.86,
                    "progres": 26
                },
                "status_progress": true
            },
            "120421": {
                "psu": "Reguler",
                "1000191": 3625,
                "1000192": 254,
                "progres": {
                    "total": 29,
                    "persen": 96.55,
                    "progres": 28
                },
                "status_progress": true
            },
            "120427": {
                "psu": "Reguler",
                "1000191": 1978,
                "1000192": 757,
                "progres": {
                    "total": 36,
                    "persen": 63.89,
                    "progres": 23
                },
                "status_progress": true
            },
            "120428": {
                "psu": "Reguler",
                "1000191": 3971,
                "1000192": 350,
                "progres": {
                    "total": 28,
                    "persen": 100.0,
                    "progres": 28
                },
                "status_progress": true
            },
            "120429": {
                "psu": "Reguler",
                "1000191": 2727,
                "1000192": 115,
                "progres": {
                    "total": 18,
                    "persen": 100.0,
                    "progres": 18
                },
                "status_progress": true
            },
            "120435": {
                "psu": "Reguler",
                "1000191": 3406,
                "1000192": 487,
                "progres": {
                    "total": 25,
                    "persen": 92.0,
                    "progres": 23
                },
                "status_progress": true
            }
        }
    },
    "psu": "Reguler",
    "progres": {
        "total": 338,
        "progres": 313
    },
    "ts": "2024-11-28 08:15:00"
}