{
    "mode": "hhcw",
    "tungsura": {
        "chart": {
            "1000198": 71470,
            "1000199": 205932,
            "1000200": 124624,
            "progres": {
                "total": 2780,
                "persen": 94.24,
                "progres": 2620
            }
        },
        "table": {
            "120701": {
                "psu": "Reguler",
                "1000198": 93,
                "1000199": 865,
                "1000200": 146,
                "progres": {
                    "total": 12,
                    "persen": 75.0,
                    "progres": 9
                },
                "status_progress": true
            },
            "120702": {
                "psu": "Reguler",
                "1000198": 5355,
                "1000199": 28369,
                "1000200": 18542,
                "progres": {
                    "total": 301,
                    "persen": 95.02,
                    "progres": 286
                },
                "status_progress": true
            },
            "120703": {
                "psu": "Reguler",
                "1000198": 1438,
                "1000199": 4209,
                "1000200": 486,
                "progres": {
                    "total": 63,
                    "persen": 82.54,
                    "progres": 52
                },
                "status_progress": true
            },
            "120704": {
                "psu": "Reguler",
                "1000198": 1689,
                "1000199": 3971,
                "1000200": 3726,
                "progres": {
                    "total": 67,
                    "persen": 95.52,
                    "progres": 64
                },
                "status_progress": true
            },
            "120705": {
                "psu": "Reguler",
                "1000198": 4884,
                "1000199": 13892,
                "1000200": 3723,
                "progres": {
                    "total": 136,
                    "persen": 100.0,
                    "progres": 136
                },
                "status_progress": true
            },
            "120706": {
                "psu": "Reguler",
                "1000198": 2349,
                "1000199": 5041,
                "1000200": 1753,
                "progres": {
                    "total": 71,
                    "persen": 92.96,
                    "progres": 66
                },
                "status_progress": true
            },
            "120707": {
                "psu": "Reguler",
                "1000198": 2357,
                "1000199": 4082,
                "1000200": 2167,
                "progres": {
                    "total": 53,
                    "persen": 98.11,
                    "progres": 52
                },
                "status_progress": true
            },
            "120708": {
                "psu": "Reguler",
                "1000198": 1276,
                "1000199": 4461,
                "1000200": 1954,
                "progres": {
                    "total": 60,
                    "persen": 88.33,
                    "progres": 53
                },
                "status_progress": true
            },
            "120709": {
                "psu": "Reguler",
                "1000198": 799,
                "1000199": 4977,
                "1000200": 3249,
                "progres": {
                    "total": 50,
                    "persen": 100.0,
                    "progres": 50
                },
                "status_progress": true
            },
            "120719": {
                "psu": "Reguler",
                "1000198": 3189,
                "1000199": 8104,
                "1000200": 6658,
                "progres": {
                    "total": 103,
                    "persen": 100.0,
                    "progres": 103
                },
                "status_progress": true
            },
            "120720": {
                "psu": "Reguler",
                "1000198": 732,
                "1000199": 2202,
                "1000200": 1518,
                "progres": {
                    "total": 31,
                    "persen": 96.77,
                    "progres": 30
                },
                "status_progress": true
            },
            "120721": {
                "psu": "Reguler",
                "1000198": 4178,
                "1000199": 8250,
                "1000200": 3388,
                "progres": {
                    "total": 134,
                    "persen": 100.0,
                    "progres": 134
                },
                "status_progress": true
            },
            "120722": {
                "psu": "Reguler",
                "1000198": 3211,
                "1000199": 4351,
                "1000200": 3313,
                "progres": {
                    "total": 83,
                    "persen": 93.98,
                    "progres": 78
                },
                "status_progress": true
            },
            "120723": {
                "psu": "Reguler",
                "1000198": 7636,
                "1000199": 16077,
                "1000200": 11370,
                "progres": {
                    "total": 326,
                    "persen": 83.44,
                    "progres": 272
                },
                "status_progress": true
            },
            "120724": {
                "psu": "Reguler",
                "1000198": 6873,
                "1000199": 19302,
                "1000200": 7956,
                "progres": {
                    "total": 224,
                    "persen": 97.32,
                    "progres": 218
                },
                "status_progress": true
            },
            "120725": {
                "psu": "Reguler",
                "1000198": 4313,
                "1000199": 4972,
                "1000200": 3448,
                "progres": {
                    "total": 95,
                    "persen": 97.89,
                    "progres": 93
                },
                "status_progress": true
            },
            "120726": {
                "psu": "Reguler",
                "1000198": 13087,
                "1000199": 42936,
                "1000200": 18943,
                "progres": {
                    "total": 532,
                    "persen": 95.11,
                    "progres": 506
                },
                "status_progress": true
            },
            "120727": {
                "psu": "Reguler",
                "1000198": 1787,
                "1000199": 5096,
                "1000200": 5869,
                "progres": {
                    "total": 90,
                    "persen": 92.22,
                    "progres": 83
                },
                "status_progress": true
            },
            "120728": {
                "psu": "Reguler",
                "1000198": 2168,
                "1000199": 8549,
                "1000200": 12011,
                "progres": {
                    "total": 121,
                    "persen": 95.04,
                    "progres": 115
                },
                "status_progress": true
            },
            "120731": {
                "psu": "Reguler",
                "1000198": 1199,
                "1000199": 5810,
                "1000200": 5964,
                "progres": {
                    "total": 60,
                    "persen": 100.0,
                    "progres": 60
                },
                "status_progress": true
            },
            "120732": {
                "psu": "Reguler",
                "1000198": 1381,
                "1000199": 4357,
                "1000200": 3569,
                "progres": {
                    "total": 78,
                    "persen": 97.44,
                    "progres": 76
                },
                "status_progress": true
            },
            "120733": {
                "psu": "Reguler",
                "1000198": 1476,
                "1000199": 6059,
                "1000200": 4871,
                "progres": {
                    "total": 90,
                    "persen": 93.33,
                    "progres": 84
                },
                "status_progress": true
            }
        }
    },
    "psu": "Reguler",
    "progres": {
        "total": 2780,
        "progres": 2620
    },
    "ts": "2024-11-28 09:00:00"
}