{
    "mode": "hhcw",
    "tungsura": {
        "chart": {
            "1000208": 29072,
            "1000209": 36382,
            "1000210": 40195,
            "1000211": 3091,
            "1000212": 47070,
            "progres": {
                "total": 538,
                "persen": 97.77,
                "progres": 526
            }
        },
        "table": {
            "121101": {
                "psu": "Reguler",
                "1000208": 6980,
                "1000209": 5273,
                "1000210": 6361,
                "1000211": 501,
                "1000212": 8427,
                "progres": {
                    "total": 78,
                    "persen": 98.72,
                    "progres": 77
                },
                "status_progress": true
            },
            "121102": {
                "psu": "Reguler",
                "1000208": 4730,
                "1000209": 6224,
                "1000210": 4647,
                "1000211": 126,
                "1000212": 6658,
                "progres": {
                    "total": 68,
                    "persen": 98.53,
                    "progres": 67
                },
                "status_progress": true
            },
            "121103": {
                "psu": "Reguler",
                "1000208": 842,
                "1000209": 2315,
                "1000210": 3088,
                "1000211": 476,
                "1000212": 4031,
                "progres": {
                    "total": 50,
                    "persen": 86.0,
                    "progres": 43
                },
                "status_progress": true
            },
            "121104": {
                "psu": "Reguler",
                "1000208": 2351,
                "1000209": 1512,
                "1000210": 2473,
                "1000211": 89,
                "1000212": 2507,
                "progres": {
                    "total": 36,
                    "persen": 97.22,
                    "progres": 35
                },
                "status_progress": true
            },
            "121105": {
                "psu": "Reguler",
                "1000208": 2382,
                "1000209": 920,
                "1000210": 2126,
                "1000211": 55,
                "1000212": 2314,
                "progres": {
                    "total": 28,
                    "persen": 100.0,
                    "progres": 28
                },
                "status_progress": true
            },
            "121106": {
                "psu": "Reguler",
                "1000208": 1364,
                "1000209": 4027,
                "1000210": 2929,
                "1000211": 254,
                "1000212": 3314,
                "progres": {
                    "total": 49,
                    "persen": 100.0,
                    "progres": 49
                },
                "status_progress": true
            },
            "121107": {
                "psu": "Reguler",
                "1000208": 1276,
                "1000209": 1610,
                "1000210": 3115,
                "1000211": 294,
                "1000212": 4898,
                "progres": {
                    "total": 38,
                    "persen": 100.0,
                    "progres": 38
                },
                "status_progress": true
            },
            "121108": {
                "psu": "Reguler",
                "1000208": 764,
                "1000209": 1624,
                "1000210": 1547,
                "1000211": 54,
                "1000212": 1207,
                "progres": {
                    "total": 25,
                    "persen": 96.0,
                    "progres": 24
                },
                "status_progress": true
            },
            "121109": {
                "psu": "Reguler",
                "1000208": 1736,
                "1000209": 2460,
                "1000210": 1981,
                "1000211": 246,
                "1000212": 2583,
                "progres": {
                    "total": 30,
                    "persen": 100.0,
                    "progres": 30
                },
                "status_progress": true
            },
            "121110": {
                "psu": "Reguler",
                "1000208": 2748,
                "1000209": 4089,
                "1000210": 2763,
                "1000211": 416,
                "1000212": 2768,
                "progres": {
                    "total": 39,
                    "persen": 100.0,
                    "progres": 39
                },
                "status_progress": true
            },
            "121111": {
                "psu": "Reguler",
                "1000208": 921,
                "1000209": 775,
                "1000210": 3625,
                "1000211": 104,
                "1000212": 1765,
                "progres": {
                    "total": 26,
                    "persen": 96.15,
                    "progres": 25
                },
                "status_progress": true
            },
            "121112": {
                "psu": "Reguler",
                "1000208": 309,
                "1000209": 2034,
                "1000210": 1490,
                "1000211": 97,
                "1000212": 1729,
                "progres": {
                    "total": 22,
                    "persen": 100.0,
                    "progres": 22
                },
                "status_progress": true
            },
            "121113": {
                "psu": "Reguler",
                "1000208": 579,
                "1000209": 878,
                "1000210": 1656,
                "1000211": 38,
                "1000212": 1812,
                "progres": {
                    "total": 15,
                    "persen": 100.0,
                    "progres": 15
                },
                "status_progress": true
            },
            "121114": {
                "psu": "Reguler",
                "1000208": 785,
                "1000209": 693,
                "1000210": 604,
                "1000211": 103,
                "1000212": 897,
                "progres": {
                    "total": 10,
                    "persen": 100.0,
                    "progres": 10
                },
                "status_progress": true
            },
            "121115": {
                "psu": "Reguler",
                "1000208": 1305,
                "1000209": 1948,
                "1000210": 1790,
                "1000211": 238,
                "1000212": 2160,
                "progres": {
                    "total": 24,
                    "persen": 100.0,
                    "progres": 24
                },
                "status_progress": true
            }
        }
    },
    "psu": "Reguler",
    "progres": {
        "total": 538,
        "progres": 526
    },
    "ts": "2024-11-28 09:00:00"
}