{
    "mode": "hhcw",
    "tungsura": {
        "chart": {
            "1000213": 38321,
            "1000214": 19466,
            "1000215": 45372,
            "progres": {
                "total": 449,
                "persen": 93.54,
                "progres": 420
            }
        },
        "table": {
            "121201": {
                "psu": "Reguler",
                "1000213": 7009,
                "1000214": 4992,
                "1000215": 9995,
                "progres": {
                    "total": 85,
                    "persen": 94.12,
                    "progres": 80
                },
                "status_progress": true
            },
            "121202": {
                "psu": "Reguler",
                "1000213": 4354,
                "1000214": 2671,
                "1000215": 4357,
                "progres": {
                    "total": 49,
                    "persen": 97.96,
                    "progres": 48
                },
                "status_progress": true
            },
            "121203": {
                "psu": "Reguler",
                "1000213": 2686,
                "1000214": 1256,
                "1000215": 3188,
                "progres": {
                    "total": 38,
                    "persen": 94.74,
                    "progres": 36
                },
                "status_progress": true
            },
            "121204": {
                "psu": "Reguler",
                "1000213": 3262,
                "1000214": 1414,
                "1000215": 3717,
                "progres": {
                    "total": 45,
                    "persen": 84.44,
                    "progres": 38
                },
                "status_progress": true
            },
            "121205": {
                "psu": "Reguler",
                "1000213": 781,
                "1000214": 517,
                "1000215": 911,
                "progres": {
                    "total": 18,
                    "persen": 55.56,
                    "progres": 10
                },
                "status_progress": true
            },
            "121206": {
                "psu": "Reguler",
                "1000213": 1876,
                "1000214": 737,
                "1000215": 1566,
                "progres": {
                    "total": 20,
                    "persen": 90.0,
                    "progres": 18
                },
                "status_progress": true
            },
            "121207": {
                "psu": "Reguler",
                "1000213": 2689,
                "1000214": 828,
                "1000215": 4359,
                "progres": {
                    "total": 28,
                    "persen": 96.43,
                    "progres": 27
                },
                "status_progress": true
            },
            "121208": {
                "psu": "Reguler",
                "1000213": 2320,
                "1000214": 851,
                "1000215": 1917,
                "progres": {
                    "total": 18,
                    "persen": 100.0,
                    "progres": 18
                },
                "status_progress": true
            },
            "121209": {
                "psu": "Reguler",
                "1000213": 2261,
                "1000214": 1029,
                "1000215": 2210,
                "progres": {
                    "total": 23,
                    "persen": 100.0,
                    "progres": 23
                },
                "status_progress": true
            },
            "121210": {
                "psu": "Reguler",
                "1000213": 2073,
                "1000214": 767,
                "1000215": 2134,
                "progres": {
                    "total": 23,
                    "persen": 95.65,
                    "progres": 22
                },
                "status_progress": true
            },
            "121219": {
                "psu": "Reguler",
                "1000213": 1281,
                "1000214": 1029,
                "1000215": 1894,
                "progres": {
                    "total": 15,
                    "persen": 93.33,
                    "progres": 14
                },
                "status_progress": true
            },
            "121220": {
                "psu": "Reguler",
                "1000213": 1229,
                "1000214": 583,
                "1000215": 2079,
                "progres": {
                    "total": 19,
                    "persen": 100.0,
                    "progres": 19
                },
                "status_progress": true
            },
            "121221": {
                "psu": "Reguler",
                "1000213": 1967,
                "1000214": 757,
                "1000215": 1997,
                "progres": {
                    "total": 23,
                    "persen": 100.0,
                    "progres": 23
                },
                "status_progress": true
            },
            "121222": {
                "psu": "Reguler",
                "1000213": 726,
                "1000214": 859,
                "1000215": 1153,
                "progres": {
                    "total": 10,
                    "persen": 100.0,
                    "progres": 10
                },
                "status_progress": true
            },
            "121223": {
                "psu": "Reguler",
                "1000213": 1331,
                "1000214": 243,
                "1000215": 1388,
                "progres": {
                    "total": 15,
                    "persen": 93.33,
                    "progres": 14
                },
                "status_progress": true
            },
            "121224": {
                "psu": "Reguler",
                "1000213": 2476,
                "1000214": 933,
                "1000215": 2507,
                "progres": {
                    "total": 20,
                    "persen": 100.0,
                    "progres": 20
                },
                "status_progress": true
            }
        }
    },
    "psu": "Reguler",
    "progres": {
        "total": 449,
        "progres": 420
    },
    "ts": "2024-11-28 09:00:00"
}