{
    "mode": "hhcw",
    "tungsura": {
        "chart": {
            "1000247": 19913,
            "1000248": 16779,
            "progres": {
                "total": 193,
                "persen": 93.78,
                "progres": 181
            }
        },
        "table": {
            "122501": {
                "psu": "Reguler",
                "1000247": 2992,
                "1000248": 1218,
                "progres": {
                    "total": 18,
                    "persen": 100.0,
                    "progres": 18
                },
                "status_progress": true
            },
            "122502": {
                "psu": "Reguler",
                "1000247": 2896,
                "1000248": 2265,
                "progres": {
                    "total": 36,
                    "persen": 94.44,
                    "progres": 34
                },
                "status_progress": true
            },
            "122503": {
                "psu": "Reguler",
                "1000247": 1841,
                "1000248": 1759,
                "progres": {
                    "total": 20,
                    "persen": 100.0,
                    "progres": 20
                },
                "status_progress": true
            },
            "122504": {
                "psu": "Reguler",
                "1000247": 1346,
                "1000248": 2695,
                "progres": {
                    "total": 20,
                    "persen": 90.0,
                    "progres": 18
                },
                "status_progress": true
            },
            "122505": {
                "psu": "Reguler",
                "1000247": 4701,
                "1000248": 4217,
                "progres": {
                    "total": 43,
                    "persen": 86.05,
                    "progres": 37
                },
                "status_progress": true
            },
            "122506": {
                "psu": "Reguler",
                "1000247": 1608,
                "1000248": 1743,
                "progres": {
                    "total": 21,
                    "persen": 90.48,
                    "progres": 19
                },
                "status_progress": true
            },
            "122507": {
                "psu": "Reguler",
                "1000247": 3157,
                "1000248": 1665,
                "progres": {
                    "total": 21,
                    "persen": 100.0,
                    "progres": 21
                },
                "status_progress": true
            },
            "122508": {
                "psu": "Reguler",
                "1000247": 1372,
                "1000248": 1217,
                "progres": {
                    "total": 14,
                    "persen": 100.0,
                    "progres": 14
                },
                "status_progress": true
            }
        }
    },
    "psu": "Reguler",
    "progres": {
        "total": 193,
        "progres": 181
    },
    "ts": "2024-11-28 09:00:00"
}