{
    "mode": "hhcw",
    "tungsura": {
        "chart": {
            "1000252": 48970,
            "1000253": 17108,
            "1000254": 43480,
            "1000255": 6083,
            "progres": {
                "total": 411,
                "persen": 100.0,
                "progres": 411
            }
        },
        "table": {
            "127201": {
                "psu": "Reguler",
                "1000252": 6781,
                "1000253": 2642,
                "1000254": 5595,
                "1000255": 1090,
                "progres": {
                    "total": 53,
                    "persen": 100.0,
                    "progres": 53
                },
                "status_progress": true
            },
            "127202": {
                "psu": "Reguler",
                "1000252": 5714,
                "1000253": 1622,
                "1000254": 8529,
                "1000255": 779,
                "progres": {
                    "total": 65,
                    "persen": 100.0,
                    "progres": 65
                },
                "status_progress": true
            },
            "127203": {
                "psu": "Reguler",
                "1000252": 8818,
                "1000253": 3438,
                "1000254": 7544,
                "1000255": 1061,
                "progres": {
                    "total": 85,
                    "persen": 100.0,
                    "progres": 85
                },
                "status_progress": true
            },
            "127204": {
                "psu": "Reguler",
                "1000252": 3856,
                "1000253": 1350,
                "1000254": 1966,
                "1000255": 482,
                "progres": {
                    "total": 27,
                    "persen": 100.0,
                    "progres": 27
                },
                "status_progress": true
            },
            "127205": {
                "psu": "Reguler",
                "1000252": 4499,
                "1000253": 1270,
                "1000254": 3275,
                "1000255": 404,
                "progres": {
                    "total": 29,
                    "persen": 100.0,
                    "progres": 29
                },
                "status_progress": true
            },
            "127206": {
                "psu": "Reguler",
                "1000252": 8725,
                "1000253": 3450,
                "1000254": 8542,
                "1000255": 901,
                "progres": {
                    "total": 75,
                    "persen": 100.0,
                    "progres": 75
                },
                "status_progress": true
            },
            "127207": {
                "psu": "Reguler",
                "1000252": 5440,
                "1000253": 1823,
                "1000254": 6275,
                "1000255": 802,
                "progres": {
                    "total": 47,
                    "persen": 100.0,
                    "progres": 47
                },
                "status_progress": true
            },
            "127208": {
                "psu": "Reguler",
                "1000252": 5137,
                "1000253": 1513,
                "1000254": 1754,
                "1000255": 564,
                "progres": {
                    "total": 30,
                    "persen": 100.0,
                    "progres": 30
                },
                "status_progress": true
            }
        }
    },
    "psu": "Reguler",
    "progres": {
        "total": 411,
        "progres": 411
    },
    "ts": "2024-11-28 00:00:00"
}