{
    "mode": "hhcw",
    "tungsura": {
        "chart": {
            "1000267": 12250,
            "1000268": 24044,
            "1000269": 41039,
            "progres": {
                "total": 271,
                "persen": 100.0,
                "progres": 271
            }
        },
        "table": {
            "127601": {
                "psu": "Reguler",
                "1000267": 1951,
                "1000268": 4800,
                "1000269": 8268,
                "progres": {
                    "total": 52,
                    "persen": 100.0,
                    "progres": 52
                },
                "status_progress": true
            },
            "127602": {
                "psu": "Reguler",
                "1000267": 4070,
                "1000268": 6139,
                "1000269": 8066,
                "progres": {
                    "total": 62,
                    "persen": 100.0,
                    "progres": 62
                },
                "status_progress": true
            },
            "127603": {
                "psu": "Reguler",
                "1000267": 2801,
                "1000268": 4711,
                "1000269": 9145,
                "progres": {
                    "total": 58,
                    "persen": 100.0,
                    "progres": 58
                },
                "status_progress": true
            },
            "127604": {
                "psu": "Reguler",
                "1000267": 1839,
                "1000268": 4777,
                "1000269": 10451,
                "progres": {
                    "total": 54,
                    "persen": 100.0,
                    "progres": 54
                },
                "status_progress": true
            },
            "127605": {
                "psu": "Reguler",
                "1000267": 1589,
                "1000268": 3617,
                "1000269": 5109,
                "progres": {
                    "total": 45,
                    "persen": 100.0,
                    "progres": 45
                },
                "status_progress": true
            }
        }
    },
    "psu": "Reguler",
    "progres": {
        "total": 271,
        "progres": 271
    },
    "ts": "2024-11-28 08:30:00"
}