{
    "mode": "hhcw",
    "tungsura": {
        "chart": {
            "1001070": 35931,
            "1001071": 0,
            "progres": {
                "total": 403,
                "persen": 100.0,
                "progres": 403
            }
        },
        "table": {
            "637202": {
                "psu": "Reguler",
                "1001070": 10615,
                "1001071": 0,
                "progres": {
                    "total": 110,
                    "persen": 100.0,
                    "progres": 110
                },
                "status_progress": true
            },
            "637203": {
                "psu": "Reguler",
                "1001070": 5506,
                "1001071": 0,
                "progres": {
                    "total": 62,
                    "persen": 100.0,
                    "progres": 62
                },
                "status_progress": true
            },
            "637204": {
                "psu": "Reguler",
                "1001070": 6246,
                "1001071": 0,
                "progres": {
                    "total": 81,
                    "persen": 100.0,
                    "progres": 81
                },
                "status_progress": true
            },
            "637205": {
                "psu": "Reguler",
                "1001070": 6745,
                "1001071": 0,
                "progres": {
                    "total": 71,
                    "persen": 100.0,
                    "progres": 71
                },
                "status_progress": true
            },
            "637206": {
                "psu": "Reguler",
                "1001070": 6819,
                "1001071": 0,
                "progres": {
                    "total": 79,
                    "persen": 100.0,
                    "progres": 79
                },
                "status_progress": true
            }
        }
    },
    "psu": "Reguler",
    "progres": {
        "total": 403,
        "progres": 403
    },
    "ts": "2024-11-28 01:30:00"
}