{
    "mode": "hhcw",
    "tungsura": {
        "chart": {
            "1001360": 85233,
            "1001361": 49383,
            "progres": {
                "total": 618,
                "persen": 94.5,
                "progres": 584
            }
        },
        "table": {
            "760201": {
                "psu": "Reguler",
                "1001360": 16362,
                "1001361": 11996,
                "progres": {
                    "total": 109,
                    "persen": 93.58,
                    "progres": 102
                },
                "status_progress": true
            },
            "760202": {
                "psu": "Reguler",
                "1001360": 7150,
                "1001361": 3329,
                "progres": {
                    "total": 39,
                    "persen": 100.0,
                    "progres": 39
                },
                "status_progress": true
            },
            "760203": {
                "psu": "Reguler",
                "1001360": 17846,
                "1001361": 12021,
                "progres": {
                    "total": 123,
                    "persen": 100.0,
                    "progres": 123
                },
                "status_progress": true
            },
            "760204": {
                "psu": "Reguler",
                "1001360": 3565,
                "1001361": 2032,
                "progres": {
                    "total": 51,
                    "persen": 88.24,
                    "progres": 45
                },
                "status_progress": true
            },
            "760207": {
                "psu": "Reguler",
                "1001360": 9375,
                "1001361": 3880,
                "progres": {
                    "total": 53,
                    "persen": 100.0,
                    "progres": 53
                },
                "status_progress": true
            },
            "760208": {
                "psu": "Reguler",
                "1001360": 6113,
                "1001361": 2290,
                "progres": {
                    "total": 40,
                    "persen": 100.0,
                    "progres": 40
                },
                "status_progress": true
            },
            "760211": {
                "psu": "Reguler",
                "1001360": 8199,
                "1001361": 3982,
                "progres": {
                    "total": 60,
                    "persen": 96.67,
                    "progres": 58
                },
                "status_progress": true
            },
            "760212": {
                "psu": "Reguler",
                "1001360": 10175,
                "1001361": 6360,
                "progres": {
                    "total": 74,
                    "persen": 93.24,
                    "progres": 69
                },
                "status_progress": true
            },
            "760213": {
                "psu": "Reguler",
                "1001360": 3340,
                "1001361": 2190,
                "progres": {
                    "total": 28,
                    "persen": 92.86,
                    "progres": 26
                },
                "status_progress": true
            },
            "760215": {
                "psu": "Reguler",
                "1001360": 2724,
                "1001361": 1223,
                "progres": {
                    "total": 32,
                    "persen": 75.0,
                    "progres": 24
                },
                "status_progress": true
            },
            "760216": {
                "psu": "Reguler",
                "1001360": 384,
                "1001361": 80,
                "progres": {
                    "total": 9,
                    "persen": 55.56,
                    "progres": 5
                },
                "status_progress": true
            }
        }
    },
    "psu": "Reguler",
    "progres": {
        "total": 618,
        "progres": 584
    },
    "ts": "2024-11-28 09:00:00"
}