{
    "mode": "hhcw",
    "tungsura": {
        "chart": {
            "1001369": 41638,
            "1001370": 62845,
            "progres": {
                "total": 399,
                "persen": 100.0,
                "progres": 399
            }
        },
        "table": {
            "760501": {
                "psu": "Reguler",
                "1001369": 9521,
                "1001370": 17010,
                "progres": {
                    "total": 81,
                    "persen": 100.0,
                    "progres": 81
                },
                "status_progress": true
            },
            "760502": {
                "psu": "Reguler",
                "1001369": 5081,
                "1001370": 9111,
                "progres": {
                    "total": 60,
                    "persen": 100.0,
                    "progres": 60
                },
                "status_progress": true
            },
            "760503": {
                "psu": "Reguler",
                "1001369": 5474,
                "1001370": 8902,
                "progres": {
                    "total": 56,
                    "persen": 100.0,
                    "progres": 56
                },
                "status_progress": true
            },
            "760504": {
                "psu": "Reguler",
                "1001369": 4003,
                "1001370": 6741,
                "progres": {
                    "total": 47,
                    "persen": 100.0,
                    "progres": 47
                },
                "status_progress": true
            },
            "760505": {
                "psu": "Reguler",
                "1001369": 2676,
                "1001370": 3061,
                "progres": {
                    "total": 34,
                    "persen": 100.0,
                    "progres": 34
                },
                "status_progress": true
            },
            "760506": {
                "psu": "Reguler",
                "1001369": 3248,
                "1001370": 4162,
                "progres": {
                    "total": 28,
                    "persen": 100.0,
                    "progres": 28
                },
                "status_progress": true
            },
            "760507": {
                "psu": "Reguler",
                "1001369": 3084,
                "1001370": 2592,
                "progres": {
                    "total": 24,
                    "persen": 100.0,
                    "progres": 24
                },
                "status_progress": true
            },
            "760508": {
                "psu": "Reguler",
                "1001369": 8551,
                "1001370": 11266,
                "progres": {
                    "total": 69,
                    "persen": 100.0,
                    "progres": 69
                },
                "status_progress": true
            }
        }
    },
    "psu": "Reguler",
    "progres": {
        "total": 399,
        "progres": 399
    },
    "ts": "2024-11-28 00:45:00"
}