{
    "mode": "hhcw",
    "tungsura": {
        "chart": {
            "1001371": 37742,
            "1001372": 31445,
            "1001373": 4098,
            "progres": {
                "total": 275,
                "persen": 97.82,
                "progres": 269
            }
        },
        "table": {
            "760601": {
                "psu": "Reguler",
                "1001371": 9010,
                "1001372": 5898,
                "1001373": 774,
                "progres": {
                    "total": 57,
                    "persen": 100.0,
                    "progres": 57
                },
                "status_progress": true
            },
            "760602": {
                "psu": "Reguler",
                "1001371": 4587,
                "1001372": 3605,
                "1001373": 332,
                "progres": {
                    "total": 34,
                    "persen": 100.0,
                    "progres": 34
                },
                "status_progress": true
            },
            "760603": {
                "psu": "Reguler",
                "1001371": 8176,
                "1001372": 6135,
                "1001373": 872,
                "progres": {
                    "total": 60,
                    "persen": 93.33,
                    "progres": 56
                },
                "status_progress": true
            },
            "760604": {
                "psu": "Reguler",
                "1001371": 8645,
                "1001372": 9668,
                "1001373": 735,
                "progres": {
                    "total": 68,
                    "persen": 97.06,
                    "progres": 66
                },
                "status_progress": true
            },
            "760605": {
                "psu": "Reguler",
                "1001371": 7324,
                "1001372": 6139,
                "1001373": 1385,
                "progres": {
                    "total": 56,
                    "persen": 100.0,
                    "progres": 56
                },
                "status_progress": true
            }
        }
    },
    "psu": "Reguler",
    "progres": {
        "total": 275,
        "progres": 269
    },
    "ts": "2024-11-28 09:00:00"
}