{
    "mode": "hhcw",
    "tungsura": {
        "chart": {
            "1000739": 305083,
            "1000740": 319263,
            "progres": {
                "total": 1650,
                "persen": 99.52,
                "progres": 1642
            }
        },
        "table": {
            "350801": {
                "psu": "Reguler",
                "1000739": 9647,
                "1000740": 7337,
                "progres": {
                    "total": 56,
                    "persen": 100.0,
                    "progres": 56
                },
                "status_progress": true
            },
            "350802": {
                "psu": "Reguler",
                "1000739": 10397,
                "1000740": 8908,
                "progres": {
                    "total": 50,
                    "persen": 100.0,
                    "progres": 50
                },
                "status_progress": true
            },
            "350803": {
                "psu": "Reguler",
                "1000739": 19416,
                "1000740": 21388,
                "progres": {
                    "total": 113,
                    "persen": 100.0,
                    "progres": 113
                },
                "status_progress": true
            },
            "350804": {
                "psu": "Reguler",
                "1000739": 26886,
                "1000740": 22250,
                "progres": {
                    "total": 135,
                    "persen": 100.0,
                    "progres": 135
                },
                "status_progress": true
            },
            "350805": {
                "psu": "Reguler",
                "1000739": 26443,
                "1000740": 21555,
                "progres": {
                    "total": 124,
                    "persen": 97.58,
                    "progres": 121
                },
                "status_progress": true
            },
            "350806": {
                "psu": "Reguler",
                "1000739": 17935,
                "1000740": 15565,
                "progres": {
                    "total": 80,
                    "persen": 100.0,
                    "progres": 80
                },
                "status_progress": true
            },
            "350807": {
                "psu": "Reguler",
                "1000739": 17839,
                "1000740": 18540,
                "progres": {
                    "total": 92,
                    "persen": 100.0,
                    "progres": 92
                },
                "status_progress": true
            },
            "350808": {
                "psu": "Reguler",
                "1000739": 10786,
                "1000740": 10022,
                "progres": {
                    "total": 56,
                    "persen": 98.21,
                    "progres": 55
                },
                "status_progress": true
            },
            "350809": {
                "psu": "Reguler",
                "1000739": 10327,
                "1000740": 9924,
                "progres": {
                    "total": 52,
                    "persen": 98.08,
                    "progres": 51
                },
                "status_progress": true
            },
            "350810": {
                "psu": "Reguler",
                "1000739": 23992,
                "1000740": 21787,
                "progres": {
                    "total": 120,
                    "persen": 98.33,
                    "progres": 118
                },
                "status_progress": true
            },
            "350811": {
                "psu": "Reguler",
                "1000739": 11253,
                "1000740": 11585,
                "progres": {
                    "total": 64,
                    "persen": 100.0,
                    "progres": 64
                },
                "status_progress": true
            },
            "350812": {
                "psu": "Reguler",
                "1000739": 14856,
                "1000740": 12330,
                "progres": {
                    "total": 79,
                    "persen": 98.73,
                    "progres": 78
                },
                "status_progress": true
            },
            "350813": {
                "psu": "Reguler",
                "1000739": 5657,
                "1000740": 8969,
                "progres": {
                    "total": 40,
                    "persen": 100.0,
                    "progres": 40
                },
                "status_progress": true
            },
            "350814": {
                "psu": "Reguler",
                "1000739": 10644,
                "1000740": 12051,
                "progres": {
                    "total": 54,
                    "persen": 100.0,
                    "progres": 54
                },
                "status_progress": true
            },
            "350815": {
                "psu": "Reguler",
                "1000739": 15029,
                "1000740": 17788,
                "progres": {
                    "total": 80,
                    "persen": 100.0,
                    "progres": 80
                },
                "status_progress": true
            },
            "350816": {
                "psu": "Reguler",
                "1000739": 10058,
                "1000740": 17158,
                "progres": {
                    "total": 72,
                    "persen": 100.0,
                    "progres": 72
                },
                "status_progress": true
            },
            "350817": {
                "psu": "Reguler",
                "1000739": 12871,
                "1000740": 12518,
                "progres": {
                    "total": 73,
                    "persen": 100.0,
                    "progres": 73
                },
                "status_progress": true
            },
            "350818": {
                "psu": "Reguler",
                "1000739": 15939,
                "1000740": 23189,
                "progres": {
                    "total": 103,
                    "persen": 100.0,
                    "progres": 103
                },
                "status_progress": true
            },
            "350819": {
                "psu": "Reguler",
                "1000739": 12791,
                "1000740": 19548,
                "progres": {
                    "total": 79,
                    "persen": 100.0,
                    "progres": 79
                },
                "status_progress": true
            },
            "350820": {
                "psu": "Reguler",
                "1000739": 12268,
                "1000740": 15845,
                "progres": {
                    "total": 77,
                    "persen": 100.0,
                    "progres": 77
                },
                "status_progress": true
            },
            "350821": {
                "psu": "Reguler",
                "1000739": 10049,
                "1000740": 11006,
                "progres": {
                    "total": 51,
                    "persen": 100.0,
                    "progres": 51
                },
                "status_progress": true
            }
        }
    },
    "psu": "Reguler",
    "progres": {
        "total": 1650,
        "progres": 1642
    },
    "ts": "2024-11-28 09:00:00"
}