{
    "mode": "hhcw",
    "tungsura": {
        "chart": {
            "1000751": 321660,
            "1000752": 533767,
            "progres": {
                "total": 2338,
                "persen": 99.27,
                "progres": 2321
            }
        },
        "table": {
            "351401": {
                "psu": "Reguler",
                "1000751": 10722,
                "1000752": 24575,
                "progres": {
                    "total": 117,
                    "persen": 96.58,
                    "progres": 113
                },
                "status_progress": true
            },
            "351402": {
                "psu": "Reguler",
                "1000751": 11742,
                "1000752": 17760,
                "progres": {
                    "total": 87,
                    "persen": 100.0,
                    "progres": 87
                },
                "status_progress": true
            },
            "351403": {
                "psu": "Reguler",
                "1000751": 5547,
                "1000752": 9707,
                "progres": {
                    "total": 53,
                    "persen": 100.0,
                    "progres": 53
                },
                "status_progress": true
            },
            "351404": {
                "psu": "Reguler",
                "1000751": 9287,
                "1000752": 10728,
                "progres": {
                    "total": 58,
                    "persen": 98.28,
                    "progres": 57
                },
                "status_progress": true
            },
            "351405": {
                "psu": "Reguler",
                "1000751": 9687,
                "1000752": 17302,
                "progres": {
                    "total": 81,
                    "persen": 97.53,
                    "progres": 79
                },
                "status_progress": true
            },
            "351406": {
                "psu": "Reguler",
                "1000751": 13303,
                "1000752": 24576,
                "progres": {
                    "total": 101,
                    "persen": 99.01,
                    "progres": 100
                },
                "status_progress": true
            },
            "351407": {
                "psu": "Reguler",
                "1000751": 10135,
                "1000752": 24175,
                "progres": {
                    "total": 81,
                    "persen": 100.0,
                    "progres": 81
                },
                "status_progress": true
            },
            "351408": {
                "psu": "Reguler",
                "1000751": 18120,
                "1000752": 27026,
                "progres": {
                    "total": 117,
                    "persen": 100.0,
                    "progres": 117
                },
                "status_progress": true
            },
            "351409": {
                "psu": "Reguler",
                "1000751": 18260,
                "1000752": 26803,
                "progres": {
                    "total": 124,
                    "persen": 98.39,
                    "progres": 122
                },
                "status_progress": true
            },
            "351410": {
                "psu": "Reguler",
                "1000751": 17375,
                "1000752": 27906,
                "progres": {
                    "total": 141,
                    "persen": 100.0,
                    "progres": 141
                },
                "status_progress": true
            },
            "351411": {
                "psu": "Reguler",
                "1000751": 23508,
                "1000752": 33794,
                "progres": {
                    "total": 158,
                    "persen": 100.0,
                    "progres": 158
                },
                "status_progress": true
            },
            "351412": {
                "psu": "Reguler",
                "1000751": 26005,
                "1000752": 41597,
                "progres": {
                    "total": 177,
                    "persen": 98.31,
                    "progres": 174
                },
                "status_progress": true
            },
            "351413": {
                "psu": "Reguler",
                "1000751": 13997,
                "1000752": 32685,
                "progres": {
                    "total": 122,
                    "persen": 100.0,
                    "progres": 122
                },
                "status_progress": true
            },
            "351414": {
                "psu": "Reguler",
                "1000751": 9714,
                "1000752": 32343,
                "progres": {
                    "total": 115,
                    "persen": 99.13,
                    "progres": 114
                },
                "status_progress": true
            },
            "351415": {
                "psu": "Reguler",
                "1000751": 11632,
                "1000752": 26993,
                "progres": {
                    "total": 94,
                    "persen": 100.0,
                    "progres": 94
                },
                "status_progress": true
            },
            "351416": {
                "psu": "Reguler",
                "1000751": 18159,
                "1000752": 29820,
                "progres": {
                    "total": 122,
                    "persen": 100.0,
                    "progres": 122
                },
                "status_progress": true
            },
            "351417": {
                "psu": "Reguler",
                "1000751": 6367,
                "1000752": 10953,
                "progres": {
                    "total": 44,
                    "persen": 100.0,
                    "progres": 44
                },
                "status_progress": true
            },
            "351418": {
                "psu": "Reguler",
                "1000751": 11602,
                "1000752": 19351,
                "progres": {
                    "total": 84,
                    "persen": 100.0,
                    "progres": 84
                },
                "status_progress": true
            },
            "351419": {
                "psu": "Reguler",
                "1000751": 10308,
                "1000752": 11781,
                "progres": {
                    "total": 65,
                    "persen": 98.46,
                    "progres": 64
                },
                "status_progress": true
            },
            "351420": {
                "psu": "Reguler",
                "1000751": 15932,
                "1000752": 23619,
                "progres": {
                    "total": 108,
                    "persen": 98.15,
                    "progres": 106
                },
                "status_progress": true
            },
            "351421": {
                "psu": "Reguler",
                "1000751": 14694,
                "1000752": 15963,
                "progres": {
                    "total": 85,
                    "persen": 100.0,
                    "progres": 85
                },
                "status_progress": true
            },
            "351422": {
                "psu": "Reguler",
                "1000751": 19338,
                "1000752": 19664,
                "progres": {
                    "total": 101,
                    "persen": 100.0,
                    "progres": 101
                },
                "status_progress": true
            },
            "351423": {
                "psu": "Reguler",
                "1000751": 11771,
                "1000752": 16432,
                "progres": {
                    "total": 68,
                    "persen": 100.0,
                    "progres": 68
                },
                "status_progress": true
            },
            "351424": {
                "psu": "Reguler",
                "1000751": 4455,
                "1000752": 8214,
                "progres": {
                    "total": 35,
                    "persen": 100.0,
                    "progres": 35
                },
                "status_progress": true
            }
        }
    },
    "psu": "Reguler",
    "progres": {
        "total": 2338,
        "progres": 2321
    },
    "ts": "2024-11-28 09:00:00"
}