{
    "mode": "hhcw",
    "tungsura": {
        "chart": {
            "1000753": 557426,
            "1000754": 402290,
            "progres": {
                "total": 2733,
                "persen": 99.67,
                "progres": 2724
            }
        },
        "table": {
            "351501": {
                "psu": "Reguler",
                "1000753": 19496,
                "1000754": 17510,
                "progres": {
                    "total": 97,
                    "persen": 100.0,
                    "progres": 97
                },
                "status_progress": true
            },
            "351502": {
                "psu": "Reguler",
                "1000753": 24109,
                "1000754": 18335,
                "progres": {
                    "total": 110,
                    "persen": 100.0,
                    "progres": 110
                },
                "status_progress": true
            },
            "351503": {
                "psu": "Reguler",
                "1000753": 21523,
                "1000754": 17703,
                "progres": {
                    "total": 96,
                    "persen": 100.0,
                    "progres": 96
                },
                "status_progress": true
            },
            "351504": {
                "psu": "Reguler",
                "1000753": 18521,
                "1000754": 13821,
                "progres": {
                    "total": 103,
                    "persen": 99.03,
                    "progres": 102
                },
                "status_progress": true
            },
            "351505": {
                "psu": "Reguler",
                "1000753": 17929,
                "1000754": 11988,
                "progres": {
                    "total": 77,
                    "persen": 100.0,
                    "progres": 77
                },
                "status_progress": true
            },
            "351506": {
                "psu": "Reguler",
                "1000753": 25972,
                "1000754": 20000,
                "progres": {
                    "total": 121,
                    "persen": 100.0,
                    "progres": 121
                },
                "status_progress": true
            },
            "351507": {
                "psu": "Reguler",
                "1000753": 45537,
                "1000754": 30262,
                "progres": {
                    "total": 210,
                    "persen": 99.52,
                    "progres": 209
                },
                "status_progress": true
            },
            "351508": {
                "psu": "Reguler",
                "1000753": 40616,
                "1000754": 41192,
                "progres": {
                    "total": 275,
                    "persen": 99.64,
                    "progres": 274
                },
                "status_progress": true
            },
            "351509": {
                "psu": "Reguler",
                "1000753": 29489,
                "1000754": 22481,
                "progres": {
                    "total": 139,
                    "persen": 100.0,
                    "progres": 139
                },
                "status_progress": true
            },
            "351510": {
                "psu": "Reguler",
                "1000753": 26379,
                "1000754": 19010,
                "progres": {
                    "total": 118,
                    "persen": 100.0,
                    "progres": 118
                },
                "status_progress": true
            },
            "351511": {
                "psu": "Reguler",
                "1000753": 35331,
                "1000754": 22868,
                "progres": {
                    "total": 171,
                    "persen": 99.42,
                    "progres": 170
                },
                "status_progress": true
            },
            "351512": {
                "psu": "Reguler",
                "1000753": 24892,
                "1000754": 13520,
                "progres": {
                    "total": 104,
                    "persen": 99.04,
                    "progres": 103
                },
                "status_progress": true
            },
            "351513": {
                "psu": "Reguler",
                "1000753": 54452,
                "1000754": 35763,
                "progres": {
                    "total": 269,
                    "persen": 100.0,
                    "progres": 269
                },
                "status_progress": true
            },
            "351514": {
                "psu": "Reguler",
                "1000753": 29576,
                "1000754": 28787,
                "progres": {
                    "total": 165,
                    "persen": 100.0,
                    "progres": 165
                },
                "status_progress": true
            },
            "351515": {
                "psu": "Reguler",
                "1000753": 25034,
                "1000754": 20491,
                "progres": {
                    "total": 131,
                    "persen": 99.24,
                    "progres": 130
                },
                "status_progress": true
            },
            "351516": {
                "psu": "Reguler",
                "1000753": 33534,
                "1000754": 20832,
                "progres": {
                    "total": 155,
                    "persen": 100.0,
                    "progres": 155
                },
                "status_progress": true
            },
            "351517": {
                "psu": "Reguler",
                "1000753": 30861,
                "1000754": 17338,
                "progres": {
                    "total": 132,
                    "persen": 100.0,
                    "progres": 132
                },
                "status_progress": true
            },
            "351518": {
                "psu": "Reguler",
                "1000753": 54175,
                "1000754": 30389,
                "progres": {
                    "total": 260,
                    "persen": 98.85,
                    "progres": 257
                },
                "status_progress": true
            }
        }
    },
    "psu": "Reguler",
    "progres": {
        "total": 2733,
        "progres": 2724
    },
    "ts": "2024-11-28 07:15:00"
}