{
    "mode": "hhcw",
    "tungsura": {
        "chart": {
            "1000757": 172765,
            "1000758": 514603,
            "progres": {
                "total": 1942,
                "persen": 99.79,
                "progres": 1938
            }
        },
        "table": {
            "351701": {
                "psu": "Reguler",
                "1000757": 7682,
                "1000758": 19796,
                "progres": {
                    "total": 81,
                    "persen": 100.0,
                    "progres": 81
                },
                "status_progress": true
            },
            "351702": {
                "psu": "Reguler",
                "1000757": 7240,
                "1000758": 22387,
                "progres": {
                    "total": 83,
                    "persen": 100.0,
                    "progres": 83
                },
                "status_progress": true
            },
            "351703": {
                "psu": "Reguler",
                "1000757": 9573,
                "1000758": 26460,
                "progres": {
                    "total": 112,
                    "persen": 98.21,
                    "progres": 110
                },
                "status_progress": true
            },
            "351704": {
                "psu": "Reguler",
                "1000757": 15278,
                "1000758": 15955,
                "progres": {
                    "total": 84,
                    "persen": 100.0,
                    "progres": 84
                },
                "status_progress": true
            },
            "351705": {
                "psu": "Reguler",
                "1000757": 7061,
                "1000758": 10523,
                "progres": {
                    "total": 55,
                    "persen": 100.0,
                    "progres": 55
                },
                "status_progress": true
            },
            "351706": {
                "psu": "Reguler",
                "1000757": 6926,
                "1000758": 32712,
                "progres": {
                    "total": 114,
                    "persen": 100.0,
                    "progres": 114
                },
                "status_progress": true
            },
            "351707": {
                "psu": "Reguler",
                "1000757": 12695,
                "1000758": 33591,
                "progres": {
                    "total": 135,
                    "persen": 99.26,
                    "progres": 134
                },
                "status_progress": true
            },
            "351708": {
                "psu": "Reguler",
                "1000757": 11379,
                "1000758": 43516,
                "progres": {
                    "total": 153,
                    "persen": 100.0,
                    "progres": 153
                },
                "status_progress": true
            },
            "351709": {
                "psu": "Reguler",
                "1000757": 16170,
                "1000758": 55466,
                "progres": {
                    "total": 203,
                    "persen": 100.0,
                    "progres": 203
                },
                "status_progress": true
            },
            "351710": {
                "psu": "Reguler",
                "1000757": 8813,
                "1000758": 26194,
                "progres": {
                    "total": 101,
                    "persen": 100.0,
                    "progres": 101
                },
                "status_progress": true
            },
            "351711": {
                "psu": "Reguler",
                "1000757": 9362,
                "1000758": 36624,
                "progres": {
                    "total": 123,
                    "persen": 100.0,
                    "progres": 123
                },
                "status_progress": true
            },
            "351712": {
                "psu": "Reguler",
                "1000757": 7449,
                "1000758": 27732,
                "progres": {
                    "total": 95,
                    "persen": 100.0,
                    "progres": 95
                },
                "status_progress": true
            },
            "351713": {
                "psu": "Reguler",
                "1000757": 5953,
                "1000758": 25012,
                "progres": {
                    "total": 80,
                    "persen": 98.75,
                    "progres": 79
                },
                "status_progress": true
            },
            "351714": {
                "psu": "Reguler",
                "1000757": 3178,
                "1000758": 20737,
                "progres": {
                    "total": 61,
                    "persen": 100.0,
                    "progres": 61
                },
                "status_progress": true
            },
            "351715": {
                "psu": "Reguler",
                "1000757": 4730,
                "1000758": 18504,
                "progres": {
                    "total": 65,
                    "persen": 100.0,
                    "progres": 65
                },
                "status_progress": true
            },
            "351716": {
                "psu": "Reguler",
                "1000757": 7288,
                "1000758": 18025,
                "progres": {
                    "total": 67,
                    "persen": 100.0,
                    "progres": 67
                },
                "status_progress": true
            },
            "351717": {
                "psu": "Reguler",
                "1000757": 4345,
                "1000758": 14531,
                "progres": {
                    "total": 50,
                    "persen": 100.0,
                    "progres": 50
                },
                "status_progress": true
            },
            "351718": {
                "psu": "Reguler",
                "1000757": 6311,
                "1000758": 16316,
                "progres": {
                    "total": 73,
                    "persen": 100.0,
                    "progres": 73
                },
                "status_progress": true
            },
            "351719": {
                "psu": "Reguler",
                "1000757": 11250,
                "1000758": 23975,
                "progres": {
                    "total": 103,
                    "persen": 100.0,
                    "progres": 103
                },
                "status_progress": true
            },
            "351720": {
                "psu": "Reguler",
                "1000757": 4291,
                "1000758": 18399,
                "progres": {
                    "total": 63,
                    "persen": 100.0,
                    "progres": 63
                },
                "status_progress": true
            },
            "351721": {
                "psu": "Reguler",
                "1000757": 5791,
                "1000758": 8148,
                "progres": {
                    "total": 41,
                    "persen": 100.0,
                    "progres": 41
                },
                "status_progress": true
            }
        }
    },
    "psu": "Reguler",
    "progres": {
        "total": 1942,
        "progres": 1938
    },
    "ts": "2024-11-28 05:45:00"
}