{
    "mode": "hhcw",
    "tungsura": {
        "chart": {
            "1000767": 409499,
            "1000768": 25756,
            "progres": {
                "total": 1374,
                "persen": 100.0,
                "progres": 1374
            }
        },
        "table": {
            "352101": {
                "psu": "Reguler",
                "1000767": 20245,
                "1000768": 622,
                "progres": {
                    "total": 72,
                    "persen": 100.0,
                    "progres": 72
                },
                "status_progress": true
            },
            "352102": {
                "psu": "Reguler",
                "1000767": 19402,
                "1000768": 1416,
                "progres": {
                    "total": 68,
                    "persen": 100.0,
                    "progres": 68
                },
                "status_progress": true
            },
            "352103": {
                "psu": "Reguler",
                "1000767": 17945,
                "1000768": 769,
                "progres": {
                    "total": 68,
                    "persen": 100.0,
                    "progres": 68
                },
                "status_progress": true
            },
            "352104": {
                "psu": "Reguler",
                "1000767": 20381,
                "1000768": 3251,
                "progres": {
                    "total": 77,
                    "persen": 100.0,
                    "progres": 77
                },
                "status_progress": true
            },
            "352105": {
                "psu": "Reguler",
                "1000767": 27247,
                "1000768": 842,
                "progres": {
                    "total": 79,
                    "persen": 100.0,
                    "progres": 79
                },
                "status_progress": true
            },
            "352106": {
                "psu": "Reguler",
                "1000767": 14413,
                "1000768": 751,
                "progres": {
                    "total": 43,
                    "persen": 100.0,
                    "progres": 43
                },
                "status_progress": true
            },
            "352107": {
                "psu": "Reguler",
                "1000767": 24038,
                "1000768": 1802,
                "progres": {
                    "total": 76,
                    "persen": 100.0,
                    "progres": 76
                },
                "status_progress": true
            },
            "352108": {
                "psu": "Reguler",
                "1000767": 19092,
                "1000768": 0,
                "progres": {
                    "total": 53,
                    "persen": 100.0,
                    "progres": 53
                },
                "status_progress": true
            },
            "352109": {
                "psu": "Reguler",
                "1000767": 37661,
                "1000768": 3307,
                "progres": {
                    "total": 126,
                    "persen": 100.0,
                    "progres": 126
                },
                "status_progress": true
            },
            "352110": {
                "psu": "Reguler",
                "1000767": 45845,
                "1000768": 2489,
                "progres": {
                    "total": 137,
                    "persen": 100.0,
                    "progres": 137
                },
                "status_progress": true
            },
            "352111": {
                "psu": "Reguler",
                "1000767": 29865,
                "1000768": 2779,
                "progres": {
                    "total": 108,
                    "persen": 100.0,
                    "progres": 108
                },
                "status_progress": true
            },
            "352112": {
                "psu": "Reguler",
                "1000767": 28914,
                "1000768": 2845,
                "progres": {
                    "total": 113,
                    "persen": 100.0,
                    "progres": 113
                },
                "status_progress": true
            },
            "352113": {
                "psu": "Reguler",
                "1000767": 15317,
                "1000768": 1774,
                "progres": {
                    "total": 63,
                    "persen": 100.0,
                    "progres": 63
                },
                "status_progress": true
            },
            "352114": {
                "psu": "Reguler",
                "1000767": 15481,
                "1000768": 583,
                "progres": {
                    "total": 46,
                    "persen": 100.0,
                    "progres": 46
                },
                "status_progress": true
            },
            "352115": {
                "psu": "Reguler",
                "1000767": 15608,
                "1000768": 563,
                "progres": {
                    "total": 52,
                    "persen": 100.0,
                    "progres": 52
                },
                "status_progress": true
            },
            "352116": {
                "psu": "Reguler",
                "1000767": 14431,
                "1000768": 718,
                "progres": {
                    "total": 49,
                    "persen": 100.0,
                    "progres": 49
                },
                "status_progress": true
            },
            "352117": {
                "psu": "Reguler",
                "1000767": 13482,
                "1000768": 47,
                "progres": {
                    "total": 49,
                    "persen": 100.0,
                    "progres": 49
                },
                "status_progress": true
            },
            "352118": {
                "psu": "Reguler",
                "1000767": 16351,
                "1000768": 918,
                "progres": {
                    "total": 54,
                    "persen": 100.0,
                    "progres": 54
                },
                "status_progress": true
            },
            "352119": {
                "psu": "Reguler",
                "1000767": 13781,
                "1000768": 280,
                "progres": {
                    "total": 41,
                    "persen": 100.0,
                    "progres": 41
                },
                "status_progress": true
            }
        }
    },
    "psu": "Reguler",
    "progres": {
        "total": 1374,
        "progres": 1374
    },
    "ts": "2024-11-27 21:00:00"
}