{
    "mode": "hhcw",
    "tungsura": {
        "chart": {
            "1000769": 83190,
            "1000770": 698212,
            "progres": {
                "total": 2120,
                "persen": 99.81,
                "progres": 2116
            }
        },
        "table": {
            "352201": {
                "psu": "Reguler",
                "1000769": 1940,
                "1000770": 24211,
                "progres": {
                    "total": 75,
                    "persen": 100.0,
                    "progres": 75
                },
                "status_progress": true
            },
            "352202": {
                "psu": "Reguler",
                "1000769": 1856,
                "1000770": 32658,
                "progres": {
                    "total": 101,
                    "persen": 100.0,
                    "progres": 101
                },
                "status_progress": true
            },
            "352203": {
                "psu": "Reguler",
                "1000769": 358,
                "1000770": 7070,
                "progres": {
                    "total": 20,
                    "persen": 100.0,
                    "progres": 20
                },
                "status_progress": true
            },
            "352204": {
                "psu": "Reguler",
                "1000769": 3119,
                "1000770": 34335,
                "progres": {
                    "total": 89,
                    "persen": 100.0,
                    "progres": 89
                },
                "status_progress": true
            },
            "352205": {
                "psu": "Reguler",
                "1000769": 856,
                "1000770": 8041,
                "progres": {
                    "total": 27,
                    "persen": 100.0,
                    "progres": 27
                },
                "status_progress": true
            },
            "352206": {
                "psu": "Reguler",
                "1000769": 3477,
                "1000770": 47235,
                "progres": {
                    "total": 121,
                    "persen": 100.0,
                    "progres": 121
                },
                "status_progress": true
            },
            "352207": {
                "psu": "Reguler",
                "1000769": 2603,
                "1000770": 25248,
                "progres": {
                    "total": 87,
                    "persen": 100.0,
                    "progres": 87
                },
                "status_progress": true
            },
            "352208": {
                "psu": "Reguler",
                "1000769": 6670,
                "1000770": 41630,
                "progres": {
                    "total": 137,
                    "persen": 100.0,
                    "progres": 137
                },
                "status_progress": true
            },
            "352209": {
                "psu": "Reguler",
                "1000769": 5897,
                "1000770": 34220,
                "progres": {
                    "total": 105,
                    "persen": 100.0,
                    "progres": 105
                },
                "status_progress": true
            },
            "352210": {
                "psu": "Reguler",
                "1000769": 6536,
                "1000770": 39840,
                "progres": {
                    "total": 126,
                    "persen": 100.0,
                    "progres": 126
                },
                "status_progress": true
            },
            "352211": {
                "psu": "Reguler",
                "1000769": 4326,
                "1000770": 31464,
                "progres": {
                    "total": 94,
                    "persen": 100.0,
                    "progres": 94
                },
                "status_progress": true
            },
            "352212": {
                "psu": "Reguler",
                "1000769": 4738,
                "1000770": 38842,
                "progres": {
                    "total": 113,
                    "persen": 100.0,
                    "progres": 113
                },
                "status_progress": true
            },
            "352213": {
                "psu": "Reguler",
                "1000769": 4590,
                "1000770": 37620,
                "progres": {
                    "total": 103,
                    "persen": 100.0,
                    "progres": 103
                },
                "status_progress": true
            },
            "352214": {
                "psu": "Reguler",
                "1000769": 4225,
                "1000770": 29398,
                "progres": {
                    "total": 88,
                    "persen": 98.86,
                    "progres": 87
                },
                "status_progress": true
            },
            "352215": {
                "psu": "Reguler",
                "1000769": 5394,
                "1000770": 39981,
                "progres": {
                    "total": 126,
                    "persen": 100.0,
                    "progres": 126
                },
                "status_progress": true
            },
            "352216": {
                "psu": "Reguler",
                "1000769": 4284,
                "1000770": 26051,
                "progres": {
                    "total": 77,
                    "persen": 98.7,
                    "progres": 76
                },
                "status_progress": true
            },
            "352217": {
                "psu": "Reguler",
                "1000769": 2321,
                "1000770": 16670,
                "progres": {
                    "total": 55,
                    "persen": 100.0,
                    "progres": 55
                },
                "status_progress": true
            },
            "352218": {
                "psu": "Reguler",
                "1000769": 545,
                "1000770": 18713,
                "progres": {
                    "total": 46,
                    "persen": 100.0,
                    "progres": 46
                },
                "status_progress": true
            },
            "352219": {
                "psu": "Reguler",
                "1000769": 2123,
                "1000770": 21915,
                "progres": {
                    "total": 68,
                    "persen": 100.0,
                    "progres": 68
                },
                "status_progress": true
            },
            "352220": {
                "psu": "Reguler",
                "1000769": 2037,
                "1000770": 15853,
                "progres": {
                    "total": 50,
                    "persen": 100.0,
                    "progres": 50
                },
                "status_progress": true
            },
            "352221": {
                "psu": "Reguler",
                "1000769": 2654,
                "1000770": 18056,
                "progres": {
                    "total": 61,
                    "persen": 98.36,
                    "progres": 60
                },
                "status_progress": true
            },
            "352222": {
                "psu": "Reguler",
                "1000769": 1374,
                "1000770": 12008,
                "progres": {
                    "total": 44,
                    "persen": 100.0,
                    "progres": 44
                },
                "status_progress": true
            },
            "352223": {
                "psu": "Reguler",
                "1000769": 2432,
                "1000770": 19861,
                "progres": {
                    "total": 57,
                    "persen": 100.0,
                    "progres": 57
                },
                "status_progress": true
            },
            "352224": {
                "psu": "Reguler",
                "1000769": 3774,
                "1000770": 22073,
                "progres": {
                    "total": 73,
                    "persen": 100.0,
                    "progres": 73
                },
                "status_progress": true
            },
            "352225": {
                "psu": "Reguler",
                "1000769": 1037,
                "1000770": 6349,
                "progres": {
                    "total": 23,
                    "persen": 100.0,
                    "progres": 23
                },
                "status_progress": true
            },
            "352226": {
                "psu": "Reguler",
                "1000769": 1430,
                "1000770": 13717,
                "progres": {
                    "total": 49,
                    "persen": 100.0,
                    "progres": 49
                },
                "status_progress": true
            },
            "352227": {
                "psu": "Reguler",
                "1000769": 1773,
                "1000770": 14867,
                "progres": {
                    "total": 55,
                    "persen": 100.0,
                    "progres": 55
                },
                "status_progress": true
            },
            "352228": {
                "psu": "Reguler",
                "1000769": 821,
                "1000770": 20286,
                "progres": {
                    "total": 50,
                    "persen": 98.0,
                    "progres": 49
                },
                "status_progress": true
            }
        }
    },
    "psu": "Reguler",
    "progres": {
        "total": 2120,
        "progres": 2116
    },
    "ts": "2024-11-28 08:30:00"
}