{
    "mode": "hhcw",
    "tungsura": {
        "chart": {
            "1000801": 5500,
            "1000802": 65284,
            "1000803": 45775,
            "progres": {
                "total": 275,
                "persen": 99.64,
                "progres": 274
            }
        },
        "table": {
            "357701": {
                "psu": "Reguler",
                "1000801": 1370,
                "1000802": 18774,
                "1000803": 12882,
                "progres": {
                    "total": 75,
                    "persen": 100.0,
                    "progres": 75
                },
                "status_progress": true
            },
            "357702": {
                "psu": "Reguler",
                "1000801": 1609,
                "1000802": 18272,
                "1000803": 14016,
                "progres": {
                    "total": 84,
                    "persen": 98.81,
                    "progres": 83
                },
                "status_progress": true
            },
            "357703": {
                "psu": "Reguler",
                "1000801": 2521,
                "1000802": 28238,
                "1000803": 18877,
                "progres": {
                    "total": 116,
                    "persen": 100.0,
                    "progres": 116
                },
                "status_progress": true
            }
        }
    },
    "psu": "Reguler",
    "progres": {
        "total": 275,
        "progres": 274
    },
    "ts": "2024-11-28 05:15:00"
}