{
    "mode": "hhcw",
    "tungsura": {
        "chart": {
            "1000804": 930409,
            "1000805": 212916,
            "progres": {
                "total": 3964,
                "persen": 97.86,
                "progres": 3879
            }
        },
        "table": {
            "357801": {
                "psu": "Reguler",
                "1000804": 26477,
                "1000805": 6021,
                "progres": {
                    "total": 99,
                    "persen": 100.0,
                    "progres": 99
                },
                "status_progress": true
            },
            "357802": {
                "psu": "Reguler",
                "1000804": 28039,
                "1000805": 6594,
                "progres": {
                    "total": 107,
                    "persen": 100.0,
                    "progres": 107
                },
                "status_progress": true
            },
            "357803": {
                "psu": "Reguler",
                "1000804": 42985,
                "1000805": 9708,
                "progres": {
                    "total": 165,
                    "persen": 99.39,
                    "progres": 164
                },
                "status_progress": true
            },
            "357804": {
                "psu": "Reguler",
                "1000804": 45846,
                "1000805": 12890,
                "progres": {
                    "total": 205,
                    "persen": 95.61,
                    "progres": 196
                },
                "status_progress": true
            },
            "357805": {
                "psu": "Reguler",
                "1000804": 28435,
                "1000805": 6527,
                "progres": {
                    "total": 132,
                    "persen": 93.18,
                    "progres": 123
                },
                "status_progress": true
            },
            "357806": {
                "psu": "Reguler",
                "1000804": 62608,
                "1000805": 14956,
                "progres": {
                    "total": 262,
                    "persen": 99.62,
                    "progres": 261
                },
                "status_progress": true
            },
            "357807": {
                "psu": "Reguler",
                "1000804": 17112,
                "1000805": 4048,
                "progres": {
                    "total": 79,
                    "persen": 97.47,
                    "progres": 77
                },
                "status_progress": true
            },
            "357808": {
                "psu": "Reguler",
                "1000804": 41425,
                "1000805": 12288,
                "progres": {
                    "total": 181,
                    "persen": 100.0,
                    "progres": 181
                },
                "status_progress": true
            },
            "357809": {
                "psu": "Reguler",
                "1000804": 37025,
                "1000805": 8839,
                "progres": {
                    "total": 153,
                    "persen": 98.69,
                    "progres": 151
                },
                "status_progress": true
            },
            "357810": {
                "psu": "Reguler",
                "1000804": 71241,
                "1000805": 16485,
                "progres": {
                    "total": 301,
                    "persen": 100.0,
                    "progres": 301
                },
                "status_progress": true
            },
            "357811": {
                "psu": "Reguler",
                "1000804": 25007,
                "1000805": 6742,
                "progres": {
                    "total": 122,
                    "persen": 100.0,
                    "progres": 122
                },
                "status_progress": true
            },
            "357812": {
                "psu": "Reguler",
                "1000804": 24426,
                "1000805": 3965,
                "progres": {
                    "total": 97,
                    "persen": 98.97,
                    "progres": 96
                },
                "status_progress": true
            },
            "357813": {
                "psu": "Reguler",
                "1000804": 30551,
                "1000805": 6743,
                "progres": {
                    "total": 130,
                    "persen": 100.0,
                    "progres": 130
                },
                "status_progress": true
            },
            "357814": {
                "psu": "Reguler",
                "1000804": 29673,
                "1000805": 6903,
                "progres": {
                    "total": 122,
                    "persen": 95.9,
                    "progres": 117
                },
                "status_progress": true
            },
            "357815": {
                "psu": "Reguler",
                "1000804": 32310,
                "1000805": 6832,
                "progres": {
                    "total": 148,
                    "persen": 97.97,
                    "progres": 145
                },
                "status_progress": true
            },
            "357816": {
                "psu": "Reguler",
                "1000804": 44380,
                "1000805": 8631,
                "progres": {
                    "total": 226,
                    "persen": 98.23,
                    "progres": 222
                },
                "status_progress": true
            },
            "357817": {
                "psu": "Reguler",
                "1000804": 47473,
                "1000805": 9839,
                "progres": {
                    "total": 227,
                    "persen": 92.51,
                    "progres": 210
                },
                "status_progress": true
            },
            "357818": {
                "psu": "Reguler",
                "1000804": 22127,
                "1000805": 4369,
                "progres": {
                    "total": 84,
                    "persen": 98.81,
                    "progres": 83
                },
                "status_progress": true
            },
            "357819": {
                "psu": "Reguler",
                "1000804": 25897,
                "1000805": 6617,
                "progres": {
                    "total": 97,
                    "persen": 100.0,
                    "progres": 97
                },
                "status_progress": true
            },
            "357820": {
                "psu": "Reguler",
                "1000804": 24100,
                "1000805": 5608,
                "progres": {
                    "total": 99,
                    "persen": 96.97,
                    "progres": 96
                },
                "status_progress": true
            },
            "357821": {
                "psu": "Reguler",
                "1000804": 18403,
                "1000805": 3903,
                "progres": {
                    "total": 79,
                    "persen": 96.2,
                    "progres": 76
                },
                "status_progress": true
            },
            "357822": {
                "psu": "Reguler",
                "1000804": 14364,
                "1000805": 3985,
                "progres": {
                    "total": 59,
                    "persen": 100.0,
                    "progres": 59
                },
                "status_progress": true
            },
            "357823": {
                "psu": "Reguler",
                "1000804": 18214,
                "1000805": 4406,
                "progres": {
                    "total": 72,
                    "persen": 95.83,
                    "progres": 69
                },
                "status_progress": true
            },
            "357824": {
                "psu": "Reguler",
                "1000804": 20780,
                "1000805": 4157,
                "progres": {
                    "total": 78,
                    "persen": 98.72,
                    "progres": 77
                },
                "status_progress": true
            },
            "357825": {
                "psu": "Reguler",
                "1000804": 20276,
                "1000805": 4427,
                "progres": {
                    "total": 82,
                    "persen": 96.34,
                    "progres": 79
                },
                "status_progress": true
            },
            "357826": {
                "psu": "Reguler",
                "1000804": 25170,
                "1000805": 5300,
                "progres": {
                    "total": 118,
                    "persen": 95.76,
                    "progres": 113
                },
                "status_progress": true
            },
            "357827": {
                "psu": "Reguler",
                "1000804": 32805,
                "1000805": 6827,
                "progres": {
                    "total": 141,
                    "persen": 97.16,
                    "progres": 137
                },
                "status_progress": true
            },
            "357828": {
                "psu": "Reguler",
                "1000804": 13857,
                "1000805": 2047,
                "progres": {
                    "total": 62,
                    "persen": 87.1,
                    "progres": 54
                },
                "status_progress": true
            },
            "357829": {
                "psu": "Reguler",
                "1000804": 14091,
                "1000805": 3565,
                "progres": {
                    "total": 62,
                    "persen": 100.0,
                    "progres": 62
                },
                "status_progress": true
            },
            "357830": {
                "psu": "Reguler",
                "1000804": 22028,
                "1000805": 5467,
                "progres": {
                    "total": 84,
                    "persen": 100.0,
                    "progres": 84
                },
                "status_progress": true
            },
            "357831": {
                "psu": "Reguler",
                "1000804": 23284,
                "1000805": 4227,
                "progres": {
                    "total": 91,
                    "persen": 100.0,
                    "progres": 91
                },
                "status_progress": true
            }
        }
    },
    "psu": "Reguler",
    "progres": {
        "total": 3964,
        "progres": 3879
    },
    "ts": "2024-11-28 09:00:00"
}