{
    "mode": "hhcw",
    "tungsura": {
        "chart": {
            "1001374": 29185,
            "1001375": 48315,
            "1001376": 52000,
            "1001377": 55597,
            "progres": {
                "total": 694,
                "persen": 95.24,
                "progres": 661
            }
        },
        "table": {
            "810101": {
                "psu": "Reguler",
                "1001374": 2487,
                "1001375": 3881,
                "1001376": 9042,
                "1001377": 7142,
                "progres": {
                    "total": 81,
                    "persen": 92.59,
                    "progres": 75
                },
                "status_progress": true
            },
            "810102": {
                "psu": "Reguler",
                "1001374": 743,
                "1001375": 603,
                "1001376": 3772,
                "1001377": 1163,
                "progres": {
                    "total": 25,
                    "persen": 100.0,
                    "progres": 25
                },
                "status_progress": true
            },
            "810106": {
                "psu": "Reguler",
                "1001374": 584,
                "1001375": 3385,
                "1001376": 1515,
                "1001377": 2290,
                "progres": {
                    "total": 43,
                    "persen": 76.74,
                    "progres": 33
                },
                "status_progress": true
            },
            "810109": {
                "psu": "Reguler",
                "1001374": 2095,
                "1001375": 1642,
                "1001376": 3097,
                "1001377": 3616,
                "progres": {
                    "total": 40,
                    "persen": 97.5,
                    "progres": 39
                },
                "status_progress": true
            },
            "810111": {
                "psu": "Reguler",
                "1001374": 915,
                "1001375": 1388,
                "1001376": 2526,
                "1001377": 6358,
                "progres": {
                    "total": 38,
                    "persen": 100.0,
                    "progres": 38
                },
                "status_progress": true
            },
            "810112": {
                "psu": "Reguler",
                "1001374": 879,
                "1001375": 963,
                "1001376": 2524,
                "1001377": 2567,
                "progres": {
                    "total": 33,
                    "persen": 96.97,
                    "progres": 32
                },
                "status_progress": true
            },
            "810113": {
                "psu": "Reguler",
                "1001374": 3922,
                "1001375": 1643,
                "1001376": 1214,
                "1001377": 3155,
                "progres": {
                    "total": 39,
                    "persen": 87.18,
                    "progres": 34
                },
                "status_progress": true
            },
            "810114": {
                "psu": "Reguler",
                "1001374": 3947,
                "1001375": 6117,
                "1001376": 6006,
                "1001377": 4772,
                "progres": {
                    "total": 75,
                    "persen": 98.67,
                    "progres": 74
                },
                "status_progress": true
            },
            "810115": {
                "psu": "Reguler",
                "1001374": 2968,
                "1001375": 14954,
                "1001376": 3319,
                "1001377": 5074,
                "progres": {
                    "total": 89,
                    "persen": 100.0,
                    "progres": 89
                },
                "status_progress": true
            },
            "810116": {
                "psu": "Reguler",
                "1001374": 264,
                "1001375": 177,
                "1001376": 1432,
                "1001377": 601,
                "progres": {
                    "total": 10,
                    "persen": 100.0,
                    "progres": 10
                },
                "status_progress": true
            },
            "810117": {
                "psu": "Reguler",
                "1001374": 1824,
                "1001375": 2095,
                "1001376": 5473,
                "1001377": 4047,
                "progres": {
                    "total": 47,
                    "persen": 100.0,
                    "progres": 47
                },
                "status_progress": true
            },
            "810120": {
                "psu": "Reguler",
                "1001374": 844,
                "1001375": 1492,
                "1001376": 1921,
                "1001377": 1669,
                "progres": {
                    "total": 24,
                    "persen": 100.0,
                    "progres": 24
                },
                "status_progress": true
            },
            "810121": {
                "psu": "Reguler",
                "1001374": 302,
                "1001375": 208,
                "1001376": 2181,
                "1001377": 1077,
                "progres": {
                    "total": 17,
                    "persen": 100.0,
                    "progres": 17
                },
                "status_progress": true
            },
            "810122": {
                "psu": "Reguler",
                "1001374": 2537,
                "1001375": 2933,
                "1001376": 1696,
                "1001377": 1612,
                "progres": {
                    "total": 30,
                    "persen": 100.0,
                    "progres": 30
                },
                "status_progress": true
            },
            "810123": {
                "psu": "Reguler",
                "1001374": 831,
                "1001375": 1299,
                "1001376": 1345,
                "1001377": 3547,
                "progres": {
                    "total": 23,
                    "persen": 95.65,
                    "progres": 22
                },
                "status_progress": true
            },
            "810124": {
                "psu": "Reguler",
                "1001374": 1360,
                "1001375": 2434,
                "1001376": 1920,
                "1001377": 2337,
                "progres": {
                    "total": 30,
                    "persen": 96.67,
                    "progres": 29
                },
                "status_progress": true
            },
            "810125": {
                "psu": "Reguler",
                "1001374": 1626,
                "1001375": 1915,
                "1001376": 1308,
                "1001377": 1419,
                "progres": {
                    "total": 27,
                    "persen": 81.48,
                    "progres": 22
                },
                "status_progress": true
            },
            "810126": {
                "psu": "Reguler",
                "1001374": 1057,
                "1001375": 1186,
                "1001376": 1709,
                "1001377": 3151,
                "progres": {
                    "total": 23,
                    "persen": 91.3,
                    "progres": 21
                },
                "status_progress": true
            }
        }
    },
    "psu": "Reguler",
    "progres": {
        "total": 694,
        "progres": 661
    },
    "ts": "2024-11-28 09:00:00"
}