{
    "mode": "hhcw",
    "tungsura": {
        "chart": {
            "1001381": 5352,
            "1001382": 10570,
            "1001383": 14273,
            "1001384": 7294,
            "1001385": 6328,
            "progres": {
                "total": 193,
                "persen": 72.02,
                "progres": 139
            }
        },
        "table": {
            "810301": {
                "psu": "Reguler",
                "1001381": 1110,
                "1001382": 3079,
                "1001383": 5478,
                "1001384": 2547,
                "1001385": 2549,
                "progres": {
                    "total": 51,
                    "persen": 84.31,
                    "progres": 43
                },
                "status_progress": true
            },
            "810302": {
                "psu": "Reguler",
                "1001381": 394,
                "1001382": 548,
                "1001383": 981,
                "1001384": 1362,
                "1001385": 1712,
                "progres": {
                    "total": 20,
                    "persen": 65.0,
                    "progres": 13
                },
                "status_progress": true
            },
            "810303": {
                "psu": "Reguler",
                "1001381": 429,
                "1001382": 752,
                "1001383": 1913,
                "1001384": 380,
                "1001385": 532,
                "progres": {
                    "total": 19,
                    "persen": 68.42,
                    "progres": 13
                },
                "status_progress": true
            },
            "810304": {
                "psu": "Reguler",
                "1001381": 207,
                "1001382": 3268,
                "1001383": 1351,
                "1001384": 756,
                "1001385": 235,
                "progres": {
                    "total": 23,
                    "persen": 78.26,
                    "progres": 18
                },
                "status_progress": true
            },
            "810305": {
                "psu": "Reguler",
                "1001381": 1338,
                "1001382": 917,
                "1001383": 1520,
                "1001384": 519,
                "1001385": 208,
                "progres": {
                    "total": 21,
                    "persen": 66.67,
                    "progres": 14
                },
                "status_progress": true
            },
            "810306": {
                "psu": "Reguler",
                "1001381": 651,
                "1001382": 67,
                "1001383": 202,
                "1001384": 73,
                "1001385": 67,
                "progres": {
                    "total": 9,
                    "persen": 55.56,
                    "progres": 5
                },
                "status_progress": true
            },
            "810307": {
                "psu": "Reguler",
                "1001381": 333,
                "1001382": 366,
                "1001383": 421,
                "1001384": 391,
                "1001385": 394,
                "progres": {
                    "total": 18,
                    "persen": 50.0,
                    "progres": 9
                },
                "status_progress": true
            },
            "810308": {
                "psu": "Reguler",
                "1001381": 351,
                "1001382": 769,
                "1001383": 1281,
                "1001384": 748,
                "1001385": 313,
                "progres": {
                    "total": 14,
                    "persen": 92.86,
                    "progres": 13
                },
                "status_progress": true
            },
            "810309": {
                "psu": "Reguler",
                "1001381": 162,
                "1001382": 549,
                "1001383": 683,
                "1001384": 371,
                "1001385": 159,
                "progres": {
                    "total": 12,
                    "persen": 50.0,
                    "progres": 6
                },
                "status_progress": true
            },
            "810318": {
                "psu": "Reguler",
                "1001381": 377,
                "1001382": 255,
                "1001383": 443,
                "1001384": 147,
                "1001385": 159,
                "progres": {
                    "total": 6,
                    "persen": 83.33,
                    "progres": 5
                },
                "status_progress": true
            }
        }
    },
    "psu": "Reguler",
    "progres": {
        "total": 193,
        "progres": 139
    },
    "ts": "2024-11-28 09:00:00"
}