{
    "mode": "hhcw",
    "tungsura": {
        "chart": {
            "1001386": 18498,
            "1001387": 19896,
            "1001388": 10927,
            "1001389": 18568,
            "progres": {
                "total": 250,
                "persen": 85.2,
                "progres": 213
            }
        },
        "table": {
            "810401": {
                "psu": "Reguler",
                "1001386": 5975,
                "1001387": 4750,
                "1001388": 2995,
                "1001389": 2190,
                "progres": {
                    "total": 50,
                    "persen": 88.0,
                    "progres": 44
                },
                "status_progress": true
            },
            "810402": {
                "psu": "Reguler",
                "1001386": 1231,
                "1001387": 1694,
                "1001388": 1297,
                "1001389": 2561,
                "progres": {
                    "total": 26,
                    "persen": 100.0,
                    "progres": 26
                },
                "status_progress": true
            },
            "810403": {
                "psu": "Reguler",
                "1001386": 2253,
                "1001387": 2599,
                "1001388": 1039,
                "1001389": 1467,
                "progres": {
                    "total": 20,
                    "persen": 100.0,
                    "progres": 20
                },
                "status_progress": true
            },
            "810406": {
                "psu": "Reguler",
                "1001386": 1894,
                "1001387": 3024,
                "1001388": 862,
                "1001389": 1698,
                "progres": {
                    "total": 24,
                    "persen": 100.0,
                    "progres": 24
                },
                "status_progress": true
            },
            "810410": {
                "psu": "Reguler",
                "1001386": 1472,
                "1001387": 745,
                "1001388": 397,
                "1001389": 507,
                "progres": {
                    "total": 14,
                    "persen": 64.29,
                    "progres": 9
                },
                "status_progress": true
            },
            "810411": {
                "psu": "Reguler",
                "1001386": 896,
                "1001387": 1081,
                "1001388": 472,
                "1001389": 3342,
                "progres": {
                    "total": 30,
                    "persen": 76.67,
                    "progres": 23
                },
                "status_progress": true
            },
            "810412": {
                "psu": "Reguler",
                "1001386": 1870,
                "1001387": 2887,
                "1001388": 748,
                "1001389": 3117,
                "progres": {
                    "total": 24,
                    "persen": 100.0,
                    "progres": 24
                },
                "status_progress": true
            },
            "810413": {
                "psu": "Reguler",
                "1001386": 599,
                "1001387": 790,
                "1001388": 1608,
                "1001389": 1951,
                "progres": {
                    "total": 38,
                    "persen": 57.89,
                    "progres": 22
                },
                "status_progress": true
            },
            "810414": {
                "psu": "Reguler",
                "1001386": 463,
                "1001387": 406,
                "1001388": 692,
                "1001389": 688,
                "progres": {
                    "total": 8,
                    "persen": 87.5,
                    "progres": 7
                },
                "status_progress": true
            },
            "810415": {
                "psu": "Reguler",
                "1001386": 1845,
                "1001387": 1920,
                "1001388": 817,
                "1001389": 1047,
                "progres": {
                    "total": 16,
                    "persen": 87.5,
                    "progres": 14
                },
                "status_progress": true
            }
        }
    },
    "psu": "Reguler",
    "progres": {
        "total": 250,
        "progres": 213
    },
    "ts": "2024-11-28 09:00:00"
}