{
    "mode": "hhcw",
    "tungsura": {
        "chart": {
            "1001408": 29306,
            "1001409": 63499,
            "1001410": 7099,
            "1001411": 52163,
            "progres": {
                "total": 514,
                "persen": 93.97,
                "progres": 483
            }
        },
        "table": {
            "817101": {
                "psu": "Reguler",
                "1001408": 6874,
                "1001409": 19338,
                "1001410": 870,
                "1001411": 13521,
                "progres": {
                    "total": 129,
                    "persen": 92.25,
                    "progres": 119
                },
                "status_progress": true
            },
            "817102": {
                "psu": "Reguler",
                "1001408": 12049,
                "1001409": 21699,
                "1001410": 3877,
                "1001411": 21679,
                "progres": {
                    "total": 219,
                    "persen": 92.24,
                    "progres": 202
                },
                "status_progress": true
            },
            "817103": {
                "psu": "Reguler",
                "1001408": 4368,
                "1001409": 12153,
                "1001410": 947,
                "1001411": 9436,
                "progres": {
                    "total": 83,
                    "persen": 100.0,
                    "progres": 83
                },
                "status_progress": true
            },
            "817104": {
                "psu": "Reguler",
                "1001408": 4021,
                "1001409": 7458,
                "1001410": 1341,
                "1001411": 6796,
                "progres": {
                    "total": 65,
                    "persen": 95.38,
                    "progres": 62
                },
                "status_progress": true
            },
            "817105": {
                "psu": "Reguler",
                "1001408": 1994,
                "1001409": 2851,
                "1001410": 64,
                "1001411": 731,
                "progres": {
                    "total": 18,
                    "persen": 94.44,
                    "progres": 17
                },
                "status_progress": true
            }
        }
    },
    "psu": "Reguler",
    "progres": {
        "total": 514,
        "progres": 483
    },
    "ts": "2024-11-28 06:15:00"
}