{
    "mode": "hhcw",
    "tungsura": {
        "chart": {
            "1000860": 86905,
            "1000861": 235934,
            "1000862": 61011,
            "1000863": 155263,
            "1000864": 142856,
            "progres": {
                "total": 1913,
                "persen": 99.37,
                "progres": 1901
            }
        },
        "table": {
            "520301": {
                "psu": "Reguler",
                "1000860": 4590,
                "1000861": 11266,
                "1000862": 2958,
                "1000863": 6120,
                "1000864": 4784,
                "progres": {
                    "total": 84,
                    "persen": 100.0,
                    "progres": 84
                },
                "status_progress": true
            },
            "520302": {
                "psu": "Reguler",
                "1000860": 6778,
                "1000861": 10652,
                "1000862": 2299,
                "1000863": 7779,
                "1000864": 5392,
                "progres": {
                    "total": 91,
                    "persen": 100.0,
                    "progres": 91
                },
                "status_progress": true
            },
            "520303": {
                "psu": "Reguler",
                "1000860": 5111,
                "1000861": 15033,
                "1000862": 3440,
                "1000863": 6483,
                "1000864": 8205,
                "progres": {
                    "total": 113,
                    "persen": 100.0,
                    "progres": 113
                },
                "status_progress": true
            },
            "520304": {
                "psu": "Reguler",
                "1000860": 4990,
                "1000861": 17877,
                "1000862": 2312,
                "1000863": 9236,
                "1000864": 7659,
                "progres": {
                    "total": 112,
                    "persen": 99.11,
                    "progres": 111
                },
                "status_progress": true
            },
            "520305": {
                "psu": "Reguler",
                "1000860": 8671,
                "1000861": 23339,
                "1000862": 4780,
                "1000863": 11129,
                "1000864": 9947,
                "progres": {
                    "total": 147,
                    "persen": 100.0,
                    "progres": 147
                },
                "status_progress": true
            },
            "520306": {
                "psu": "Reguler",
                "1000860": 2361,
                "1000861": 6797,
                "1000862": 998,
                "1000863": 5694,
                "1000864": 3070,
                "progres": {
                    "total": 55,
                    "persen": 100.0,
                    "progres": 55
                },
                "status_progress": true
            },
            "520307": {
                "psu": "Reguler",
                "1000860": 3657,
                "1000861": 17540,
                "1000862": 5842,
                "1000863": 16117,
                "1000864": 5297,
                "progres": {
                    "total": 129,
                    "persen": 99.22,
                    "progres": 128
                },
                "status_progress": true
            },
            "520308": {
                "psu": "Reguler",
                "1000860": 7287,
                "1000861": 18265,
                "1000862": 5661,
                "1000863": 12547,
                "1000864": 8677,
                "progres": {
                    "total": 159,
                    "persen": 100.0,
                    "progres": 159
                },
                "status_progress": true
            },
            "520309": {
                "psu": "Reguler",
                "1000860": 3322,
                "1000861": 10481,
                "1000862": 1603,
                "1000863": 10325,
                "1000864": 8687,
                "progres": {
                    "total": 99,
                    "persen": 98.99,
                    "progres": 98
                },
                "status_progress": true
            },
            "520310": {
                "psu": "Reguler",
                "1000860": 2945,
                "1000861": 6287,
                "1000862": 2683,
                "1000863": 3384,
                "1000864": 3379,
                "progres": {
                    "total": 55,
                    "persen": 98.18,
                    "progres": 54
                },
                "status_progress": true
            },
            "520311": {
                "psu": "Reguler",
                "1000860": 3753,
                "1000861": 6598,
                "1000862": 1862,
                "1000863": 5964,
                "1000864": 6829,
                "progres": {
                    "total": 71,
                    "persen": 100.0,
                    "progres": 71
                },
                "status_progress": true
            },
            "520312": {
                "psu": "Reguler",
                "1000860": 6258,
                "1000861": 12978,
                "1000862": 3428,
                "1000863": 5103,
                "1000864": 3790,
                "progres": {
                    "total": 89,
                    "persen": 97.75,
                    "progres": 87
                },
                "status_progress": true
            },
            "520313": {
                "psu": "Reguler",
                "1000860": 2807,
                "1000861": 9042,
                "1000862": 3934,
                "1000863": 8065,
                "1000864": 8807,
                "progres": {
                    "total": 92,
                    "persen": 100.0,
                    "progres": 92
                },
                "status_progress": true
            },
            "520314": {
                "psu": "Reguler",
                "1000860": 3726,
                "1000861": 10514,
                "1000862": 2934,
                "1000863": 10258,
                "1000864": 7796,
                "progres": {
                    "total": 103,
                    "persen": 97.09,
                    "progres": 100
                },
                "status_progress": true
            },
            "520315": {
                "psu": "Reguler",
                "1000860": 1902,
                "1000861": 3193,
                "1000862": 921,
                "1000863": 2794,
                "1000864": 4967,
                "progres": {
                    "total": 36,
                    "persen": 100.0,
                    "progres": 36
                },
                "status_progress": true
            },
            "520316": {
                "psu": "Reguler",
                "1000860": 3093,
                "1000861": 8458,
                "1000862": 2202,
                "1000863": 3726,
                "1000864": 6756,
                "progres": {
                    "total": 68,
                    "persen": 98.53,
                    "progres": 67
                },
                "status_progress": true
            },
            "520317": {
                "psu": "Reguler",
                "1000860": 3505,
                "1000861": 12290,
                "1000862": 5695,
                "1000863": 7046,
                "1000864": 4707,
                "progres": {
                    "total": 93,
                    "persen": 100.0,
                    "progres": 93
                },
                "status_progress": true
            },
            "520318": {
                "psu": "Reguler",
                "1000860": 1925,
                "1000861": 8425,
                "1000862": 2657,
                "1000863": 5557,
                "1000864": 7146,
                "progres": {
                    "total": 72,
                    "persen": 97.22,
                    "progres": 70
                },
                "status_progress": true
            },
            "520319": {
                "psu": "Reguler",
                "1000860": 4250,
                "1000861": 9284,
                "1000862": 1116,
                "1000863": 7689,
                "1000864": 7678,
                "progres": {
                    "total": 86,
                    "persen": 100.0,
                    "progres": 86
                },
                "status_progress": true
            },
            "520320": {
                "psu": "Reguler",
                "1000860": 4326,
                "1000861": 12908,
                "1000862": 2494,
                "1000863": 7396,
                "1000864": 5608,
                "progres": {
                    "total": 93,
                    "persen": 100.0,
                    "progres": 93
                },
                "status_progress": true
            },
            "520321": {
                "psu": "Reguler",
                "1000860": 1648,
                "1000861": 4707,
                "1000862": 1192,
                "1000863": 2851,
                "1000864": 13675,
                "progres": {
                    "total": 66,
                    "persen": 100.0,
                    "progres": 66
                },
                "status_progress": true
            }
        }
    },
    "psu": "Reguler",
    "progres": {
        "total": 1913,
        "progres": 1901
    },
    "ts": "2024-11-28 09:00:00"
}