{
    "mode": "hhcw",
    "tungsura": {
        "chart": {
            "1000865": 44169,
            "1000866": 100821,
            "1000867": 54811,
            "1000868": 56437,
            "progres": {
                "total": 929,
                "persen": 97.42,
                "progres": 905
            }
        },
        "table": {
            "520402": {
                "psu": "Reguler",
                "1000865": 1533,
                "1000866": 5434,
                "1000867": 2275,
                "1000868": 1403,
                "progres": {
                    "total": 39,
                    "persen": 100.0,
                    "progres": 39
                },
                "status_progress": true
            },
            "520405": {
                "psu": "Reguler",
                "1000865": 2273,
                "1000866": 4134,
                "1000867": 4768,
                "1000868": 4679,
                "progres": {
                    "total": 55,
                    "persen": 100.0,
                    "progres": 55
                },
                "status_progress": true
            },
            "520406": {
                "psu": "Reguler",
                "1000865": 2088,
                "1000866": 4709,
                "1000867": 3449,
                "1000868": 6987,
                "progres": {
                    "total": 66,
                    "persen": 100.0,
                    "progres": 66
                },
                "status_progress": true
            },
            "520407": {
                "psu": "Reguler",
                "1000865": 671,
                "1000866": 1816,
                "1000867": 978,
                "1000868": 1550,
                "progres": {
                    "total": 27,
                    "persen": 74.07,
                    "progres": 20
                },
                "status_progress": true
            },
            "520408": {
                "psu": "Reguler",
                "1000865": 4427,
                "1000866": 14111,
                "1000867": 4953,
                "1000868": 6384,
                "progres": {
                    "total": 114,
                    "persen": 93.86,
                    "progres": 107
                },
                "status_progress": true
            },
            "520409": {
                "psu": "Reguler",
                "1000865": 2567,
                "1000866": 6753,
                "1000867": 2498,
                "1000868": 3788,
                "progres": {
                    "total": 50,
                    "persen": 100.0,
                    "progres": 50
                },
                "status_progress": true
            },
            "520410": {
                "psu": "Reguler",
                "1000865": 3465,
                "1000866": 6180,
                "1000867": 2074,
                "1000868": 2647,
                "progres": {
                    "total": 52,
                    "persen": 100.0,
                    "progres": 52
                },
                "status_progress": true
            },
            "520411": {
                "psu": "Reguler",
                "1000865": 1072,
                "1000866": 674,
                "1000867": 651,
                "1000868": 927,
                "progres": {
                    "total": 13,
                    "persen": 92.31,
                    "progres": 12
                },
                "status_progress": true
            },
            "520412": {
                "psu": "Reguler",
                "1000865": 2076,
                "1000866": 3321,
                "1000867": 2278,
                "1000868": 2147,
                "progres": {
                    "total": 38,
                    "persen": 92.11,
                    "progres": 35
                },
                "status_progress": true
            },
            "520413": {
                "psu": "Reguler",
                "1000865": 3742,
                "1000866": 5432,
                "1000867": 6400,
                "1000868": 2222,
                "progres": {
                    "total": 61,
                    "persen": 98.36,
                    "progres": 60
                },
                "status_progress": true
            },
            "520414": {
                "psu": "Reguler",
                "1000865": 3367,
                "1000866": 6491,
                "1000867": 3114,
                "1000868": 1533,
                "progres": {
                    "total": 44,
                    "persen": 100.0,
                    "progres": 44
                },
                "status_progress": true
            },
            "520417": {
                "psu": "Reguler",
                "1000865": 1266,
                "1000866": 2561,
                "1000867": 4548,
                "1000868": 2852,
                "progres": {
                    "total": 43,
                    "persen": 100.0,
                    "progres": 43
                },
                "status_progress": true
            },
            "520418": {
                "psu": "Reguler",
                "1000865": 2367,
                "1000866": 7465,
                "1000867": 2786,
                "1000868": 3907,
                "progres": {
                    "total": 68,
                    "persen": 94.12,
                    "progres": 64
                },
                "status_progress": true
            },
            "520419": {
                "psu": "Reguler",
                "1000865": 1165,
                "1000866": 2914,
                "1000867": 932,
                "1000868": 974,
                "progres": {
                    "total": 22,
                    "persen": 100.0,
                    "progres": 22
                },
                "status_progress": true
            },
            "520420": {
                "psu": "Reguler",
                "1000865": 1007,
                "1000866": 2259,
                "1000867": 1883,
                "1000868": 2301,
                "progres": {
                    "total": 27,
                    "persen": 100.0,
                    "progres": 27
                },
                "status_progress": true
            },
            "520421": {
                "psu": "Reguler",
                "1000865": 569,
                "1000866": 1850,
                "1000867": 1359,
                "1000868": 760,
                "progres": {
                    "total": 15,
                    "persen": 100.0,
                    "progres": 15
                },
                "status_progress": true
            },
            "520422": {
                "psu": "Reguler",
                "1000865": 1654,
                "1000866": 6663,
                "1000867": 2442,
                "1000868": 2427,
                "progres": {
                    "total": 43,
                    "persen": 100.0,
                    "progres": 43
                },
                "status_progress": true
            },
            "520423": {
                "psu": "Reguler",
                "1000865": 982,
                "1000866": 3342,
                "1000867": 1167,
                "1000868": 1486,
                "progres": {
                    "total": 22,
                    "persen": 100.0,
                    "progres": 22
                },
                "status_progress": true
            },
            "520424": {
                "psu": "Reguler",
                "1000865": 1245,
                "1000866": 2196,
                "1000867": 1485,
                "1000868": 932,
                "progres": {
                    "total": 20,
                    "persen": 95.0,
                    "progres": 19
                },
                "status_progress": true
            },
            "520425": {
                "psu": "Reguler",
                "1000865": 2571,
                "1000866": 4133,
                "1000867": 1581,
                "1000868": 1554,
                "progres": {
                    "total": 37,
                    "persen": 100.0,
                    "progres": 37
                },
                "status_progress": true
            },
            "520426": {
                "psu": "Reguler",
                "1000865": 2253,
                "1000866": 4467,
                "1000867": 1959,
                "1000868": 2501,
                "progres": {
                    "total": 38,
                    "persen": 100.0,
                    "progres": 38
                },
                "status_progress": true
            },
            "520427": {
                "psu": "Reguler",
                "1000865": 998,
                "1000866": 2182,
                "1000867": 499,
                "1000868": 1000,
                "progres": {
                    "total": 14,
                    "persen": 100.0,
                    "progres": 14
                },
                "status_progress": true
            },
            "520428": {
                "psu": "Reguler",
                "1000865": 378,
                "1000866": 1237,
                "1000867": 435,
                "1000868": 679,
                "progres": {
                    "total": 14,
                    "persen": 100.0,
                    "progres": 14
                },
                "status_progress": true
            },
            "520429": {
                "psu": "Reguler",
                "1000865": 433,
                "1000866": 497,
                "1000867": 297,
                "1000868": 797,
                "progres": {
                    "total": 7,
                    "persen": 100.0,
                    "progres": 7
                },
                "status_progress": true
            }
        }
    },
    "psu": "Reguler",
    "progres": {
        "total": 929,
        "progres": 905
    },
    "ts": "2024-11-28 09:00:00"
}