{
    "mode": "hhcw",
    "tungsura": {
        "chart": {
            "1000869": 84776,
            "1000870": 75274,
            "progres": {
                "total": 429,
                "persen": 98.6,
                "progres": 423
            }
        },
        "table": {
            "520501": {
                "psu": "Reguler",
                "1000869": 18470,
                "1000870": 17333,
                "progres": {
                    "total": 82,
                    "persen": 100.0,
                    "progres": 82
                },
                "status_progress": true
            },
            "520502": {
                "psu": "Reguler",
                "1000869": 7551,
                "1000870": 5844,
                "progres": {
                    "total": 37,
                    "persen": 100.0,
                    "progres": 37
                },
                "status_progress": true
            },
            "520503": {
                "psu": "Reguler",
                "1000869": 5731,
                "1000870": 5239,
                "progres": {
                    "total": 31,
                    "persen": 87.1,
                    "progres": 27
                },
                "status_progress": true
            },
            "520504": {
                "psu": "Reguler",
                "1000869": 5306,
                "1000870": 4312,
                "progres": {
                    "total": 21,
                    "persen": 100.0,
                    "progres": 21
                },
                "status_progress": true
            },
            "520505": {
                "psu": "Reguler",
                "1000869": 19720,
                "1000870": 17887,
                "progres": {
                    "total": 96,
                    "persen": 100.0,
                    "progres": 96
                },
                "status_progress": true
            },
            "520506": {
                "psu": "Reguler",
                "1000869": 12385,
                "1000870": 9812,
                "progres": {
                    "total": 71,
                    "persen": 100.0,
                    "progres": 71
                },
                "status_progress": true
            },
            "520507": {
                "psu": "Reguler",
                "1000869": 11033,
                "1000870": 10267,
                "progres": {
                    "total": 64,
                    "persen": 98.44,
                    "progres": 63
                },
                "status_progress": true
            },
            "520508": {
                "psu": "Reguler",
                "1000869": 4580,
                "1000870": 4580,
                "progres": {
                    "total": 27,
                    "persen": 96.3,
                    "progres": 26
                },
                "status_progress": true
            }
        }
    },
    "psu": "Reguler",
    "progres": {
        "total": 429,
        "progres": 423
    },
    "ts": "2024-11-28 09:00:00"
}