{
    "mode": "hhcw",
    "tungsura": {
        "chart": {
            "1000880": 85484,
            "1000881": 111714,
            "progres": {
                "total": 581,
                "persen": 99.14,
                "progres": 576
            }
        },
        "table": {
            "527101": {
                "psu": "Reguler",
                "1000880": 18992,
                "1000881": 20150,
                "progres": {
                    "total": 115,
                    "persen": 99.13,
                    "progres": 114
                },
                "status_progress": true
            },
            "527102": {
                "psu": "Reguler",
                "1000880": 12363,
                "1000881": 23577,
                "progres": {
                    "total": 106,
                    "persen": 100.0,
                    "progres": 106
                },
                "status_progress": true
            },
            "527103": {
                "psu": "Reguler",
                "1000880": 15973,
                "1000881": 15039,
                "progres": {
                    "total": 95,
                    "persen": 98.95,
                    "progres": 94
                },
                "status_progress": true
            },
            "527104": {
                "psu": "Reguler",
                "1000880": 10015,
                "1000881": 15780,
                "progres": {
                    "total": 79,
                    "persen": 98.73,
                    "progres": 78
                },
                "status_progress": true
            },
            "527105": {
                "psu": "Reguler",
                "1000880": 15010,
                "1000881": 19803,
                "progres": {
                    "total": 98,
                    "persen": 100.0,
                    "progres": 98
                },
                "status_progress": true
            },
            "527106": {
                "psu": "Reguler",
                "1000880": 13131,
                "1000881": 17365,
                "progres": {
                    "total": 88,
                    "persen": 97.73,
                    "progres": 86
                },
                "status_progress": true
            }
        }
    },
    "psu": "Reguler",
    "progres": {
        "total": 581,
        "progres": 576
    },
    "ts": "2024-11-28 08:00:00"
}