{
    "mode": "hhcw",
    "tungsura": {
        "chart": {
            "1000530": 49325,
            "1000531": 22933,
            "progres": {
                "total": 270,
                "persen": 99.63,
                "progres": 269
            }
        },
        "table": {
            "210104": {
                "psu": "Reguler",
                "1000530": 5613,
                "1000531": 2190,
                "progres": {
                    "total": 30,
                    "persen": 100.0,
                    "progres": 30
                },
                "status_progress": true
            },
            "210106": {
                "psu": "Reguler",
                "1000530": 13784,
                "1000531": 6858,
                "progres": {
                    "total": 69,
                    "persen": 100.0,
                    "progres": 69
                },
                "status_progress": true
            },
            "210107": {
                "psu": "Reguler",
                "1000530": 5867,
                "1000531": 2897,
                "progres": {
                    "total": 35,
                    "persen": 100.0,
                    "progres": 35
                },
                "status_progress": true
            },
            "210108": {
                "psu": "Reguler",
                "1000530": 4327,
                "1000531": 1677,
                "progres": {
                    "total": 22,
                    "persen": 100.0,
                    "progres": 22
                },
                "status_progress": true
            },
            "210109": {
                "psu": "Reguler",
                "1000530": 1752,
                "1000531": 630,
                "progres": {
                    "total": 11,
                    "persen": 90.91,
                    "progres": 10
                },
                "status_progress": true
            },
            "210110": {
                "psu": "Reguler",
                "1000530": 4621,
                "1000531": 2727,
                "progres": {
                    "total": 29,
                    "persen": 100.0,
                    "progres": 29
                },
                "status_progress": true
            },
            "210112": {
                "psu": "Reguler",
                "1000530": 4776,
                "1000531": 2033,
                "progres": {
                    "total": 22,
                    "persen": 100.0,
                    "progres": 22
                },
                "status_progress": true
            },
            "210113": {
                "psu": "Reguler",
                "1000530": 1869,
                "1000531": 518,
                "progres": {
                    "total": 12,
                    "persen": 100.0,
                    "progres": 12
                },
                "status_progress": true
            },
            "210114": {
                "psu": "Reguler",
                "1000530": 2053,
                "1000531": 772,
                "progres": {
                    "total": 13,
                    "persen": 100.0,
                    "progres": 13
                },
                "status_progress": true
            },
            "210115": {
                "psu": "Reguler",
                "1000530": 4663,
                "1000531": 2631,
                "progres": {
                    "total": 27,
                    "persen": 100.0,
                    "progres": 27
                },
                "status_progress": true
            }
        }
    },
    "psu": "Reguler",
    "progres": {
        "total": 270,
        "progres": 269
    },
    "ts": "2024-11-28 01:30:00"
}