{
    "mode": "hhcw",
    "tungsura": {
        "chart": {
            "1000543": 143246,
            "1000544": 278130,
            "progres": {
                "total": 1821,
                "persen": 100.0,
                "progres": 1821
            }
        },
        "table": {
            "217101": {
                "psu": "Reguler",
                "1000543": 1942,
                "1000544": 8521,
                "progres": {
                    "total": 43,
                    "persen": 100.0,
                    "progres": 43
                },
                "status_progress": true
            },
            "217102": {
                "psu": "Reguler",
                "1000543": 6822,
                "1000544": 13756,
                "progres": {
                    "total": 87,
                    "persen": 100.0,
                    "progres": 87
                },
                "status_progress": true
            },
            "217103": {
                "psu": "Reguler",
                "1000543": 19578,
                "1000544": 43864,
                "progres": {
                    "total": 238,
                    "persen": 100.0,
                    "progres": 238
                },
                "status_progress": true
            },
            "217104": {
                "psu": "Reguler",
                "1000543": 12303,
                "1000544": 19940,
                "progres": {
                    "total": 137,
                    "persen": 100.0,
                    "progres": 137
                },
                "status_progress": true
            },
            "217105": {
                "psu": "Reguler",
                "1000543": 1244,
                "1000544": 4636,
                "progres": {
                    "total": 25,
                    "persen": 100.0,
                    "progres": 25
                },
                "status_progress": true
            },
            "217106": {
                "psu": "Reguler",
                "1000543": 5952,
                "1000544": 19706,
                "progres": {
                    "total": 143,
                    "persen": 100.0,
                    "progres": 143
                },
                "status_progress": true
            },
            "217107": {
                "psu": "Reguler",
                "1000543": 11769,
                "1000544": 21513,
                "progres": {
                    "total": 136,
                    "persen": 100.0,
                    "progres": 136
                },
                "status_progress": true
            },
            "217108": {
                "psu": "Reguler",
                "1000543": 1379,
                "1000544": 7692,
                "progres": {
                    "total": 44,
                    "persen": 100.0,
                    "progres": 44
                },
                "status_progress": true
            },
            "217109": {
                "psu": "Reguler",
                "1000543": 17358,
                "1000544": 27344,
                "progres": {
                    "total": 188,
                    "persen": 100.0,
                    "progres": 188
                },
                "status_progress": true
            },
            "217110": {
                "psu": "Reguler",
                "1000543": 22423,
                "1000544": 41558,
                "progres": {
                    "total": 281,
                    "persen": 100.0,
                    "progres": 281
                },
                "status_progress": true
            },
            "217111": {
                "psu": "Reguler",
                "1000543": 27337,
                "1000544": 40976,
                "progres": {
                    "total": 301,
                    "persen": 100.0,
                    "progres": 301
                },
                "status_progress": true
            },
            "217112": {
                "psu": "Reguler",
                "1000543": 15139,
                "1000544": 28624,
                "progres": {
                    "total": 198,
                    "persen": 100.0,
                    "progres": 198
                },
                "status_progress": true
            }
        }
    },
    "psu": "Reguler",
    "progres": {
        "total": 1821,
        "progres": 1821
    },
    "ts": "2024-11-27 22:45:00"
}