{
    "mode": "hhcw",
    "tungsura": {
        "chart": {
            "1000545": 29059,
            "1000546": 64438,
            "progres": {
                "total": 323,
                "persen": 100.0,
                "progres": 323
            }
        },
        "table": {
            "217201": {
                "psu": "Reguler",
                "1000545": 5316,
                "1000546": 12763,
                "progres": {
                    "total": 63,
                    "persen": 100.0,
                    "progres": 63
                },
                "status_progress": true
            },
            "217202": {
                "psu": "Reguler",
                "1000545": 13514,
                "1000546": 30668,
                "progres": {
                    "total": 148,
                    "persen": 100.0,
                    "progres": 148
                },
                "status_progress": true
            },
            "217203": {
                "psu": "Reguler",
                "1000545": 3446,
                "1000546": 5201,
                "progres": {
                    "total": 32,
                    "persen": 100.0,
                    "progres": 32
                },
                "status_progress": true
            },
            "217204": {
                "psu": "Reguler",
                "1000545": 6783,
                "1000546": 15806,
                "progres": {
                    "total": 80,
                    "persen": 100.0,
                    "progres": 80
                },
                "status_progress": true
            }
        }
    },
    "psu": "Reguler",
    "progres": {
        "total": 323,
        "progres": 323
    },
    "ts": "2024-11-27 22:30:00"
}