{
    "mode": "hhcw",
    "tungsura": {
        "chart": {
            "1000451": 63486,
            "1000452": 27908,
            "1000453": 52660,
            "progres": {
                "total": 445,
                "persen": 100.0,
                "progres": 445
            }
        },
        "table": {
            "170206": {
                "psu": "Reguler",
                "1000451": 1504,
                "1000452": 797,
                "1000453": 3544,
                "progres": {
                    "total": 21,
                    "persen": 100.0,
                    "progres": 21
                },
                "status_progress": true
            },
            "170207": {
                "psu": "Reguler",
                "1000451": 4884,
                "1000452": 1141,
                "1000453": 4908,
                "progres": {
                    "total": 36,
                    "persen": 100.0,
                    "progres": 36
                },
                "status_progress": true
            },
            "170208": {
                "psu": "Reguler",
                "1000451": 3148,
                "1000452": 2033,
                "1000453": 1885,
                "progres": {
                    "total": 23,
                    "persen": 100.0,
                    "progres": 23
                },
                "status_progress": true
            },
            "170209": {
                "psu": "Reguler",
                "1000451": 6011,
                "1000452": 3065,
                "1000453": 4124,
                "progres": {
                    "total": 40,
                    "persen": 100.0,
                    "progres": 40
                },
                "status_progress": true
            },
            "170210": {
                "psu": "Reguler",
                "1000451": 3787,
                "1000452": 1108,
                "1000453": 3144,
                "progres": {
                    "total": 23,
                    "persen": 100.0,
                    "progres": 23
                },
                "status_progress": true
            },
            "170211": {
                "psu": "Reguler",
                "1000451": 8575,
                "1000452": 3732,
                "1000453": 6776,
                "progres": {
                    "total": 53,
                    "persen": 100.0,
                    "progres": 53
                },
                "status_progress": true
            },
            "170216": {
                "psu": "Reguler",
                "1000451": 4221,
                "1000452": 1663,
                "1000453": 4383,
                "progres": {
                    "total": 33,
                    "persen": 100.0,
                    "progres": 33
                },
                "status_progress": true
            },
            "170217": {
                "psu": "Reguler",
                "1000451": 5909,
                "1000452": 2665,
                "1000453": 4720,
                "progres": {
                    "total": 37,
                    "persen": 100.0,
                    "progres": 37
                },
                "status_progress": true
            },
            "170218": {
                "psu": "Reguler",
                "1000451": 5184,
                "1000452": 2487,
                "1000453": 4927,
                "progres": {
                    "total": 35,
                    "persen": 100.0,
                    "progres": 35
                },
                "status_progress": true
            },
            "170219": {
                "psu": "Reguler",
                "1000451": 6952,
                "1000452": 3548,
                "1000453": 6088,
                "progres": {
                    "total": 47,
                    "persen": 100.0,
                    "progres": 47
                },
                "status_progress": true
            },
            "170220": {
                "psu": "Reguler",
                "1000451": 2550,
                "1000452": 1066,
                "1000453": 955,
                "progres": {
                    "total": 18,
                    "persen": 100.0,
                    "progres": 18
                },
                "status_progress": true
            },
            "170221": {
                "psu": "Reguler",
                "1000451": 3829,
                "1000452": 1238,
                "1000453": 1358,
                "progres": {
                    "total": 21,
                    "persen": 100.0,
                    "progres": 21
                },
                "status_progress": true
            },
            "170222": {
                "psu": "Reguler",
                "1000451": 2032,
                "1000452": 1148,
                "1000453": 1784,
                "progres": {
                    "total": 18,
                    "persen": 100.0,
                    "progres": 18
                },
                "status_progress": true
            },
            "170223": {
                "psu": "Reguler",
                "1000451": 2156,
                "1000452": 823,
                "1000453": 1718,
                "progres": {
                    "total": 18,
                    "persen": 100.0,
                    "progres": 18
                },
                "status_progress": true
            },
            "170224": {
                "psu": "Reguler",
                "1000451": 2744,
                "1000452": 1394,
                "1000453": 2346,
                "progres": {
                    "total": 22,
                    "persen": 100.0,
                    "progres": 22
                },
                "status_progress": true
            }
        }
    },
    "psu": "Reguler",
    "progres": {
        "total": 445,
        "progres": 445
    },
    "ts": "2024-11-28 08:45:00"
}