{
    "mode": "hhcw",
    "tungsura": {
        "chart": {
            "1000459": 76596,
            "1000460": 51932,
            "progres": {
                "total": 374,
                "persen": 100.0,
                "progres": 374
            }
        },
        "table": {
            "170501": {
                "psu": "Reguler",
                "1000459": 12122,
                "1000460": 8474,
                "progres": {
                    "total": 54,
                    "persen": 100.0,
                    "progres": 54
                },
                "status_progress": true
            },
            "170502": {
                "psu": "Reguler",
                "1000459": 3894,
                "1000460": 2502,
                "progres": {
                    "total": 16,
                    "persen": 100.0,
                    "progres": 16
                },
                "status_progress": true
            },
            "170503": {
                "psu": "Reguler",
                "1000459": 4593,
                "1000460": 3149,
                "progres": {
                    "total": 22,
                    "persen": 100.0,
                    "progres": 22
                },
                "status_progress": true
            },
            "170504": {
                "psu": "Reguler",
                "1000459": 5656,
                "1000460": 3626,
                "progres": {
                    "total": 31,
                    "persen": 100.0,
                    "progres": 31
                },
                "status_progress": true
            },
            "170505": {
                "psu": "Reguler",
                "1000459": 9523,
                "1000460": 5749,
                "progres": {
                    "total": 48,
                    "persen": 100.0,
                    "progres": 48
                },
                "status_progress": true
            },
            "170506": {
                "psu": "Reguler",
                "1000459": 8043,
                "1000460": 6193,
                "progres": {
                    "total": 38,
                    "persen": 100.0,
                    "progres": 38
                },
                "status_progress": true
            },
            "170507": {
                "psu": "Reguler",
                "1000459": 4169,
                "1000460": 3037,
                "progres": {
                    "total": 25,
                    "persen": 100.0,
                    "progres": 25
                },
                "status_progress": true
            },
            "170508": {
                "psu": "Reguler",
                "1000459": 3603,
                "1000460": 2646,
                "progres": {
                    "total": 17,
                    "persen": 100.0,
                    "progres": 17
                },
                "status_progress": true
            },
            "170509": {
                "psu": "Reguler",
                "1000459": 4096,
                "1000460": 2876,
                "progres": {
                    "total": 18,
                    "persen": 100.0,
                    "progres": 18
                },
                "status_progress": true
            },
            "170510": {
                "psu": "Reguler",
                "1000459": 3455,
                "1000460": 2168,
                "progres": {
                    "total": 17,
                    "persen": 100.0,
                    "progres": 17
                },
                "status_progress": true
            },
            "170511": {
                "psu": "Reguler",
                "1000459": 5511,
                "1000460": 2928,
                "progres": {
                    "total": 22,
                    "persen": 100.0,
                    "progres": 22
                },
                "status_progress": true
            },
            "170512": {
                "psu": "Reguler",
                "1000459": 3877,
                "1000460": 2841,
                "progres": {
                    "total": 21,
                    "persen": 100.0,
                    "progres": 21
                },
                "status_progress": true
            },
            "170513": {
                "psu": "Reguler",
                "1000459": 2469,
                "1000460": 1270,
                "progres": {
                    "total": 16,
                    "persen": 100.0,
                    "progres": 16
                },
                "status_progress": true
            },
            "170514": {
                "psu": "Reguler",
                "1000459": 5585,
                "1000460": 4473,
                "progres": {
                    "total": 29,
                    "persen": 100.0,
                    "progres": 29
                },
                "status_progress": true
            }
        }
    },
    "psu": "Reguler",
    "progres": {
        "total": 374,
        "progres": 374
    },
    "ts": "2024-11-27 23:15:00"
}