{
    "mode": "hhcw",
    "tungsura": {
        "chart": {
            "1000519": 64795,
            "1000520": 12134,
            "progres": {
                "total": 300,
                "persen": 100.0,
                "progres": 300
            }
        },
        "table": {
            "190301": {
                "psu": "Reguler",
                "1000519": 22194,
                "1000520": 5602,
                "progres": {
                    "total": 114,
                    "persen": 100.0,
                    "progres": 114
                },
                "status_progress": true
            },
            "190302": {
                "psu": "Reguler",
                "1000519": 2290,
                "1000520": 636,
                "progres": {
                    "total": 13,
                    "persen": 100.0,
                    "progres": 13
                },
                "status_progress": true
            },
            "190303": {
                "psu": "Reguler",
                "1000519": 15947,
                "1000520": 1313,
                "progres": {
                    "total": 64,
                    "persen": 100.0,
                    "progres": 64
                },
                "status_progress": true
            },
            "190304": {
                "psu": "Reguler",
                "1000519": 7283,
                "1000520": 1155,
                "progres": {
                    "total": 37,
                    "persen": 100.0,
                    "progres": 37
                },
                "status_progress": true
            },
            "190305": {
                "psu": "Reguler",
                "1000519": 7879,
                "1000520": 1694,
                "progres": {
                    "total": 30,
                    "persen": 100.0,
                    "progres": 30
                },
                "status_progress": true
            },
            "190306": {
                "psu": "Reguler",
                "1000519": 4720,
                "1000520": 522,
                "progres": {
                    "total": 19,
                    "persen": 100.0,
                    "progres": 19
                },
                "status_progress": true
            },
            "190307": {
                "psu": "Reguler",
                "1000519": 3218,
                "1000520": 904,
                "progres": {
                    "total": 17,
                    "persen": 100.0,
                    "progres": 17
                },
                "status_progress": true
            },
            "190308": {
                "psu": "Reguler",
                "1000519": 1264,
                "1000520": 308,
                "progres": {
                    "total": 6,
                    "persen": 100.0,
                    "progres": 6
                },
                "status_progress": true
            }
        }
    },
    "psu": "Reguler",
    "progres": {
        "total": 300,
        "progres": 300
    },
    "ts": "2024-11-27 20:30:00"
}