{
    "mode": "hhcw",
    "tungsura": {
        "chart": {
            "1000376": 1300,
            "1000377": 11382,
            "1000378": 22071,
            "1000379": 49976,
            "1000380": 78228,
            "progres": {
                "total": 544,
                "persen": 99.26,
                "progres": 540
            }
        },
        "table": {
            "150301": {
                "psu": "Reguler",
                "1000376": 100,
                "1000377": 2033,
                "1000378": 834,
                "1000379": 1957,
                "1000380": 5484,
                "progres": {
                    "total": 56,
                    "persen": 100.0,
                    "progres": 56
                },
                "status_progress": true
            },
            "150302": {
                "psu": "Reguler",
                "1000376": 70,
                "1000377": 3363,
                "1000378": 1017,
                "1000379": 1901,
                "1000380": 3271,
                "progres": {
                    "total": 47,
                    "persen": 91.49,
                    "progres": 43
                },
                "status_progress": true
            },
            "150303": {
                "psu": "Reguler",
                "1000376": 474,
                "1000377": 2911,
                "1000378": 4776,
                "1000379": 5679,
                "1000380": 17277,
                "progres": {
                    "total": 92,
                    "persen": 100.0,
                    "progres": 92
                },
                "status_progress": true
            },
            "150304": {
                "psu": "Reguler",
                "1000376": 65,
                "1000377": 325,
                "1000378": 1278,
                "1000379": 4919,
                "1000380": 6766,
                "progres": {
                    "total": 48,
                    "persen": 100.0,
                    "progres": 48
                },
                "status_progress": true
            },
            "150305": {
                "psu": "Reguler",
                "1000376": 135,
                "1000377": 1185,
                "1000378": 4416,
                "1000379": 6633,
                "1000380": 6977,
                "progres": {
                    "total": 57,
                    "persen": 100.0,
                    "progres": 57
                },
                "status_progress": true
            },
            "150306": {
                "psu": "Reguler",
                "1000376": 53,
                "1000377": 135,
                "1000378": 2454,
                "1000379": 4930,
                "1000380": 5926,
                "progres": {
                    "total": 46,
                    "persen": 100.0,
                    "progres": 46
                },
                "status_progress": true
            },
            "150307": {
                "psu": "Reguler",
                "1000376": 191,
                "1000377": 294,
                "1000378": 1028,
                "1000379": 6268,
                "1000380": 7104,
                "progres": {
                    "total": 45,
                    "persen": 100.0,
                    "progres": 45
                },
                "status_progress": true
            },
            "150308": {
                "psu": "Reguler",
                "1000376": 60,
                "1000377": 386,
                "1000378": 480,
                "1000379": 3250,
                "1000380": 7842,
                "progres": {
                    "total": 38,
                    "persen": 100.0,
                    "progres": 38
                },
                "status_progress": true
            },
            "150309": {
                "psu": "Reguler",
                "1000376": 99,
                "1000377": 447,
                "1000378": 4666,
                "1000379": 8125,
                "1000380": 9908,
                "progres": {
                    "total": 63,
                    "persen": 100.0,
                    "progres": 63
                },
                "status_progress": true
            },
            "150310": {
                "psu": "Reguler",
                "1000376": 21,
                "1000377": 218,
                "1000378": 813,
                "1000379": 2334,
                "1000380": 4188,
                "progres": {
                    "total": 27,
                    "persen": 100.0,
                    "progres": 27
                },
                "status_progress": true
            },
            "150311": {
                "psu": "Reguler",
                "1000376": 32,
                "1000377": 85,
                "1000378": 309,
                "1000379": 3980,
                "1000380": 3485,
                "progres": {
                    "total": 25,
                    "persen": 100.0,
                    "progres": 25
                },
                "status_progress": true
            }
        }
    },
    "psu": "Reguler",
    "progres": {
        "total": 544,
        "progres": 540
    },
    "ts": "2024-11-28 09:00:00"
}