{
    "mode": "hhcw",
    "tungsura": {
        "chart": {
            "1000398": 20023,
            "1000399": 15758,
            "1000400": 9840,
            "1000401": 6090,
            "1000402": 626,
            "progres": {
                "total": 156,
                "persen": 93.59,
                "progres": 146
            }
        },
        "table": {
            "157201": {
                "psu": "Reguler",
                "1000398": 2191,
                "1000399": 1592,
                "1000400": 958,
                "1000401": 396,
                "1000402": 118,
                "progres": {
                    "total": 16,
                    "persen": 100.0,
                    "progres": 16
                },
                "status_progress": true
            },
            "157202": {
                "psu": "Reguler",
                "1000398": 943,
                "1000399": 3622,
                "1000400": 1083,
                "1000401": 237,
                "1000402": 13,
                "progres": {
                    "total": 21,
                    "persen": 80.95,
                    "progres": 17
                },
                "status_progress": true
            },
            "157203": {
                "psu": "Reguler",
                "1000398": 2929,
                "1000399": 3248,
                "1000400": 1065,
                "1000401": 1938,
                "1000402": 207,
                "progres": {
                    "total": 25,
                    "persen": 100.0,
                    "progres": 25
                },
                "status_progress": true
            },
            "157204": {
                "psu": "Reguler",
                "1000398": 1501,
                "1000399": 1531,
                "1000400": 1020,
                "1000401": 1934,
                "1000402": 79,
                "progres": {
                    "total": 19,
                    "persen": 100.0,
                    "progres": 19
                },
                "status_progress": true
            },
            "157205": {
                "psu": "Reguler",
                "1000398": 5512,
                "1000399": 580,
                "1000400": 101,
                "1000401": 242,
                "1000402": 5,
                "progres": {
                    "total": 17,
                    "persen": 88.24,
                    "progres": 15
                },
                "status_progress": true
            },
            "157206": {
                "psu": "Reguler",
                "1000398": 3480,
                "1000399": 1778,
                "1000400": 3674,
                "1000401": 588,
                "1000402": 134,
                "progres": {
                    "total": 26,
                    "persen": 100.0,
                    "progres": 26
                },
                "status_progress": true
            },
            "157207": {
                "psu": "Reguler",
                "1000398": 794,
                "1000399": 1594,
                "1000400": 814,
                "1000401": 278,
                "1000402": 3,
                "progres": {
                    "total": 15,
                    "persen": 73.33,
                    "progres": 11
                },
                "status_progress": true
            },
            "157208": {
                "psu": "Reguler",
                "1000398": 2673,
                "1000399": 1813,
                "1000400": 1125,
                "1000401": 477,
                "1000402": 67,
                "progres": {
                    "total": 17,
                    "persen": 100.0,
                    "progres": 17
                },
                "status_progress": true
            }
        }
    },
    "psu": "Reguler",
    "progres": {
        "total": 156,
        "progres": 146
    },
    "ts": "2024-11-28 03:45:00"
}