{
    "mode": "hhcw",
    "tungsura": {
        "chart": {
            "1000712": 80902,
            "1000713": 230804,
            "1000714": 219464,
            "progres": {
                "total": 1487,
                "persen": 100.0,
                "progres": 1487
            }
        },
        "table": {
            "340201": {
                "psu": "Reguler",
                "1000712": 2687,
                "1000713": 7851,
                "1000714": 6721,
                "progres": {
                    "total": 48,
                    "persen": 100.0,
                    "progres": 48
                },
                "status_progress": true
            },
            "340202": {
                "psu": "Reguler",
                "1000712": 2610,
                "1000713": 8262,
                "1000714": 7035,
                "progres": {
                    "total": 50,
                    "persen": 100.0,
                    "progres": 50
                },
                "status_progress": true
            },
            "340203": {
                "psu": "Reguler",
                "1000712": 3139,
                "1000713": 7055,
                "1000714": 7619,
                "progres": {
                    "total": 48,
                    "persen": 100.0,
                    "progres": 48
                },
                "status_progress": true
            },
            "340204": {
                "psu": "Reguler",
                "1000712": 3143,
                "1000713": 9197,
                "1000714": 8565,
                "progres": {
                    "total": 57,
                    "persen": 100.0,
                    "progres": 57
                },
                "status_progress": true
            },
            "340205": {
                "psu": "Reguler",
                "1000712": 3205,
                "1000713": 9151,
                "1000714": 10955,
                "progres": {
                    "total": 64,
                    "persen": 100.0,
                    "progres": 64
                },
                "status_progress": true
            },
            "340206": {
                "psu": "Reguler",
                "1000712": 3988,
                "1000713": 14371,
                "1000714": 11875,
                "progres": {
                    "total": 79,
                    "persen": 100.0,
                    "progres": 79
                },
                "status_progress": true
            },
            "340207": {
                "psu": "Reguler",
                "1000712": 2100,
                "1000713": 9144,
                "1000714": 11920,
                "progres": {
                    "total": 58,
                    "persen": 100.0,
                    "progres": 58
                },
                "status_progress": true
            },
            "340208": {
                "psu": "Reguler",
                "1000712": 7524,
                "1000713": 15928,
                "1000714": 13462,
                "progres": {
                    "total": 100,
                    "persen": 100.0,
                    "progres": 100
                },
                "status_progress": true
            },
            "340209": {
                "psu": "Reguler",
                "1000712": 5352,
                "1000713": 16591,
                "1000714": 12386,
                "progres": {
                    "total": 90,
                    "persen": 100.0,
                    "progres": 90
                },
                "status_progress": true
            },
            "340210": {
                "psu": "Reguler",
                "1000712": 3629,
                "1000713": 17377,
                "1000714": 17173,
                "progres": {
                    "total": 98,
                    "persen": 100.0,
                    "progres": 98
                },
                "status_progress": true
            },
            "340211": {
                "psu": "Reguler",
                "1000712": 2023,
                "1000713": 11145,
                "1000714": 11887,
                "progres": {
                    "total": 73,
                    "persen": 100.0,
                    "progres": 73
                },
                "status_progress": true
            },
            "340212": {
                "psu": "Reguler",
                "1000712": 7505,
                "1000713": 21572,
                "1000714": 25745,
                "progres": {
                    "total": 175,
                    "persen": 100.0,
                    "progres": 175
                },
                "status_progress": true
            },
            "340213": {
                "psu": "Reguler",
                "1000712": 3297,
                "1000713": 13293,
                "1000714": 11541,
                "progres": {
                    "total": 73,
                    "persen": 100.0,
                    "progres": 73
                },
                "status_progress": true
            },
            "340214": {
                "psu": "Reguler",
                "1000712": 3324,
                "1000713": 14110,
                "1000714": 12888,
                "progres": {
                    "total": 81,
                    "persen": 100.0,
                    "progres": 81
                },
                "status_progress": true
            },
            "340215": {
                "psu": "Reguler",
                "1000712": 14798,
                "1000713": 21932,
                "1000714": 17838,
                "progres": {
                    "total": 156,
                    "persen": 100.0,
                    "progres": 156
                },
                "status_progress": true
            },
            "340216": {
                "psu": "Reguler",
                "1000712": 9380,
                "1000713": 21205,
                "1000714": 21653,
                "progres": {
                    "total": 165,
                    "persen": 100.0,
                    "progres": 165
                },
                "status_progress": true
            },
            "340217": {
                "psu": "Reguler",
                "1000712": 3198,
                "1000713": 12620,
                "1000714": 10201,
                "progres": {
                    "total": 72,
                    "persen": 100.0,
                    "progres": 72
                },
                "status_progress": true
            }
        }
    },
    "psu": "Reguler",
    "progres": {
        "total": 1487,
        "progres": 1487
    },
    "ts": "2024-11-27 22:15:00"
}