{
    "mode": "hhcw",
    "tungsura": {
        "chart": {
            "1000715": 179460,
            "1000716": 131122,
            "1000717": 129716,
            "progres": {
                "total": 1355,
                "persen": 100.0,
                "progres": 1355
            }
        },
        "table": {
            "340301": {
                "psu": "Reguler",
                "1000715": 16056,
                "1000716": 20740,
                "1000717": 15586,
                "progres": {
                    "total": 148,
                    "persen": 100.0,
                    "progres": 148
                },
                "status_progress": true
            },
            "340302": {
                "psu": "Reguler",
                "1000715": 4952,
                "1000716": 4688,
                "1000717": 9955,
                "progres": {
                    "total": 60,
                    "persen": 100.0,
                    "progres": 60
                },
                "status_progress": true
            },
            "340303": {
                "psu": "Reguler",
                "1000715": 10078,
                "1000716": 14837,
                "1000717": 10039,
                "progres": {
                    "total": 95,
                    "persen": 100.0,
                    "progres": 95
                },
                "status_progress": true
            },
            "340304": {
                "psu": "Reguler",
                "1000715": 5338,
                "1000716": 7982,
                "1000717": 6141,
                "progres": {
                    "total": 54,
                    "persen": 100.0,
                    "progres": 54
                },
                "status_progress": true
            },
            "340305": {
                "psu": "Reguler",
                "1000715": 7877,
                "1000716": 4668,
                "1000717": 6276,
                "progres": {
                    "total": 61,
                    "persen": 100.0,
                    "progres": 61
                },
                "status_progress": true
            },
            "340306": {
                "psu": "Reguler",
                "1000715": 9509,
                "1000716": 3740,
                "1000717": 4320,
                "progres": {
                    "total": 52,
                    "persen": 100.0,
                    "progres": 52
                },
                "status_progress": true
            },
            "340307": {
                "psu": "Reguler",
                "1000715": 10971,
                "1000716": 4497,
                "1000717": 4686,
                "progres": {
                    "total": 72,
                    "persen": 100.0,
                    "progres": 72
                },
                "status_progress": true
            },
            "340308": {
                "psu": "Reguler",
                "1000715": 15653,
                "1000716": 8742,
                "1000717": 10200,
                "progres": {
                    "total": 119,
                    "persen": 100.0,
                    "progres": 119
                },
                "status_progress": true
            },
            "340309": {
                "psu": "Reguler",
                "1000715": 7180,
                "1000716": 17463,
                "1000717": 7024,
                "progres": {
                    "total": 94,
                    "persen": 100.0,
                    "progres": 94
                },
                "status_progress": true
            },
            "340310": {
                "psu": "Reguler",
                "1000715": 19878,
                "1000716": 6401,
                "1000717": 6602,
                "progres": {
                    "total": 101,
                    "persen": 100.0,
                    "progres": 101
                },
                "status_progress": true
            },
            "340311": {
                "psu": "Reguler",
                "1000715": 9936,
                "1000716": 2890,
                "1000717": 4657,
                "progres": {
                    "total": 58,
                    "persen": 100.0,
                    "progres": 58
                },
                "status_progress": true
            },
            "340312": {
                "psu": "Reguler",
                "1000715": 13339,
                "1000716": 10944,
                "1000717": 8063,
                "progres": {
                    "total": 108,
                    "persen": 100.0,
                    "progres": 108
                },
                "status_progress": true
            },
            "340313": {
                "psu": "Reguler",
                "1000715": 5456,
                "1000716": 8620,
                "1000717": 6336,
                "progres": {
                    "total": 56,
                    "persen": 100.0,
                    "progres": 56
                },
                "status_progress": true
            },
            "340314": {
                "psu": "Reguler",
                "1000715": 5577,
                "1000716": 4991,
                "1000717": 10236,
                "progres": {
                    "total": 62,
                    "persen": 100.0,
                    "progres": 62
                },
                "status_progress": true
            },
            "340315": {
                "psu": "Reguler",
                "1000715": 14092,
                "1000716": 3172,
                "1000717": 5469,
                "progres": {
                    "total": 67,
                    "persen": 100.0,
                    "progres": 67
                },
                "status_progress": true
            },
            "340316": {
                "psu": "Reguler",
                "1000715": 7908,
                "1000716": 1975,
                "1000717": 4371,
                "progres": {
                    "total": 49,
                    "persen": 100.0,
                    "progres": 49
                },
                "status_progress": true
            },
            "340317": {
                "psu": "Reguler",
                "1000715": 7390,
                "1000716": 2987,
                "1000717": 6752,
                "progres": {
                    "total": 61,
                    "persen": 100.0,
                    "progres": 61
                },
                "status_progress": true
            },
            "340318": {
                "psu": "Reguler",
                "1000715": 8270,
                "1000716": 1785,
                "1000717": 3003,
                "progres": {
                    "total": 38,
                    "persen": 100.0,
                    "progres": 38
                },
                "status_progress": true
            }
        }
    },
    "psu": "Reguler",
    "progres": {
        "total": 1355,
        "progres": 1355
    },
    "ts": "2024-11-27 21:30:00"
}