{
    "mode": "hhcw",
    "tungsura": {
        "chart": {
            "1000339": 32932,
            "1000340": 74093,
            "1000341": 7266,
            "1000342": 156413,
            "progres": {
                "total": 1558,
                "persen": 96.34,
                "progres": 1501
            }
        },
        "table": {
            "140401": {
                "psu": "Reguler",
                "1000339": 1971,
                "1000340": 6157,
                "1000341": 445,
                "1000342": 9010,
                "progres": {
                    "total": 109,
                    "persen": 100.0,
                    "progres": 109
                },
                "status_progress": true
            },
            "140402": {
                "psu": "Reguler",
                "1000339": 2251,
                "1000340": 4025,
                "1000341": 674,
                "1000342": 8117,
                "progres": {
                    "total": 99,
                    "persen": 98.99,
                    "progres": 98
                },
                "status_progress": true
            },
            "140403": {
                "psu": "Reguler",
                "1000339": 624,
                "1000340": 1298,
                "1000341": 159,
                "1000342": 4199,
                "progres": {
                    "total": 44,
                    "persen": 100.0,
                    "progres": 44
                },
                "status_progress": true
            },
            "140404": {
                "psu": "Reguler",
                "1000339": 2801,
                "1000340": 7241,
                "1000341": 513,
                "1000342": 22793,
                "progres": {
                    "total": 145,
                    "persen": 100.0,
                    "progres": 145
                },
                "status_progress": true
            },
            "140405": {
                "psu": "Reguler",
                "1000339": 2954,
                "1000340": 3661,
                "1000341": 358,
                "1000342": 5586,
                "progres": {
                    "total": 68,
                    "persen": 92.65,
                    "progres": 63
                },
                "status_progress": true
            },
            "140406": {
                "psu": "Reguler",
                "1000339": 753,
                "1000340": 2617,
                "1000341": 207,
                "1000342": 6317,
                "progres": {
                    "total": 50,
                    "persen": 100.0,
                    "progres": 50
                },
                "status_progress": true
            },
            "140407": {
                "psu": "Reguler",
                "1000339": 1540,
                "1000340": 4119,
                "1000341": 187,
                "1000342": 9708,
                "progres": {
                    "total": 110,
                    "persen": 88.18,
                    "progres": 97
                },
                "status_progress": true
            },
            "140408": {
                "psu": "Reguler",
                "1000339": 1992,
                "1000340": 3920,
                "1000341": 510,
                "1000342": 8865,
                "progres": {
                    "total": 110,
                    "persen": 100.0,
                    "progres": 110
                },
                "status_progress": true
            },
            "140409": {
                "psu": "Reguler",
                "1000339": 4433,
                "1000340": 8668,
                "1000341": 728,
                "1000342": 12201,
                "progres": {
                    "total": 163,
                    "persen": 93.87,
                    "progres": 153
                },
                "status_progress": true
            },
            "140410": {
                "psu": "Reguler",
                "1000339": 746,
                "1000340": 1705,
                "1000341": 443,
                "1000342": 5893,
                "progres": {
                    "total": 50,
                    "persen": 100.0,
                    "progres": 50
                },
                "status_progress": true
            },
            "140411": {
                "psu": "Reguler",
                "1000339": 940,
                "1000340": 1929,
                "1000341": 192,
                "1000342": 8591,
                "progres": {
                    "total": 65,
                    "persen": 100.0,
                    "progres": 65
                },
                "status_progress": true
            },
            "140412": {
                "psu": "Reguler",
                "1000339": 2840,
                "1000340": 4175,
                "1000341": 324,
                "1000342": 9453,
                "progres": {
                    "total": 85,
                    "persen": 100.0,
                    "progres": 85
                },
                "status_progress": true
            },
            "140413": {
                "psu": "Reguler",
                "1000339": 1790,
                "1000340": 3760,
                "1000341": 244,
                "1000342": 13042,
                "progres": {
                    "total": 86,
                    "persen": 100.0,
                    "progres": 86
                },
                "status_progress": true
            },
            "140414": {
                "psu": "Reguler",
                "1000339": 1581,
                "1000340": 6219,
                "1000341": 490,
                "1000342": 6056,
                "progres": {
                    "total": 71,
                    "persen": 100.0,
                    "progres": 71
                },
                "status_progress": true
            },
            "140415": {
                "psu": "Reguler",
                "1000339": 1366,
                "1000340": 3273,
                "1000341": 268,
                "1000342": 6619,
                "progres": {
                    "total": 93,
                    "persen": 76.34,
                    "progres": 71
                },
                "status_progress": true
            },
            "140416": {
                "psu": "Reguler",
                "1000339": 265,
                "1000340": 859,
                "1000341": 114,
                "1000342": 3211,
                "progres": {
                    "total": 26,
                    "persen": 100.0,
                    "progres": 26
                },
                "status_progress": true
            },
            "140417": {
                "psu": "Reguler",
                "1000339": 562,
                "1000340": 2159,
                "1000341": 251,
                "1000342": 5539,
                "progres": {
                    "total": 56,
                    "persen": 100.0,
                    "progres": 56
                },
                "status_progress": true
            },
            "140418": {
                "psu": "Reguler",
                "1000339": 475,
                "1000340": 1844,
                "1000341": 102,
                "1000342": 2181,
                "progres": {
                    "total": 28,
                    "persen": 92.86,
                    "progres": 26
                },
                "status_progress": true
            },
            "140419": {
                "psu": "Reguler",
                "1000339": 2703,
                "1000340": 4383,
                "1000341": 862,
                "1000342": 7496,
                "progres": {
                    "total": 74,
                    "persen": 100.0,
                    "progres": 74
                },
                "status_progress": true
            },
            "140420": {
                "psu": "Reguler",
                "1000339": 345,
                "1000340": 2081,
                "1000341": 195,
                "1000342": 1536,
                "progres": {
                    "total": 26,
                    "persen": 84.62,
                    "progres": 22
                },
                "status_progress": true
            }
        }
    },
    "psu": "Reguler",
    "progres": {
        "total": 1558,
        "progres": 1501
    },
    "ts": "2024-11-28 09:00:00"
}