{
    "mode": "hhcw",
    "tungsura": {
        "chart": {
            "1000362": 71081,
            "1000363": 17440,
            "1000364": 41262,
            "1000365": 55088,
            "1000366": 160971,
            "progres": {
                "total": 1389,
                "persen": 99.28,
                "progres": 1379
            }
        },
        "table": {
            "147101": {
                "psu": "Reguler",
                "1000362": 3312,
                "1000363": 733,
                "1000364": 1610,
                "1000365": 2523,
                "1000366": 6151,
                "progres": {
                    "total": 61,
                    "persen": 98.36,
                    "progres": 60
                },
                "status_progress": true
            },
            "147102": {
                "psu": "Reguler",
                "1000362": 2739,
                "1000363": 435,
                "1000364": 640,
                "1000365": 1385,
                "1000366": 3156,
                "progres": {
                    "total": 36,
                    "persen": 100.0,
                    "progres": 36
                },
                "status_progress": true
            },
            "147103": {
                "psu": "Reguler",
                "1000362": 2044,
                "1000363": 321,
                "1000364": 573,
                "1000365": 2189,
                "1000366": 2984,
                "progres": {
                    "total": 32,
                    "persen": 100.0,
                    "progres": 32
                },
                "status_progress": true
            },
            "147104": {
                "psu": "Reguler",
                "1000362": 3619,
                "1000363": 619,
                "1000364": 1812,
                "1000365": 2531,
                "1000366": 4477,
                "progres": {
                    "total": 58,
                    "persen": 100.0,
                    "progres": 58
                },
                "status_progress": true
            },
            "147105": {
                "psu": "Reguler",
                "1000362": 3867,
                "1000363": 847,
                "1000364": 1445,
                "1000365": 2196,
                "1000366": 3621,
                "progres": {
                    "total": 51,
                    "persen": 100.0,
                    "progres": 51
                },
                "status_progress": true
            },
            "147106": {
                "psu": "Reguler",
                "1000362": 2317,
                "1000363": 537,
                "1000364": 1385,
                "1000365": 422,
                "1000366": 5169,
                "progres": {
                    "total": 40,
                    "persen": 97.5,
                    "progres": 39
                },
                "status_progress": true
            },
            "147107": {
                "psu": "Reguler",
                "1000362": 6789,
                "1000363": 1649,
                "1000364": 2700,
                "1000365": 7655,
                "1000366": 18591,
                "progres": {
                    "total": 131,
                    "persen": 100.0,
                    "progres": 131
                },
                "status_progress": true
            },
            "147108": {
                "psu": "Reguler",
                "1000362": 3346,
                "1000363": 987,
                "1000364": 3316,
                "1000365": 3691,
                "1000366": 11083,
                "progres": {
                    "total": 96,
                    "persen": 100.0,
                    "progres": 96
                },
                "status_progress": true
            },
            "147109": {
                "psu": "Reguler",
                "1000362": 8274,
                "1000363": 2208,
                "1000364": 4820,
                "1000365": 7799,
                "1000366": 21735,
                "progres": {
                    "total": 181,
                    "persen": 100.0,
                    "progres": 181
                },
                "status_progress": true
            },
            "147110": {
                "psu": "Reguler",
                "1000362": 8151,
                "1000363": 1792,
                "1000364": 3208,
                "1000365": 7287,
                "1000366": 16657,
                "progres": {
                    "total": 144,
                    "persen": 99.31,
                    "progres": 143
                },
                "status_progress": true
            },
            "147111": {
                "psu": "Reguler",
                "1000362": 5100,
                "1000363": 1392,
                "1000364": 3843,
                "1000365": 3864,
                "1000366": 11839,
                "progres": {
                    "total": 126,
                    "persen": 100.0,
                    "progres": 126
                },
                "status_progress": true
            },
            "147112": {
                "psu": "Reguler",
                "1000362": 7731,
                "1000363": 2466,
                "1000364": 5260,
                "1000365": 4764,
                "1000366": 11040,
                "progres": {
                    "total": 126,
                    "persen": 97.62,
                    "progres": 123
                },
                "status_progress": true
            },
            "147113": {
                "psu": "Reguler",
                "1000362": 7181,
                "1000363": 1585,
                "1000364": 8337,
                "1000365": 5241,
                "1000366": 26785,
                "progres": {
                    "total": 190,
                    "persen": 98.42,
                    "progres": 187
                },
                "status_progress": true
            },
            "147114": {
                "psu": "Reguler",
                "1000362": 3903,
                "1000363": 780,
                "1000364": 1401,
                "1000365": 2300,
                "1000366": 10506,
                "progres": {
                    "total": 71,
                    "persen": 100.0,
                    "progres": 71
                },
                "status_progress": true
            },
            "147115": {
                "psu": "Reguler",
                "1000362": 2708,
                "1000363": 1089,
                "1000364": 912,
                "1000365": 1241,
                "1000366": 7177,
                "progres": {
                    "total": 46,
                    "persen": 97.83,
                    "progres": 45
                },
                "status_progress": true
            }
        }
    },
    "psu": "Reguler",
    "progres": {
        "total": 1389,
        "progres": 1379
    },
    "ts": "2024-11-28 08:15:00"
}