{
    "mode": "hhcw",
    "tungsura": {
        "chart": {
            "1000367": 3395,
            "1000368": 29130,
            "1000369": 99004,
            "progres": {
                "total": 525,
                "persen": 95.43,
                "progres": 501
            }
        },
        "table": {
            "147201": {
                "psu": "Reguler",
                "1000367": 475,
                "1000368": 4407,
                "1000369": 15537,
                "progres": {
                    "total": 75,
                    "persen": 97.33,
                    "progres": 73
                },
                "status_progress": true
            },
            "147202": {
                "psu": "Reguler",
                "1000367": 503,
                "1000368": 6536,
                "1000369": 19497,
                "progres": {
                    "total": 111,
                    "persen": 89.19,
                    "progres": 99
                },
                "status_progress": true
            },
            "147203": {
                "psu": "Reguler",
                "1000367": 398,
                "1000368": 3926,
                "1000369": 15551,
                "progres": {
                    "total": 85,
                    "persen": 92.94,
                    "progres": 79
                },
                "status_progress": true
            },
            "147204": {
                "psu": "Reguler",
                "1000367": 1006,
                "1000368": 4222,
                "1000369": 13109,
                "progres": {
                    "total": 73,
                    "persen": 98.63,
                    "progres": 72
                },
                "status_progress": true
            },
            "147205": {
                "psu": "Reguler",
                "1000367": 144,
                "1000368": 1670,
                "1000369": 5397,
                "progres": {
                    "total": 31,
                    "persen": 93.55,
                    "progres": 29
                },
                "status_progress": true
            },
            "147206": {
                "psu": "Reguler",
                "1000367": 394,
                "1000368": 3782,
                "1000369": 11191,
                "progres": {
                    "total": 65,
                    "persen": 98.46,
                    "progres": 64
                },
                "status_progress": true
            },
            "147207": {
                "psu": "Reguler",
                "1000367": 475,
                "1000368": 4587,
                "1000369": 18722,
                "progres": {
                    "total": 85,
                    "persen": 100.0,
                    "progres": 85
                },
                "status_progress": true
            }
        }
    },
    "psu": "Reguler",
    "progres": {
        "total": 525,
        "progres": 501
    },
    "ts": "2024-11-28 08:30:00"
}