{
    "mode": "hhcw",
    "tungsura": {
        "chart": {
            "1000486": 48476,
            "1000487": 94061,
            "1000488": 51334,
            "progres": {
                "total": 670,
                "persen": 100.0,
                "progres": 670
            }
        },
        "table": {
            "180502": {
                "psu": "Reguler",
                "1000486": 4168,
                "1000487": 11020,
                "1000488": 9319,
                "progres": {
                    "total": 78,
                    "persen": 100.0,
                    "progres": 78
                },
                "status_progress": true
            },
            "180506": {
                "psu": "Reguler",
                "1000486": 1520,
                "1000487": 1820,
                "1000488": 4124,
                "progres": {
                    "total": 26,
                    "persen": 100.0,
                    "progres": 26
                },
                "status_progress": true
            },
            "180508": {
                "psu": "Reguler",
                "1000486": 5240,
                "1000487": 9013,
                "1000488": 5147,
                "progres": {
                    "total": 60,
                    "persen": 100.0,
                    "progres": 60
                },
                "status_progress": true
            },
            "180511": {
                "psu": "Reguler",
                "1000486": 3387,
                "1000487": 4393,
                "1000488": 6127,
                "progres": {
                    "total": 59,
                    "persen": 100.0,
                    "progres": 59
                },
                "status_progress": true
            },
            "180512": {
                "psu": "Reguler",
                "1000486": 4406,
                "1000487": 6483,
                "1000488": 2824,
                "progres": {
                    "total": 49,
                    "persen": 100.0,
                    "progres": 49
                },
                "status_progress": true
            },
            "180513": {
                "psu": "Reguler",
                "1000486": 5292,
                "1000487": 7570,
                "1000488": 1472,
                "progres": {
                    "total": 49,
                    "persen": 100.0,
                    "progres": 49
                },
                "status_progress": true
            },
            "180518": {
                "psu": "Reguler",
                "1000486": 1701,
                "1000487": 3533,
                "1000488": 1026,
                "progres": {
                    "total": 27,
                    "persen": 100.0,
                    "progres": 27
                },
                "status_progress": true
            },
            "180520": {
                "psu": "Reguler",
                "1000486": 3270,
                "1000487": 11954,
                "1000488": 3183,
                "progres": {
                    "total": 57,
                    "persen": 100.0,
                    "progres": 57
                },
                "status_progress": true
            },
            "180522": {
                "psu": "Reguler",
                "1000486": 2055,
                "1000487": 4410,
                "1000488": 2692,
                "progres": {
                    "total": 28,
                    "persen": 100.0,
                    "progres": 28
                },
                "status_progress": true
            },
            "180523": {
                "psu": "Reguler",
                "1000486": 3030,
                "1000487": 3221,
                "1000488": 3593,
                "progres": {
                    "total": 35,
                    "persen": 100.0,
                    "progres": 35
                },
                "status_progress": true
            },
            "180525": {
                "psu": "Reguler",
                "1000486": 6195,
                "1000487": 13275,
                "1000488": 2944,
                "progres": {
                    "total": 87,
                    "persen": 100.0,
                    "progres": 87
                },
                "status_progress": true
            },
            "180526": {
                "psu": "Reguler",
                "1000486": 1170,
                "1000487": 2215,
                "1000488": 3982,
                "progres": {
                    "total": 24,
                    "persen": 100.0,
                    "progres": 24
                },
                "status_progress": true
            },
            "180527": {
                "psu": "Reguler",
                "1000486": 2441,
                "1000487": 7244,
                "1000488": 1881,
                "progres": {
                    "total": 38,
                    "persen": 100.0,
                    "progres": 38
                },
                "status_progress": true
            },
            "180529": {
                "psu": "Reguler",
                "1000486": 1559,
                "1000487": 4446,
                "1000488": 1639,
                "progres": {
                    "total": 26,
                    "persen": 100.0,
                    "progres": 26
                },
                "status_progress": true
            },
            "180530": {
                "psu": "Reguler",
                "1000486": 3042,
                "1000487": 3464,
                "1000488": 1381,
                "progres": {
                    "total": 27,
                    "persen": 100.0,
                    "progres": 27
                },
                "status_progress": true
            }
        }
    },
    "psu": "Reguler",
    "progres": {
        "total": 670,
        "progres": 670
    },
    "ts": "2024-11-27 21:15:00"
}