{
    "mode": "hhcw",
    "tungsura": {
        "chart": {
            "1000489": 82301,
            "1000490": 227900,
            "progres": {
                "total": 981,
                "persen": 100.0,
                "progres": 981
            }
        },
        "table": {
            "180601": {
                "psu": "Reguler",
                "1000489": 5764,
                "1000490": 16386,
                "progres": {
                    "total": 67,
                    "persen": 100.0,
                    "progres": 67
                },
                "status_progress": true
            },
            "180602": {
                "psu": "Reguler",
                "1000489": 4944,
                "1000490": 20053,
                "progres": {
                    "total": 76,
                    "persen": 100.0,
                    "progres": 76
                },
                "status_progress": true
            },
            "180603": {
                "psu": "Reguler",
                "1000489": 5530,
                "1000490": 13515,
                "progres": {
                    "total": 67,
                    "persen": 100.0,
                    "progres": 67
                },
                "status_progress": true
            },
            "180604": {
                "psu": "Reguler",
                "1000489": 6172,
                "1000490": 13207,
                "progres": {
                    "total": 62,
                    "persen": 100.0,
                    "progres": 62
                },
                "status_progress": true
            },
            "180609": {
                "psu": "Reguler",
                "1000489": 2648,
                "1000490": 8447,
                "progres": {
                    "total": 46,
                    "persen": 100.0,
                    "progres": 46
                },
                "status_progress": true
            },
            "180611": {
                "psu": "Reguler",
                "1000489": 7834,
                "1000490": 22682,
                "progres": {
                    "total": 95,
                    "persen": 100.0,
                    "progres": 95
                },
                "status_progress": true
            },
            "180612": {
                "psu": "Reguler",
                "1000489": 4686,
                "1000490": 15410,
                "progres": {
                    "total": 60,
                    "persen": 100.0,
                    "progres": 60
                },
                "status_progress": true
            },
            "180613": {
                "psu": "Reguler",
                "1000489": 6393,
                "1000490": 14186,
                "progres": {
                    "total": 52,
                    "persen": 100.0,
                    "progres": 52
                },
                "status_progress": true
            },
            "180615": {
                "psu": "Reguler",
                "1000489": 5085,
                "1000490": 16674,
                "progres": {
                    "total": 68,
                    "persen": 100.0,
                    "progres": 68
                },
                "status_progress": true
            },
            "180616": {
                "psu": "Reguler",
                "1000489": 1928,
                "1000490": 6339,
                "progres": {
                    "total": 33,
                    "persen": 100.0,
                    "progres": 33
                },
                "status_progress": true
            },
            "180617": {
                "psu": "Reguler",
                "1000489": 1031,
                "1000490": 4837,
                "progres": {
                    "total": 22,
                    "persen": 100.0,
                    "progres": 22
                },
                "status_progress": true
            },
            "180618": {
                "psu": "Reguler",
                "1000489": 3798,
                "1000490": 6867,
                "progres": {
                    "total": 36,
                    "persen": 100.0,
                    "progres": 36
                },
                "status_progress": true
            },
            "180619": {
                "psu": "Reguler",
                "1000489": 2926,
                "1000490": 8097,
                "progres": {
                    "total": 34,
                    "persen": 100.0,
                    "progres": 34
                },
                "status_progress": true
            },
            "180620": {
                "psu": "Reguler",
                "1000489": 6570,
                "1000490": 16318,
                "progres": {
                    "total": 61,
                    "persen": 100.0,
                    "progres": 61
                },
                "status_progress": true
            },
            "180621": {
                "psu": "Reguler",
                "1000489": 1841,
                "1000490": 8539,
                "progres": {
                    "total": 33,
                    "persen": 100.0,
                    "progres": 33
                },
                "status_progress": true
            },
            "180624": {
                "psu": "Reguler",
                "1000489": 1569,
                "1000490": 8374,
                "progres": {
                    "total": 38,
                    "persen": 100.0,
                    "progres": 38
                },
                "status_progress": true
            },
            "180625": {
                "psu": "Reguler",
                "1000489": 2562,
                "1000490": 4801,
                "progres": {
                    "total": 27,
                    "persen": 100.0,
                    "progres": 27
                },
                "status_progress": true
            },
            "180626": {
                "psu": "Reguler",
                "1000489": 6104,
                "1000490": 9271,
                "progres": {
                    "total": 44,
                    "persen": 100.0,
                    "progres": 44
                },
                "status_progress": true
            },
            "180627": {
                "psu": "Reguler",
                "1000489": 3029,
                "1000490": 9134,
                "progres": {
                    "total": 37,
                    "persen": 100.0,
                    "progres": 37
                },
                "status_progress": true
            },
            "180628": {
                "psu": "Reguler",
                "1000489": 1887,
                "1000490": 4763,
                "progres": {
                    "total": 23,
                    "persen": 100.0,
                    "progres": 23
                },
                "status_progress": true
            }
        }
    },
    "psu": "Reguler",
    "progres": {
        "total": 981,
        "progres": 981
    },
    "ts": "2024-11-28 07:15:00"
}