{
    "mode": "hhcw",
    "tungsura": {
        "chart": {
            "1000493": 113254,
            "1000494": 130321,
            "progres": {
                "total": 711,
                "persen": 100.0,
                "progres": 711
            }
        },
        "table": {
            "180801": {
                "psu": "Reguler",
                "1000493": 8528,
                "1000494": 9278,
                "progres": {
                    "total": 51,
                    "persen": 100.0,
                    "progres": 51
                },
                "status_progress": true
            },
            "180802": {
                "psu": "Reguler",
                "1000493": 5943,
                "1000494": 9418,
                "progres": {
                    "total": 51,
                    "persen": 100.0,
                    "progres": 51
                },
                "status_progress": true
            },
            "180803": {
                "psu": "Reguler",
                "1000493": 10311,
                "1000494": 13196,
                "progres": {
                    "total": 67,
                    "persen": 100.0,
                    "progres": 67
                },
                "status_progress": true
            },
            "180804": {
                "psu": "Reguler",
                "1000493": 13157,
                "1000494": 9117,
                "progres": {
                    "total": 69,
                    "persen": 100.0,
                    "progres": 69
                },
                "status_progress": true
            },
            "180805": {
                "psu": "Reguler",
                "1000493": 2196,
                "1000494": 4954,
                "progres": {
                    "total": 20,
                    "persen": 100.0,
                    "progres": 20
                },
                "status_progress": true
            },
            "180806": {
                "psu": "Reguler",
                "1000493": 13739,
                "1000494": 9379,
                "progres": {
                    "total": 67,
                    "persen": 100.0,
                    "progres": 67
                },
                "status_progress": true
            },
            "180807": {
                "psu": "Reguler",
                "1000493": 9662,
                "1000494": 10110,
                "progres": {
                    "total": 58,
                    "persen": 100.0,
                    "progres": 58
                },
                "status_progress": true
            },
            "180808": {
                "psu": "Reguler",
                "1000493": 3996,
                "1000494": 9498,
                "progres": {
                    "total": 39,
                    "persen": 100.0,
                    "progres": 39
                },
                "status_progress": true
            },
            "180809": {
                "psu": "Reguler",
                "1000493": 4035,
                "1000494": 7641,
                "progres": {
                    "total": 35,
                    "persen": 100.0,
                    "progres": 35
                },
                "status_progress": true
            },
            "180810": {
                "psu": "Reguler",
                "1000493": 5586,
                "1000494": 9300,
                "progres": {
                    "total": 47,
                    "persen": 100.0,
                    "progres": 47
                },
                "status_progress": true
            },
            "180811": {
                "psu": "Reguler",
                "1000493": 12045,
                "1000494": 7163,
                "progres": {
                    "total": 53,
                    "persen": 100.0,
                    "progres": 53
                },
                "status_progress": true
            },
            "180812": {
                "psu": "Reguler",
                "1000493": 5631,
                "1000494": 5067,
                "progres": {
                    "total": 32,
                    "persen": 100.0,
                    "progres": 32
                },
                "status_progress": true
            },
            "180813": {
                "psu": "Reguler",
                "1000493": 6649,
                "1000494": 5459,
                "progres": {
                    "total": 31,
                    "persen": 100.0,
                    "progres": 31
                },
                "status_progress": true
            },
            "180814": {
                "psu": "Reguler",
                "1000493": 6807,
                "1000494": 8684,
                "progres": {
                    "total": 41,
                    "persen": 100.0,
                    "progres": 41
                },
                "status_progress": true
            },
            "180815": {
                "psu": "Reguler",
                "1000493": 4969,
                "1000494": 12057,
                "progres": {
                    "total": 50,
                    "persen": 100.0,
                    "progres": 50
                },
                "status_progress": true
            }
        }
    },
    "psu": "Reguler",
    "progres": {
        "total": 711,
        "progres": 711
    },
    "ts": "2024-11-27 21:15:00"
}