{
    "mode": "hhcw",
    "tungsura": {
        "chart": {
            "1000497": 57422,
            "1000498": 40600,
            "1000499": 107249,
            "1000500": 21605,
            "progres": {
                "total": 628,
                "persen": 100.0,
                "progres": 628
            }
        },
        "table": {
            "181001": {
                "psu": "Reguler",
                "1000497": 10270,
                "1000498": 7359,
                "1000499": 24393,
                "1000500": 3191,
                "progres": {
                    "total": 116,
                    "persen": 100.0,
                    "progres": 116
                },
                "status_progress": true
            },
            "181002": {
                "psu": "Reguler",
                "1000497": 12912,
                "1000498": 8389,
                "1000499": 20353,
                "1000500": 5530,
                "progres": {
                    "total": 120,
                    "persen": 100.0,
                    "progres": 120
                },
                "status_progress": true
            },
            "181003": {
                "psu": "Reguler",
                "1000497": 3666,
                "1000498": 5275,
                "1000499": 8758,
                "1000500": 2713,
                "progres": {
                    "total": 53,
                    "persen": 100.0,
                    "progres": 53
                },
                "status_progress": true
            },
            "181004": {
                "psu": "Reguler",
                "1000497": 5035,
                "1000498": 3787,
                "1000499": 7645,
                "1000500": 1416,
                "progres": {
                    "total": 62,
                    "persen": 100.0,
                    "progres": 62
                },
                "status_progress": true
            },
            "181005": {
                "psu": "Reguler",
                "1000497": 8422,
                "1000498": 3979,
                "1000499": 15545,
                "1000500": 1936,
                "progres": {
                    "total": 79,
                    "persen": 100.0,
                    "progres": 79
                },
                "status_progress": true
            },
            "181006": {
                "psu": "Reguler",
                "1000497": 2834,
                "1000498": 1961,
                "1000499": 4310,
                "1000500": 2547,
                "progres": {
                    "total": 36,
                    "persen": 100.0,
                    "progres": 36
                },
                "status_progress": true
            },
            "181007": {
                "psu": "Reguler",
                "1000497": 5942,
                "1000498": 3368,
                "1000499": 8756,
                "1000500": 1666,
                "progres": {
                    "total": 57,
                    "persen": 100.0,
                    "progres": 57
                },
                "status_progress": true
            },
            "181008": {
                "psu": "Reguler",
                "1000497": 6093,
                "1000498": 4660,
                "1000499": 13994,
                "1000500": 1999,
                "progres": {
                    "total": 76,
                    "persen": 100.0,
                    "progres": 76
                },
                "status_progress": true
            },
            "181009": {
                "psu": "Reguler",
                "1000497": 2248,
                "1000498": 1822,
                "1000499": 3495,
                "1000500": 607,
                "progres": {
                    "total": 29,
                    "persen": 100.0,
                    "progres": 29
                },
                "status_progress": true
            }
        }
    },
    "psu": "Reguler",
    "progres": {
        "total": 628,
        "progres": 628
    },
    "ts": "2024-11-27 21:00:00"
}