{"type":"GeometryCollection","geometries":[{"arcs":[[[3363]],[[3364]],[[3365]],[[-1781,3366,-2136]]],"type":"MultiPolygon","properties":{"name":"Kota Jayapura","province":"Provinsi Papua","level":"Kota","code":"9171"}},{"arcs":[[[708]],[[709]],[[710]],[[711]],[[712]],[[713]],[[714]],[[715]],[[716]],[[717]],[[718]],[[719]],[[720]],[[721]],[[722]],[[723]],[[724]],[[725]],[[726]],[[727]],[[728]],[[729]],[[730]],[[731]],[[732]],[[733]],[[734]],[[735]],[[736]],[[737]],[[738]],[[739]],[[740]],[[741,742]]],"type":"MultiPolygon","properties":{"name":"Kabupaten Biak Numfor","province":"Provinsi Papua","level":"Kabupaten","code":"9106"}},{"arcs":[[1780,1781,1782,1783,1784,1785,1786]],"type":"Polygon","properties":{"name":"Kabupaten Jayapura","province":"Provinsi Papua","level":"Kabupaten","code":"9103"}},{"arcs":[[-1782,2135,2136,2137]],"type":"Polygon","properties":{"name":"Kabupaten Keerom","province":"Provinsi Papua","level":"Kabupaten","code":"9111"}},{"arcs":[[[2797]],[[2798]],[[2799]],[[2800]],[[2801]],[[2802]],[[2803]],[[2804]],[[2805]],[[2806]],[[2807]],[[2808]],[[2809]],[[2810]],[[2811]],[[2812]],[[2813]],[[2814]],[[2815]],[[2816]],[[2817]],[[2818]],[[2819]],[[2820]],[[2821]],[[2822]],[[2823]],[[2824]],[[2825]],[[2826]],[[2827]],[[2828]],[[2829]],[[2830]],[[2831]],[[2832]],[[2833]],[[2834]],[[2835]],[[2836]],[[2837]],[[2838]],[[2839]],[[2840]],[[2841]]],"type":"MultiPolygon","properties":{"name":"Kabupaten Kepulauan Yapen","province":"Provinsi Papua","level":"Kabupaten","code":"9105"}},{"arcs":[[[4465]],[[4466]],[[4467]],[[4468]],[[4469]],[[4470]],[[4471]],[[4472]],[[4473]],[[4474]],[[4475,4476,4477,4478,4479,4480,4481]]],"type":"MultiPolygon","properties":{"name":"Kabupaten Mamberamo Raya","province":"Provinsi Papua","level":"Kabupaten","code":"9120"}},{"arcs":[[[5831]],[[5832]],[[5833]],[[5834]],[[5835]],[[5836]],[[5837]],[[5838]],[[5839]],[[5840]],[[5841]],[[5842]],[[5843]],[[-1786,5844,-4484,-4476,5845]],[[5846]]],"type":"MultiPolygon","properties":{"name":"Kabupaten Sarmi","province":"Provinsi Papua","level":"Kabupaten","code":"9110"}},{"arcs":[[[6198]],[[6199]],[[6200]],[[6201]],[[6202]],[[6203]],[[6204]],[[6205]],[[6206]],[[6207]],[[6208]],[[6209]],[[6210]],[[6211]],[[-742,6212]],[[6213]],[[6214]],[[6215]],[[6216]]],"type":"MultiPolygon","properties":{"name":"Kabupaten Supiori","province":"Provinsi Papua","level":"Kabupaten","code":"9119"}},{"arcs":[[[6511]],[[6512]],[[6513]],[[6514]],[[6515]],[[-1780,-4929,6516,-4481,-5530]]],"type":"MultiPolygon","properties":{"name":"Kabupaten Waropen","province":"Provinsi Papua","level":"Kabupaten","code":"9115"}}]}