{"type":"GeometryCollection","geometries":[{"arcs":[[-596,3340,3341]],"type":"Polygon","properties":{"name":"Kota Dumai","province":"Provinsi Riau","level":"Kota","code":"1472"}},{"arcs":[[-1876,3470,3471]],"type":"Polygon","properties":{"name":"Kota Pekanbaru","province":"Provinsi Riau","level":"Kota","code":"1471"}},{"arcs":[[[591]],[[592,593,594,595,596]],[[597]],[[598]],[[599]],[[600]],[[601]],[[602]],[[603]],[[604]],[[605]],[[606]],[[607]],[[608]],[[609]],[[610]],[[611]]],"type":"MultiPolygon","properties":{"name":"Kabupaten Bengkalis","province":"Provinsi Riau","level":"Kabupaten","code":"1403"}},{"arcs":[[[1750]],[[1751]],[[1752]],[[1753]],[[1754]],[[1755]],[[1756]],[[1757]],[[1758]],[[1759]],[[1760]],[[1761]],[[1762]],[[1763]],[[1764,1765,1766,1767,1768]]],"type":"MultiPolygon","properties":{"name":"Kabupaten Indragiri Hilir","province":"Provinsi Riau","level":"Kabupaten","code":"1404"}},{"arcs":[[-1767,1769,1770,1771]],"type":"Polygon","properties":{"name":"Kabupaten Indragiri Hulu","province":"Provinsi Riau","level":"Kabupaten","code":"1402"}},{"arcs":[[[1872]],[[1873,1874,1875,1876,1877,1878,1879,1880]]],"type":"MultiPolygon","properties":{"name":"Kabupaten Kampar","province":"Provinsi Riau","level":"Kabupaten","code":"1401"}},{"arcs":[[[2584]],[[2585]],[[2586]],[[2587]],[[2588]],[[2589]],[[2590]],[[2591]],[[2592]],[[2593]],[[2594]]],"type":"MultiPolygon","properties":{"name":"Kabupaten Kepulauan Meranti","province":"Provinsi Riau","level":"Kabupaten","code":"1410"}},{"arcs":[[-1272,3611,-1878,3612,-1771,3613]],"type":"Polygon","properties":{"name":"Kabupaten Kuantan Singingi","province":"Provinsi Riau","level":"Kabupaten","code":"1409"}},{"arcs":[[[5336]],[[5337]],[[5338]],[[5339]],[[5340]],[[5341]],[[5342]],[[5343]],[[5344]],[[5345]],[[5346]],[[-1768,-1772,-3613,-1877,-3472,5347,5348]],[[5349]],[[5350]]],"type":"MultiPolygon","properties":{"name":"Kabupaten Pelalawan","province":"Provinsi Riau","level":"Kabupaten","code":"1405"}},{"arcs":[[[5785]],[[5786]],[[5787]],[[5788]],[[5789]],[[-595,5790,-5157,-3778,-3773,5791,-3341]],[[5792]],[[5793]]],"type":"MultiPolygon","properties":{"name":"Kabupaten Rokan Hilir","province":"Provinsi Riau","level":"Kabupaten","code":"1407"}},{"arcs":[[-594,5794,-1874,-1881,-3874,-5312,-5155,-5158,-5791],[-1873]],"type":"Polygon","properties":{"name":"Kabupaten Rokan Hulu","province":"Provinsi Riau","level":"Kabupaten","code":"1406"}},{"arcs":[[-593,5931,-5348,-3471,-1875,-5795]],"type":"Polygon","properties":{"name":"Kabupaten Siak","province":"Provinsi Riau","level":"Kabupaten","code":"1408"}}]}