{"type":"GeometryCollection","geometries":[{"arcs":[[-297,3456,-329]],"type":"Polygon","properties":{"name":"Kota Pangkalpinang","province":"Provinsi Kepulauan Bangka Belitung","level":"Kota","code":"1971"}},{"arcs":[[[293]],[[294]],[[295]],[[296,297,298,299,300]]],"type":"MultiPolygon","properties":{"name":"Kabupaten Bangka","province":"Provinsi Kepulauan Bangka Belitung","level":"Kabupaten","code":"1901"}},{"arcs":[[-300,301]],"type":"Polygon","properties":{"name":"Kabupaten Bangka Barat","province":"Provinsi Kepulauan Bangka Belitung","level":"Kabupaten","code":"1905"}},{"arcs":[[[302]],[[303]],[[304]],[[305]],[[306]],[[307]],[[308]],[[309]],[[310]],[[311]],[[312]],[[313]],[[314]],[[315]],[[316,317]]],"type":"MultiPolygon","properties":{"name":"Kabupaten Bangka Selatan","province":"Provinsi Kepulauan Bangka Belitung","level":"Kabupaten","code":"1903"}},{"arcs":[[[318]],[[319]],[[320]],[[321]],[[322]],[[323]],[[324]],[[325]],[[326]],[[327]],[[-298,328,329,-318,330]]],"type":"MultiPolygon","properties":{"name":"Kabupaten Bangka Tengah","province":"Provinsi Kepulauan Bangka Belitung","level":"Kabupaten","code":"1904"}},{"arcs":[[[447]],[[448]],[[449]],[[450]],[[451]],[[452]],[[453]],[[454]],[[455]],[[456]],[[457]],[[458]],[[459]],[[460]],[[461]],[[462]],[[463]],[[464]],[[465]],[[466]],[[467]],[[468]],[[469]],[[470]],[[471]],[[472]],[[473]],[[474]],[[475]],[[476]],[[477]],[[478]],[[479]],[[480]],[[481]],[[482]],[[483]],[[484]],[[485]],[[486]],[[487]],[[488]],[[489]],[[490]],[[491]],[[492]],[[493]],[[494]],[[495]],[[496]],[[497]],[[498]],[[499]],[[500]],[[501]],[[502]],[[503]],[[504]],[[505]],[[506]],[[507]],[[508]],[[509]],[[510]],[[511]],[[512]],[[513]],[[514]],[[515]],[[516]],[[517]],[[518]],[[519]],[[520]],[[521]],[[522]],[[523,524]],[[525]]],"type":"MultiPolygon","properties":{"name":"Kabupaten Belitung","province":"Provinsi Kepulauan Bangka Belitung","level":"Kabupaten","code":"1902"}},{"arcs":[[[526]],[[527]],[[528]],[[529]],[[530]],[[531]],[[532]],[[533]],[[534]],[[535]],[[536]],[[537]],[[538]],[[539]],[[540]],[[541]],[[542]],[[543]],[[544]],[[545]],[[546]],[[547]],[[548]],[[549]],[[550]],[[551]],[[552]],[[553]],[[554]],[[555]],[[556]],[[557]],[[558]],[[559]],[[560]],[[561]],[[562]],[[563]],[[564]],[[565]],[[566]],[[567]],[[568]],[[569]],[[570]],[[571]],[[572]],[[573]],[[574]],[[575]],[[576]],[[-524,577]],[[578]],[[579]],[[580]],[[581]],[[582]],[[583]],[[584]],[[585]],[[586]]],"type":"MultiPolygon","properties":{"name":"Kabupaten Belitung Timur","province":"Provinsi Kepulauan Bangka Belitung","level":"Kabupaten","code":"1906"}}]}