{"type":"GeometryCollection","geometries":[{"arcs":[[-1259,3316]],"type":"Polygon","properties":{"name":"Kota Binjai","province":"Provinsi Sumatra Utara","level":"Kota","code":"1275"}},{"arcs":[[[3343]],[[3344,3345,3346]]],"type":"MultiPolygon","properties":{"name":"Kota Gunungsitoli","province":"Provinsi Sumatra Utara","level":"Kota","code":"1278"}},{"arcs":[[-1253,3415]],"type":"Polygon","properties":{"name":"Kota Medan","province":"Provinsi Sumatra Utara","level":"Kota","code":"1271"}},{"arcs":[[3440]],"type":"Polygon","properties":{"name":"Kota Padangsidimpuan","province":"Provinsi Sumatra Utara","level":"Kota","code":"1277"}},{"arcs":[[3472]],"type":"Polygon","properties":{"name":"Kota Pematangsiantar","province":"Provinsi Sumatra Utara","level":"Kota","code":"1272"}},{"arcs":[[[3502]],[[3503]],[[3504,3505]]],"type":"MultiPolygon","properties":{"name":"Kota Sibolga","province":"Provinsi Sumatra Utara","level":"Kota","code":"1273"}},{"arcs":[[-160]],"type":"Polygon","properties":{"name":"Kota Tanjungbalai","province":"Provinsi Sumatra Utara","level":"Kota","code":"1274"}},{"arcs":[[3544]],"type":"Polygon","properties":{"name":"Kota Tebing Tinggi","province":"Provinsi Sumatra Utara","level":"Kota","code":"1276"}},{"arcs":[[[153]],[[154,155,156,157,158],[159]]],"type":"MultiPolygon","properties":{"name":"Kabupaten Asahan","province":"Provinsi Sumatra Utara","level":"Kabupaten","code":"1209"}},{"arcs":[[[436,437]],[[-158,438,439,440]]],"type":"MultiPolygon","properties":{"name":"Kabupaten Batu Bara","province":"Provinsi Sumatra Utara","level":"Kabupaten","code":"1219"}},{"arcs":[[-113,1227,1228,1229,1230,1231]],"type":"Polygon","properties":{"name":"Kabupaten Dairi","province":"Provinsi Sumatra Utara","level":"Kabupaten","code":"1211"}},{"arcs":[[1252,1253,1254,1255,1256,1257,1258,1259,1260]],"type":"Polygon","properties":{"name":"Kabupaten Deli Serdang","province":"Provinsi Sumatra Utara","level":"Kabupaten","code":"1207"}},{"arcs":[[[-1249]],[[-1243,1744,1745,1746,1747]]],"type":"MultiPolygon","properties":{"name":"Kabupaten Humbang Hasundutan","province":"Provinsi Sumatra Utara","level":"Kabupaten","code":"1216"}},{"arcs":[[-112,2059,-1257,2060,-1239,-1228]],"type":"Polygon","properties":{"name":"Kabupaten Karo","province":"Provinsi Sumatra Utara","level":"Kabupaten","code":"1206"}},{"arcs":[[[3771]],[[3772,3773,3774,3775,3776]]],"type":"MultiPolygon","properties":{"name":"Kabupaten Labuhanbatu","province":"Provinsi Sumatra Utara","level":"Kabupaten","code":"1210"}},{"arcs":[[-3774,3777,3778]],"type":"Polygon","properties":{"name":"Kabupaten Labuhanbatu Selatan","province":"Provinsi Sumatra Utara","level":"Kabupaten","code":"1222"}},{"arcs":[[[3779]],[[-155,3780,-3776,3781,3782,3783,3784]]],"type":"MultiPolygon","properties":{"name":"Kabupaten Labuhanbatu Utara","province":"Provinsi Sumatra Utara","level":"Kabupaten","code":"1223"}},{"arcs":[[[3842]],[[3843]],[[3844]],[[3845]],[[3846]],[[3847]],[[3848]],[[3849]],[[3850]],[[3851]],[[3852]],[[3853]],[[3854]],[[3855]],[[-99,3856,-1260,-3317,-1258,-2060,-111,-1361]]],"type":"MultiPolygon","properties":{"name":"Kabupaten Langkat","province":"Provinsi Sumatra Utara","level":"Kabupaten","code":"1205"}},{"arcs":[[[4511]],[[4512]],[[4513]],[[4514]],[[4515]],[[4516]],[[4517]],[[4518,4519,4520,4521,4522]]],"type":"MultiPolygon","properties":{"name":"Kabupaten Mandailing Natal","province":"Provinsi Sumatra Utara","level":"Kabupaten","code":"1213"}},{"arcs":[[[5028]],[[5029]],[[5030]],[[5031]],[[-3345,5032,5033,5034,5035],[-3344]]],"type":"MultiPolygon","properties":{"name":"Kabupaten Nias","province":"Provinsi Sumatra Utara","level":"Kabupaten","code":"1204"}},{"arcs":[[[5036]],[[5037]],[[5038]],[[5039]],[[5040]],[[5041]],[[5042]],[[5043]],[[5044]],[[5045]],[[5046]],[[-5035,5047,5048,5049]]],"type":"MultiPolygon","properties":{"name":"Kabupaten Nias Barat","province":"Provinsi Sumatra Utara","level":"Kabupaten","code":"1225"}},{"arcs":[[[5050]],[[5051]],[[5052]],[[5053]],[[5054]],[[5055]],[[5056]],[[5057]],[[5058]],[[5059]],[[5060]],[[5061]],[[5062]],[[5063]],[[5064]],[[5065]],[[5066]],[[5067]],[[5068]],[[5069]],[[5070]],[[5071]],[[5072]],[[5073]],[[5074]],[[5075]],[[5076]],[[5077]],[[5078]],[[5079]],[[5080]],[[5081]],[[5082]],[[5083]],[[5084]],[[5085]],[[5086]],[[5087]],[[5088]],[[5089]],[[5090]],[[5091]],[[5092]],[[5093]],[[5094]],[[5095]],[[5096]],[[5097]],[[5098]],[[5099]],[[5100]],[[5101]],[[5102]],[[5103]],[[5104]],[[-5034,5105,-5048]]],"type":"MultiPolygon","properties":{"name":"Kabupaten Nias Selatan","province":"Provinsi Sumatra Utara","level":"Kabupaten","code":"1214"}},{"arcs":[[[5106]],[[5107]],[[5108]],[[5109]],[[5110]],[[5111]],[[5112]],[[5113]],[[5114]],[[-3346,-5036,-5050,5115]]],"type":"MultiPolygon","properties":{"name":"Kabupaten Nias Utara","province":"Provinsi Sumatra Utara","level":"Kabupaten","code":"1224"}},{"arcs":[[-4519,5152,5153,5154,5155]],"type":"Polygon","properties":{"name":"Kabupaten Padang Lawas","province":"Provinsi Sumatra Utara","level":"Kabupaten","code":"1221"}},{"arcs":[[-3775,-3779,5156,5157,-5154,5158,-3782],[5159]],"type":"Polygon","properties":{"name":"Kabupaten Padang Lawas Utara","province":"Provinsi Sumatra Utara","level":"Kabupaten","code":"1220"}},{"arcs":[[-93,-3525,-1231,5164,-1747,5165]],"type":"Polygon","properties":{"name":"Kabupaten Pakpak Bharat","province":"Provinsi Sumatra Utara","level":"Kabupaten","code":"1215"}},{"arcs":[[[-1247]],[[-1230,-1244,-1748,-5165]],[[-1246]],[[-1245]]],"type":"MultiPolygon","properties":{"name":"Kabupaten Samosir","province":"Provinsi Sumatra Utara","level":"Kabupaten","code":"1217"}},{"arcs":[[-437,5927,-1255,5928,-440,5929],[-3545]],"type":"Polygon","properties":{"name":"Kabupaten Serdang Bedagai","province":"Provinsi Sumatra Utara","level":"Kabupaten","code":"1218"}},{"arcs":[[-157,5966,-1240,-2061,-1256,-5928,-438,-5930,-439],[-3473]],"type":"Polygon","properties":{"name":"Kabupaten Simalungun","province":"Provinsi Sumatra Utara","level":"Kabupaten","code":"1208"}},{"arcs":[[[-5160]],[[-3783,-5159,-5153,-4523,6275,6276,6277],[-3441]]],"type":"MultiPolygon","properties":{"name":"Kabupaten Tapanuli Selatan","province":"Provinsi Sumatra Utara","level":"Kabupaten","code":"1203"}},{"arcs":[[[6278]],[[6279]],[[6280]],[[6281]],[[-94,-5166,-1746,6282,-6277,6283,-3506,6284]]],"type":"MultiPolygon","properties":{"name":"Kabupaten Tapanuli Tengah","province":"Provinsi Sumatra Utara","level":"Kabupaten","code":"1201"}},{"arcs":[[[-1242,6285,-3784,-6278,-6283,-1745]],[[-1248]]],"type":"MultiPolygon","properties":{"name":"Kabupaten Tapanuli Utara","province":"Provinsi Sumatra Utara","level":"Kabupaten","code":"1202"}},{"arcs":[[-156,-3785,-6286,-1241,-5967]],"type":"Polygon","properties":{"name":"Kabupaten Toba","province":"Provinsi Sumatra Utara","level":"Kabupaten","code":"1212"}}]}