{"type":"GeometryCollection","geometries":[{"arcs":[[[3309]],[[-1163,-1172,3310]]],"type":"MultiPolygon","properties":{"name":"Kota Baubau","province":"Provinsi Sulawesi Tenggara","level":"Kota","code":"7472"}},{"arcs":[[[3367]],[[-2912,3368,-2932]]],"type":"MultiPolygon","properties":{"name":"Kota Kendari","province":"Provinsi Sulawesi Tenggara","level":"Kota","code":"7471"}},{"arcs":[[[974]],[[975]],[[976]],[[977]],[[978]],[[979]],[[980]],[[981]],[[982]],[[983]],[[984]],[[985]],[[986]],[[987]],[[988]],[[989]],[[990]],[[991]],[[992,993]],[[994]],[[995]],[[996]],[[997]],[[998]],[[999]],[[1000]],[[1001]],[[1002,1003,1004,1005]]],"type":"MultiPolygon","properties":{"name":"Kabupaten Bombana","province":"Provinsi Sulawesi Tenggara","level":"Kabupaten","code":"7406"}},{"arcs":[[[1157]],[[1158]],[[1159]],[[1160,1161,1162,1163,1164,1165]]],"type":"MultiPolygon","properties":{"name":"Kabupaten Buton","province":"Provinsi Sulawesi Tenggara","level":"Kabupaten","code":"7404"}},{"arcs":[[[1166]],[[1167]],[[1168]],[[1169]],[[-1162,1170,1171]]],"type":"MultiPolygon","properties":{"name":"Kabupaten Buton Selatan","province":"Provinsi Sulawesi Tenggara","level":"Kabupaten","code":"7415"}},{"arcs":[[[1172]],[[1173]],[[1174]],[[1175]],[[-993,1176]],[[1177,1178]]],"type":"MultiPolygon","properties":{"name":"Kabupaten Buton Tengah","province":"Provinsi Sulawesi Tenggara","level":"Kabupaten","code":"7414"}},{"arcs":[[[1179]],[[1180]],[[1181]],[[1182]],[[1183]],[[1184]],[[1185]],[[1186]],[[1187]],[[1188]],[[1189]],[[1190]],[[1191]],[[1192]],[[1193]],[[1194]],[[1195]],[[1196]],[[1197]],[[1198]],[[-1166,1199,1200]]],"type":"MultiPolygon","properties":{"name":"Kabupaten Buton Utara","province":"Provinsi Sulawesi Tenggara","level":"Kabupaten","code":"7410"}},{"arcs":[[[2886]],[[2887]],[[2888]],[[2889]],[[2890]],[[2891]],[[2892]],[[-1005,2893,2894,2895],[2896]]],"type":"MultiPolygon","properties":{"name":"Kabupaten Kolaka","province":"Provinsi Sulawesi Tenggara","level":"Kabupaten","code":"7401"}},{"arcs":[[-1006,-2896,2897,2898,2899,2900]],"type":"Polygon","properties":{"name":"Kabupaten Kolaka Timur","province":"Provinsi Sulawesi Tenggara","level":"Kabupaten","code":"7411"}},{"arcs":[[[2901]],[[-2895,2902,2903,2904,2905,-2898]]],"type":"MultiPolygon","properties":{"name":"Kabupaten Kolaka Utara","province":"Provinsi Sulawesi Tenggara","level":"Kabupaten","code":"7408"}},{"arcs":[[[2906]],[[2907]],[[2908]],[[-2900,2909,2910,2911,2912]],[[-2905,2913,2914,2915]]],"type":"MultiPolygon","properties":{"name":"Kabupaten Konawe","province":"Provinsi Sulawesi Tenggara","level":"Kabupaten","code":"7402"}},{"arcs":[[2916]],"type":"Polygon","properties":{"name":"Kabupaten Konawe Kepulauan","province":"Provinsi Sulawesi Tenggara","level":"Kabupaten","code":"7412"}},{"arcs":[[[2917]],[[2918]],[[2919]],[[2920]],[[2921]],[[2922]],[[2923]],[[2924]],[[2925]],[[2926]],[[2927]],[[2928]],[[2929]],[[2930]],[[-1003,-2901,-2913,2931,2932]]],"type":"MultiPolygon","properties":{"name":"Kabupaten Konawe Selatan","province":"Provinsi Sulawesi Tenggara","level":"Kabupaten","code":"7405"}},{"arcs":[[[2933]],[[2934]],[[2935]],[[2936]],[[2937]],[[-2899,-2906,-2916,2938,2939,-2910]]],"type":"MultiPolygon","properties":{"name":"Kabupaten Konawe Utara","province":"Provinsi Sulawesi Tenggara","level":"Kabupaten","code":"7409"}},{"arcs":[[[4835]],[[4836]],[[4837]],[[4838]],[[4839]],[[4840]],[[-1178,4841,4842,4843]],[[-1165,4844,-1200]],[[4845]],[[4846]],[[4847]],[[4848]],[[4849]],[[4850]],[[4851]]],"type":"MultiPolygon","properties":{"name":"Kabupaten Muna","province":"Provinsi Sulawesi Tenggara","level":"Kabupaten","code":"7403"}},{"arcs":[[[4852]],[[4853]],[[4854]],[[4855]],[[4856]],[[4857]],[[4858]],[[4859]],[[4860]],[[4861]],[[4862]],[[4863]],[[4864]],[[4865]],[[4866]],[[4867]],[[4868]],[[4869]],[[4870]],[[4871]],[[4872]],[[4873]],[[4874]],[[4875]],[[4876]],[[4877]],[[4878]],[[4879]],[[4880]],[[4881]],[[4882]],[[-4843,4883]],[[4884]],[[4885]],[[4886]],[[4887]],[[4888]],[[4889]],[[4890]]],"type":"MultiPolygon","properties":{"name":"Kabupaten Muna Barat","province":"Provinsi Sulawesi Tenggara","level":"Kabupaten","code":"7413"}},{"arcs":[[[6488]],[[6489]],[[6490]],[[6491]],[[6492]],[[6493]],[[6494]],[[6495]],[[6496]],[[6497]],[[6498]],[[6499]],[[6500]],[[6501]],[[6502]],[[6503]],[[6504]],[[6505]],[[6506]],[[6507]],[[6508]],[[6509]],[[6510]]],"type":"MultiPolygon","properties":{"name":"Kabupaten Wakatobi","province":"Provinsi Sulawesi Tenggara","level":"Kabupaten","code":"7407"}}]}