{"type":"GeometryCollection","geometries":[{"arcs":[[[2945]],[[-21,2946]]],"type":"MultiPolygon","properties":{"name":"Kota Banda Aceh","province":"Provinsi Aceh","level":"Kota","code":"1171"}},{"arcs":[[[3371]],[[3372]],[[-102,-124,3373]],[[3374]]],"type":"MultiPolygon","properties":{"name":"Kota Langsa","province":"Provinsi Aceh","level":"Kota","code":"1174"}},{"arcs":[[-128,3375]],"type":"Polygon","properties":{"name":"Kota Lhokseumawe","province":"Provinsi Aceh","level":"Kota","code":"1173"}},{"arcs":[[[3486]],[[3487]],[[3488]],[[3489]]],"type":"MultiPolygon","properties":{"name":"Kota Sabang","province":"Provinsi Aceh","level":"Kota","code":"1172"}},{"arcs":[[-47,-114,-1232,3524,-92]],"type":"Polygon","properties":{"name":"Kota Subulussalam","province":"Provinsi Aceh","level":"Kota","code":"1175"}},{"arcs":[[0,1,2,3,4]],"type":"Polygon","properties":{"name":"Kabupaten Aceh Barat","province":"Provinsi Aceh","level":"Kabupaten","code":"1105"}},{"arcs":[[[5]],[[6,7,8,9]]],"type":"MultiPolygon","properties":{"name":"Kabupaten Aceh Barat Daya","province":"Provinsi Aceh","level":"Kabupaten","code":"1112"}},{"arcs":[[[10]],[[11]],[[12]],[[13]],[[14]],[[15]],[[16]],[[17,18,19,20,21]],[[22]],[[23]],[[24]]],"type":"MultiPolygon","properties":{"name":"Kabupaten Aceh Besar","province":"Provinsi Aceh","level":"Kabupaten","code":"1106"}},{"arcs":[[[25]],[[26]],[[27]],[[28]],[[29]],[[30]],[[31]],[[32]],[[33]],[[34]],[[-3,35,-19,36]]],"type":"MultiPolygon","properties":{"name":"Kabupaten Aceh Jaya","province":"Provinsi Aceh","level":"Kabupaten","code":"1114"}},{"arcs":[[[37]],[[38]],[[39]],[[40]],[[41]],[[42]],[[43]],[[-7,44,45,46,47,48]]],"type":"MultiPolygon","properties":{"name":"Kabupaten Aceh Selatan","province":"Provinsi Aceh","level":"Kabupaten","code":"1101"}},{"arcs":[[[49]],[[50]],[[51]],[[52]],[[53]],[[54]],[[55]],[[56]],[[57]],[[58]],[[59]],[[60]],[[61]],[[62]],[[63]],[[64]],[[65]],[[66]],[[67]],[[68]],[[69]],[[70]],[[71]],[[72]],[[73]],[[74]],[[75]],[[76]],[[77]],[[78]],[[79]],[[80]],[[81]],[[82]],[[83]],[[84]],[[85]],[[86]],[[87]],[[88]],[[89]],[[90]],[[-48,91,92,93,94]]],"type":"MultiPolygon","properties":{"name":"Kabupaten Aceh Singkil","province":"Provinsi Aceh","level":"Kabupaten","code":"1110"}},{"arcs":[[[95]],[[96]],[[97]],[[98,99,100,101,102]]],"type":"MultiPolygon","properties":{"name":"Kabupaten Aceh Tamiang","province":"Provinsi Aceh","level":"Kabupaten","code":"1116"}},{"arcs":[[-5,103,104,105,106,107,108]],"type":"Polygon","properties":{"name":"Kabupaten Aceh Tengah","province":"Provinsi Aceh","level":"Kabupaten","code":"1104"}},{"arcs":[[-46,109,110,111,112,113]],"type":"Polygon","properties":{"name":"Kabupaten Aceh Tenggara","province":"Provinsi Aceh","level":"Kabupaten","code":"1102"}},{"arcs":[[[114]],[[115]],[[116]],[[117]],[[118]],[[-101,119,-107,120,121,122,123]]],"type":"MultiPolygon","properties":{"name":"Kabupaten Aceh Timur","province":"Provinsi Aceh","level":"Kabupaten","code":"1103"}},{"arcs":[[-122,124,125,126,127,128]],"type":"Polygon","properties":{"name":"Kabupaten Aceh Utara","province":"Provinsi Aceh","level":"Kabupaten","code":"1108"}},{"arcs":[[-106,590,-125,-121]],"type":"Polygon","properties":{"name":"Kabupaten Bener Meriah","province":"Provinsi Aceh","level":"Kabupaten","code":"1117"}},{"arcs":[[-105,893,894,895,-126,-591]],"type":"Polygon","properties":{"name":"Kabupaten Bireuen","province":"Provinsi Aceh","level":"Kabupaten","code":"1111"}},{"arcs":[[-10,1359,-108,-120,-100,1360,-110,-45]],"type":"Polygon","properties":{"name":"Kabupaten Gayo Lues","province":"Provinsi Aceh","level":"Kabupaten","code":"1113"}},{"arcs":[[-1,-109,-1360,-9,4930]],"type":"Polygon","properties":{"name":"Kabupaten Nagan Raya","province":"Provinsi Aceh","level":"Kabupaten","code":"1115"}},{"arcs":[[-4,-37,-18,5406,5407,-894,-104]],"type":"Polygon","properties":{"name":"Kabupaten Pidie","province":"Provinsi Aceh","level":"Kabupaten","code":"1107"}},{"arcs":[[-895,-5408,5408]],"type":"Polygon","properties":{"name":"Kabupaten Pidie Jaya","province":"Provinsi Aceh","level":"Kabupaten","code":"1118"}},{"arcs":[[[5967]],[[5968]],[[5969]],[[5970]],[[5971]],[[5972]],[[5973]],[[5974]],[[5975]],[[5976]],[[5977]],[[5978]],[[5979]],[[5980]],[[5981]],[[5982]],[[5983]],[[5984]],[[5985]],[[5986]],[[5987]],[[5988]],[[5989]],[[5990]],[[5991]],[[5992]],[[5993]],[[5994]],[[5995]],[[5996]],[[5997]],[[5998]],[[5999]],[[6000]],[[6001]],[[6002]],[[6003]],[[6004]],[[6005]],[[6006]],[[6007]]],"type":"MultiPolygon","properties":{"name":"Kabupaten Simeulue","province":"Provinsi Aceh","level":"Kabupaten","code":"1109"}}]}