{"type":"GeometryCollection","geometries":[{"arcs":[[2942,2943,2944]],"type":"Polygon","properties":{"name":"Kota Balikpapan","province":"Provinsi Kalimantan Timur","level":"Kota","code":"6471"}},{"arcs":[[[3325]],[[3326]],[[3327]],[[3328]],[[3329,3330,3331]]],"type":"MultiPolygon","properties":{"name":"Kota Bontang","province":"Provinsi Kalimantan Timur","level":"Kota","code":"6474"}},{"arcs":[[3491,3492]],"type":"Polygon","properties":{"name":"Kota Samarinda","province":"Provinsi Kalimantan Timur","level":"Kota","code":"6472"}},{"arcs":[[[644]],[[645]],[[646]],[[647]],[[648]],[[649]],[[650]],[[651]],[[652]],[[653]],[[654]],[[655]],[[656]],[[657]],[[658]],[[659]],[[660]],[[661]],[[662]],[[663]],[[664]],[[665]],[[666]],[[667]],[[668]],[[669]],[[670]],[[671]],[[672]],[[673]],[[674]],[[675]],[[676]],[[677]],[[678]],[[679]],[[680]],[[681]],[[682]],[[683]],[[684]],[[685]],[[686]],[[687]],[[688]],[[689]],[[690]],[[691]],[[692]],[[693]],[[694]],[[695]],[[696]],[[697]],[[698]],[[699]],[[700]],[[701]],[[702]],[[703]],[[704,705,706,707]]],"type":"MultiPolygon","properties":{"name":"Kabupaten Berau","province":"Provinsi Kalimantan Timur","level":"Kabupaten","code":"6403"}},{"arcs":[[-414,3668,3669,3670,3671]],"type":"Polygon","properties":{"name":"Kabupaten Kutai Barat","province":"Provinsi Kalimantan Timur","level":"Kabupaten","code":"6407"}},{"arcs":[[[3672]],[[3673]],[[3674]],[[3675]],[[3676]],[[3677]],[[3678]],[[3679]],[[3680]],[[3681]],[[3682]],[[3683]],[[3684]],[[3685]],[[3686]],[[3687]],[[3688]],[[3689]],[[3690]],[[3691]],[[3692]],[[3693]],[[3694]],[[3695]],[[3696]],[[3697]],[[3698]],[[3699]],[[3700]],[[3701]],[[3702]],[[3703]],[[3704]],[[3705]],[[3706]],[[3707]],[[3708]],[[3709]],[[3710]],[[3711]],[[3712]],[[3713]],[[3714]],[[3715]],[[3716]],[[3717]],[[3718]],[[3719]],[[3720]],[[3721]],[[3722]],[[3723]],[[3724]],[[3725]],[[3726]],[[3727]],[[3728]],[[3729]],[[3730]],[[3731]],[[3732]],[[3733]],[[3734]],[[3735]],[[3736]],[[3737]],[[3738]],[[3739]],[[3740]],[[3741]],[[3742]],[[3743]],[[3744]],[[-3330,3745,3746]],[[-2943,3747,-3670,3748,3749,3750,3751,-3493,3752]]],"type":"MultiPolygon","properties":{"name":"Kabupaten Kutai Kartanegara","province":"Provinsi Kalimantan Timur","level":"Kabupaten","code":"6402"}},{"arcs":[[[3753]],[[3754]],[[3755]],[[3756]],[[3757]],[[3758]],[[3759]],[[3760]],[[3761]],[[3762]],[[3763]],[[3764]],[[3765]],[[3766]],[[3767]],[[-706,3768,-3331,-3747,3769,-3751,3770]]],"type":"MultiPolygon","properties":{"name":"Kabupaten Kutai Timur","province":"Provinsi Kalimantan Timur","level":"Kabupaten","code":"6408"}},{"arcs":[[-413,4235,-1886,4236,4237,-3749,-3669]],"type":"Polygon","properties":{"name":"Kabupaten Mahakam Ulu","province":"Provinsi Kalimantan Timur","level":"Kabupaten","code":"6411"}},{"arcs":[[[5319]],[[-178,5320,-415,-3672,5321,5322,-3029]]],"type":"MultiPolygon","properties":{"name":"Kabupaten Paser","province":"Provinsi Kalimantan Timur","level":"Kabupaten","code":"6401"}},{"arcs":[[-2945,5354,-5322,-3671,-3748]],"type":"Polygon","properties":{"name":"Kabupaten Penajam Paser Utara","province":"Provinsi Kalimantan Timur","level":"Kabupaten","code":"6409"}}]}