{"type":"GeometryCollection","geometries":[{"arcs":[[[3317]],[[3318]],[[3319]],[[3320]],[[3321]],[[3322]],[[3323,3324]]],"type":"MultiPolygon","properties":{"name":"Kota Bitung","province":"Provinsi Sulawesi Utara","level":"Kota","code":"7172"}},{"arcs":[[-945,-966]],"type":"Polygon","properties":{"name":"Kota Kotamobagu","province":"Provinsi Sulawesi Utara","level":"Kota","code":"7174"}},{"arcs":[[[3407,3408,3409]],[[3410]],[[3411]],[[3412]]],"type":"MultiPolygon","properties":{"name":"Kota Manado","province":"Provinsi Sulawesi Utara","level":"Kota","code":"7171"}},{"arcs":[[3568]],"type":"Polygon","properties":{"name":"Kota Tomohon","province":"Provinsi Sulawesi Utara","level":"Kota","code":"7173"}},{"arcs":[[[938]],[[939]],[[940]],[[941]],[[942,943,944,945,946,947,948]]],"type":"MultiPolygon","properties":{"name":"Kabupaten Bolaang Mongondow","province":"Provinsi Sulawesi Utara","level":"Kabupaten","code":"7101"}},{"arcs":[[[949]],[[950]],[[951]],[[952]],[[-947,953,954,955,956]]],"type":"MultiPolygon","properties":{"name":"Kabupaten Bolaang Mongondow Selatan","province":"Provinsi Sulawesi Utara","level":"Kabupaten","code":"7111"}},{"arcs":[[[957]],[[958]],[[959]],[[-944,960,961,962,963,964,-954,-946,965]]],"type":"MultiPolygon","properties":{"name":"Kabupaten Bolaang Mongondow Timur","province":"Provinsi Sulawesi Utara","level":"Kabupaten","code":"7110"}},{"arcs":[[[966]],[[967]],[[968]],[[969]],[[970]],[[-948,-957,971,972,973]]],"type":"MultiPolygon","properties":{"name":"Kabupaten Bolaang Mongondow Utara","province":"Provinsi Sulawesi Utara","level":"Kabupaten","code":"7108"}},{"arcs":[[[2595]],[[2596]],[[2597]],[[2598]],[[2599]],[[2600]],[[2601]],[[2602]],[[2603]],[[2604]],[[2605]],[[2606]],[[2607]],[[2608]],[[2609]],[[2610]],[[2611]],[[2612]],[[2613]],[[2614]],[[2615]],[[2616]],[[2617]],[[2618]],[[2619]],[[2620]],[[2621]],[[2622]],[[2623]],[[2624]],[[2625]]],"type":"MultiPolygon","properties":{"name":"Kabupaten Kepulauan Sangihe","province":"Provinsi Sulawesi Utara","level":"Kabupaten","code":"7103"}},{"arcs":[[[5932]],[[5933]],[[5934]],[[5935]],[[5936]],[[5937]],[[5938]],[[5939]],[[5940]],[[5941]],[[5942]],[[5943]],[[5944]],[[5945]],[[5946]],[[5947]],[[5948]]],"type":"MultiPolygon","properties":{"name":"Kabupaten Kepulauan Siau Tagulandang Biaro","province":"Provinsi Sulawesi Utara","level":"Kabupaten","code":"7109"}},{"arcs":[[[2783]],[[2784]],[[2785]],[[2786]],[[2787]],[[2788]],[[2789]],[[2790]],[[2791]],[[2792]],[[2793]],[[2794]],[[2795]],[[2796]]],"type":"MultiPolygon","properties":{"name":"Kabupaten Kepulauan Talaud","province":"Provinsi Sulawesi Utara","level":"Kabupaten","code":"7104"}},{"arcs":[[-3408,4710,4711,4712,4713,4714],[-1238],[-3569]],"type":"Polygon","properties":{"name":"Kabupaten Minahasa","province":"Provinsi Sulawesi Utara","level":"Kabupaten","code":"7102"}},{"arcs":[[[4715]],[[-943,4716,-4714,4717,-963,-1237,-961]]],"type":"MultiPolygon","properties":{"name":"Kabupaten Minahasa Selatan","province":"Provinsi Sulawesi Utara","level":"Kabupaten","code":"7105"}},{"arcs":[[[4718]],[[4719]],[[4720]],[[4721]],[[4722]],[[4723]],[[4724]],[[4725]],[[4726]],[[4727]],[[-964,-4718,-4713,4728]]],"type":"MultiPolygon","properties":{"name":"Kabupaten Minahasa Tenggara","province":"Provinsi Sulawesi Utara","level":"Kabupaten","code":"7107"}},{"arcs":[[[4729]],[[4730]],[[4731]],[[4732]],[[4733]],[[4734]],[[4735]],[[4736]],[[4737]],[[-3324,4738,-4711,-3410,4739],[4752]],[[4740]],[[4741]],[[4742]],[[4743]],[[4744]],[[4745]],[[4746]],[[4747]],[[4748]],[[4749]],[[4750]],[[4751]]],"type":"MultiPolygon","properties":{"name":"Kabupaten Minahasa Utara","province":"Provinsi Sulawesi Utara","level":"Kabupaten","code":"7106"}}]}