{"type":"GeometryCollection","geometries":[{"arcs":[[1249,1250,1251]],"type":"Polygon","properties":{"name":"Kabupaten Deiyai","province":"Provinsi Papua Tengah","level":"Kabupaten","code":"9128"}},{"arcs":[[-1251,1273,1274,1275,1276]],"type":"Polygon","properties":{"name":"Kabupaten Dogiyai","province":"Provinsi Papua Tengah","level":"Kabupaten","code":"9126"}},{"arcs":[[1776,1777,1778,1779]],"type":"Polygon","properties":{"name":"Kabupaten Intan Jaya","province":"Provinsi Papua Tengah","level":"Kabupaten","code":"9127"}},{"arcs":[[[4691]],[[4692]],[[4693]],[[4694]],[[4695]],[[4696]],[[4697]],[[4698]],[[4699]],[[4700]],[[4701]],[[4702]],[[4703]],[[4704]],[[4705]],[[-166,4706,-1868,-1274,-1250,4707,4708,4709]]],"type":"MultiPolygon","properties":{"name":"Kabupaten Mimika","province":"Provinsi Papua Tengah","level":"Kabupaten","code":"9109"}},{"arcs":[[[4901]],[[4902]],[[4903]],[[4904]],[[4905]],[[4906]],[[4907]],[[4908]],[[4909]],[[4910]],[[4911]],[[4912]],[[4913]],[[4914]],[[4915]],[[4916]],[[4917]],[[4918]],[[4919]],[[4920]],[[4921]],[[4922]],[[4923]],[[4924]],[[4925]],[[-1276,-1872,4926,4927,4928,-1779,4929]]],"type":"MultiPolygon","properties":{"name":"Kabupaten Nabire","province":"Provinsi Papua Tengah","level":"Kabupaten","code":"9104"}},{"arcs":[[-1252,-1277,-4930,-1778,5295,-4708]],"type":"Polygon","properties":{"name":"Kabupaten Paniai","province":"Provinsi Papua Tengah","level":"Kabupaten","code":"9108"}},{"arcs":[[-1777,5529,-4480,5530,-3859,-4709,-5296]],"type":"Polygon","properties":{"name":"Kabupaten Puncak","province":"Provinsi Papua Tengah","level":"Kabupaten","code":"9125"}},{"arcs":[[-3860,-5531,-4479,5531]],"type":"Polygon","properties":{"name":"Kabupaten Puncak Jaya","province":"Provinsi Papua Tengah","level":"Kabupaten","code":"9107"}}]}