{"type":"GeometryCollection","geometries":[{"arcs":[[3347,3348,3349,3350,3351]],"type":"Polygon","properties":{"name":"Kota Jakarta Barat","province":"Provinsi DKI Jakarta","level":"Kota","code":"3173"}},{"arcs":[[-3349,3352,3353,3354]],"type":"Polygon","properties":{"name":"Kota Jakarta Pusat","province":"Provinsi DKI Jakarta","level":"Kota","code":"3171"}},{"arcs":[[-3339,3355,3356,-3350,-3355,3357]],"type":"Polygon","properties":{"name":"Kota Jakarta Selatan","province":"Provinsi DKI Jakarta","level":"Kota","code":"3174"}},{"arcs":[[-445,-3313,-3340,-3358,-3354,3358]],"type":"Polygon","properties":{"name":"Kota Jakarta Timur","province":"Provinsi DKI Jakarta","level":"Kota","code":"3175"}},{"arcs":[[[3359]],[[-446,-3359,-3353,-3348,3360,3361]]],"type":"MultiPolygon","properties":{"name":"Kota Jakarta Utara","province":"Provinsi DKI Jakarta","level":"Kota","code":"3172"}},{"properties":{"name":"Luar Negeri","province":"Provinsi DKI Jakarta","level":"Kota"}},{"arcs":[[[2693]],[[2694]],[[2695]],[[2696]],[[2697]],[[2698]],[[2699]],[[2700]],[[2701]],[[2702]],[[2703]],[[2704]],[[2705]],[[2706]],[[2707]],[[2708]],[[2709]],[[2710]],[[2711]],[[2712]],[[2713]],[[2714]],[[2715]],[[2716]],[[2717]],[[2718]],[[2719]],[[2720]],[[2721]],[[2722]],[[2723]],[[2724]],[[2725]],[[2726]],[[2727]],[[2728]],[[2729]],[[2730]],[[2731]],[[2732]],[[2733]],[[2734]],[[2735]],[[2736]],[[2737]],[[2738]],[[2739]],[[2740]],[[2741]],[[2742]],[[2743]],[[2744]],[[2745]],[[2746]],[[2747]],[[2748]],[[2749]],[[2750]],[[2751]],[[2752]],[[2753]],[[2754]],[[2755]],[[2756]],[[2757]],[[2758]],[[2759]],[[2760]],[[2761]],[[2762]],[[2763]],[[2764]]],"type":"MultiPolygon","properties":{"name":"Kabupaten Kepulauan Seribu","province":"Provinsi DKI Jakarta","level":"Kabupaten","code":"3101"}}]}