{"type":"GeometryCollection","geometries":[{"arcs":[[3306,3307,3308]],"type":"Polygon","properties":{"name":"Kota Batu","province":"Provinsi Jawa Timur","level":"Kota","code":"3579"}},{"arcs":[[-903]],"type":"Polygon","properties":{"name":"Kota Blitar","province":"Provinsi Jawa Timur","level":"Kota","code":"3572"}},{"arcs":[[-2135]],"type":"Polygon","properties":{"name":"Kota Kediri","province":"Provinsi Jawa Timur","level":"Kota","code":"3571"}},{"arcs":[[[3378]],[[3379,3380]]],"type":"MultiPolygon","properties":{"name":"Kota Madiun","province":"Provinsi Jawa Timur","level":"Kota","code":"3577"}},{"arcs":[[3406]],"type":"Polygon","properties":{"name":"Kota Malang","province":"Provinsi Jawa Timur","level":"Kota","code":"3573"}},{"arcs":[[3418]],"type":"Polygon","properties":{"name":"Kota Mojokerto","province":"Provinsi Jawa Timur","level":"Kota","code":"3576"}},{"arcs":[[3465,3466]],"type":"Polygon","properties":{"name":"Kota Pasuruan","province":"Provinsi Jawa Timur","level":"Kota","code":"3575"}},{"arcs":[[3484,3485]],"type":"Polygon","properties":{"name":"Kota Probolinggo","province":"Provinsi Jawa Timur","level":"Kota","code":"3574"}},{"arcs":[[[3527]],[[-1387,3528,3529]]],"type":"MultiPolygon","properties":{"name":"Kota Surabaya","province":"Provinsi Jawa Timur","level":"Kota","code":"3578"}},{"arcs":[[331,332]],"type":"Polygon","properties":{"name":"Kabupaten Bangkalan","province":"Provinsi Jawa Timur","level":"Kabupaten","code":"3526"}},{"arcs":[[[384]],[[385]],[[386]],[[387]],[[388]],[[389]],[[390]],[[391]],[[392,393,394,395]]],"type":"MultiPolygon","properties":{"name":"Kabupaten Banyuwangi","province":"Provinsi Jawa Timur","level":"Kabupaten","code":"3510"}},{"arcs":[[[896]],[[897]],[[898,899,900,901],[902]]],"type":"MultiPolygon","properties":{"name":"Kabupaten Blitar","province":"Provinsi Jawa Timur","level":"Kabupaten","code":"3505"}},{"arcs":[[-906,932,933,934,935,936,937]],"type":"Polygon","properties":{"name":"Kabupaten Bojonegoro","province":"Provinsi Jawa Timur","level":"Kabupaten","code":"3522"}},{"arcs":[[-395,1006,1007,1008]],"type":"Polygon","properties":{"name":"Kabupaten Bondowoso","province":"Provinsi Jawa Timur","level":"Kabupaten","code":"3511"}},{"arcs":[[[1386,1387,1388,1389,1390,1391,1392]],[[1393]],[[1394]],[[1395]],[[1396]],[[1397]],[[1398]],[[1399]],[[1400]],[[1401]],[[1402]],[[1403]],[[1404]]],"type":"MultiPolygon","properties":{"name":"Kabupaten Gresik","province":"Provinsi Jawa Timur","level":"Kabupaten","code":"3525"}},{"arcs":[[[1792]],[[1793]],[[1794]],[[1795]],[[1796]],[[1797]],[[1798]],[[1799]],[[1800]],[[-394,1801,1802,1803,-1007]]],"type":"MultiPolygon","properties":{"name":"Kabupaten Jember","province":"Provinsi Jawa Timur","level":"Kabupaten","code":"3509"}},{"arcs":[[-935,1841,1842,1843,1844,1845]],"type":"Polygon","properties":{"name":"Kabupaten Jombang","province":"Provinsi Jawa Timur","level":"Kabupaten","code":"3517"}},{"arcs":[[-901,2131,2132,-1845,2133],[2134]],"type":"Polygon","properties":{"name":"Kabupaten Kediri","province":"Provinsi Jawa Timur","level":"Kabupaten","code":"3506"}},{"arcs":[[[-1392,3791]],[[-934,3792,3793,-1390,3794,-1842]]],"type":"MultiPolygon","properties":{"name":"Kabupaten Lamongan","province":"Provinsi Jawa Timur","level":"Kabupaten","code":"3524"}},{"arcs":[[-1803,4197,4198,4199]],"type":"Polygon","properties":{"name":"Kabupaten Lumajang","province":"Provinsi Jawa Timur","level":"Kabupaten","code":"3508"}},{"arcs":[[-937,4222,4223,4224,-3381,4225,4226],[-3379]],"type":"Polygon","properties":{"name":"Kabupaten Madiun","province":"Provinsi Jawa Timur","level":"Kabupaten","code":"3519"}},{"arcs":[[-1897,4232,-4226,-3380,-4225,4233,4234]],"type":"Polygon","properties":{"name":"Kabupaten Magetan","province":"Provinsi Jawa Timur","level":"Kabupaten","code":"3520"}},{"arcs":[[[4247]],[[4248]],[[4249]],[[4250]],[[4251]],[[4252]],[[4253]],[[4254]],[[-902,-2134,-1844,4255,-3308,4256,4257,-4199,4258],[-3407]]],"type":"MultiPolygon","properties":{"name":"Kabupaten Malang","province":"Provinsi Jawa Timur","level":"Kabupaten","code":"3507"}},{"arcs":[[-1389,4753,4754,-3309,-4256,-1843,-3795],[-3419]],"type":"Polygon","properties":{"name":"Kabupaten Mojokerto","province":"Provinsi Jawa Timur","level":"Kabupaten","code":"3516"}},{"arcs":[[-936,-1846,-2133,5025,5026,-4223]],"type":"Polygon","properties":{"name":"Kabupaten Nganjuk","province":"Provinsi Jawa Timur","level":"Kabupaten","code":"3518"}},{"arcs":[[-907,-938,-4227,-4233,-1896,5027,-1406]],"type":"Polygon","properties":{"name":"Kabupaten Ngawi","province":"Provinsi Jawa Timur","level":"Kabupaten","code":"3521"}},{"arcs":[[[5147]],[[5148,5149,5150,5151]]],"type":"MultiPolygon","properties":{"name":"Kabupaten Pacitan","province":"Provinsi Jawa Timur","level":"Kabupaten","code":"3501"}},{"arcs":[[5166,5167,5168,5169]],"type":"Polygon","properties":{"name":"Kabupaten Pamekasan","province":"Provinsi Jawa Timur","level":"Kabupaten","code":"3528"}},{"arcs":[[-3307,-4755,5323,5324,-3466,5325,5326,-4257]],"type":"Polygon","properties":{"name":"Kabupaten Pasuruan","province":"Provinsi Jawa Timur","level":"Kabupaten","code":"3514"}},{"arcs":[[-4224,-5027,5458,5459,-5149,5460,-4234]],"type":"Polygon","properties":{"name":"Kabupaten Ponorogo","province":"Provinsi Jawa Timur","level":"Kabupaten","code":"3502"}},{"arcs":[[[-1008,-1804,-4200,-4258,-5327,5465,-3485,5466,5467]],[[5468]]],"type":"MultiPolygon","properties":{"name":"Kabupaten Probolinggo","province":"Provinsi Jawa Timur","level":"Kabupaten","code":"3513"}},{"arcs":[[[5825]],[[-332,5826,-5169,5827]]],"type":"MultiPolygon","properties":{"name":"Kabupaten Sampang","province":"Provinsi Jawa Timur","level":"Kabupaten","code":"3527"}},{"arcs":[[-1388,-3530,5951,-5324,-4754]],"type":"Polygon","properties":{"name":"Kabupaten Sidoarjo","province":"Provinsi Jawa Timur","level":"Kabupaten","code":"3515"}},{"arcs":[[-396,-1009,-5468,6018]],"type":"Polygon","properties":{"name":"Kabupaten Situbondo","province":"Provinsi Jawa Timur","level":"Kabupaten","code":"3512"}},{"arcs":[[[6102]],[[6103]],[[6104]],[[6105]],[[6106]],[[6107]],[[6108]],[[6109]],[[6110]],[[6111]],[[6112]],[[6113]],[[6114]],[[6115]],[[6116]],[[6117]],[[6118]],[[6119]],[[6120]],[[6121]],[[6122]],[[6123]],[[6124]],[[6125]],[[6126]],[[6127]],[[6128]],[[6129]],[[6130]],[[6131]],[[6132]],[[6133]],[[6134]],[[6135]],[[6136]],[[6137]],[[6138]],[[6139]],[[6140]],[[6141]],[[6142]],[[6143]],[[6144]],[[6145]],[[6146]],[[6147]],[[6148]],[[6149]],[[6150]],[[6151]],[[6152]],[[6153]],[[6154]],[[6155]],[[6156]],[[6157]],[[6158]],[[6159]],[[6160]],[[6161]],[[6162]],[[6163]],[[6164]],[[6165]],[[6166]],[[6167]],[[6168]],[[6169]],[[6170]],[[6171]],[[6172]],[[6173]],[[6174]],[[6175]],[[6176]],[[6177]],[[6178]],[[6179]],[[6180]],[[6181]],[[6182]],[[6183]],[[6184]],[[6185]],[[-5167,6186]],[[6187]],[[6188]],[[6189]],[[6190]],[[6191]],[[6192]],[[6193]],[[6194]],[[6195]],[[6196]],[[6197]]],"type":"MultiPolygon","properties":{"name":"Kabupaten Sumenep","province":"Provinsi Jawa Timur","level":"Kabupaten","code":"3529"}},{"arcs":[[[6467]],[[6468]],[[6469]],[[6470]],[[6471]],[[6472]],[[6473]],[[6474]],[[6475]],[[6476]],[[6477]],[[6478]],[[6479]],[[-5150,-5460,6480,6481]]],"type":"MultiPolygon","properties":{"name":"Kabupaten Trenggalek","province":"Provinsi Jawa Timur","level":"Kabupaten","code":"3503"}},{"arcs":[[-905,-5785,6482,-3793,-933]],"type":"Polygon","properties":{"name":"Kabupaten Tuban","province":"Provinsi Jawa Timur","level":"Kabupaten","code":"3523"}},{"arcs":[[-900,6486,-6481,-5459,-5026,-2132]],"type":"Polygon","properties":{"name":"Kabupaten Tulungagung","province":"Provinsi Jawa Timur","level":"Kabupaten","code":"3504"}}]}