{"type":"GeometryCollection","geometries":[{"arcs":[[[2947]],[[2948]],[[2949,2950,2951]]],"type":"MultiPolygon","properties":{"name":"Kota Bandar Lampung","province":"Provinsi Lampung","level":"Kota","code":"1871"}},{"arcs":[[3416,3417]],"type":"Polygon","properties":{"name":"Kota Metro","province":"Provinsi Lampung","level":"Kota","code":"1872"}},{"arcs":[[-1233,3795,3796,3797,3798,3799,3800,3801,-2074,3802]],"type":"Polygon","properties":{"name":"Kabupaten Lampung Barat","province":"Provinsi Lampung","level":"Kabupaten","code":"1804"}},{"arcs":[[[3803]],[[3804]],[[3805]],[[3806]],[[3807]],[[3808]],[[3809]],[[3810]],[[3811]],[[3812]],[[3813]],[[3814]],[[3815]],[[3816]],[[3817]],[[3818]],[[3819]],[[3820]],[[3821]],[[3822]],[[-2952,3823,3824,3825,3826]]],"type":"MultiPolygon","properties":{"name":"Kabupaten Lampung Selatan","province":"Provinsi Lampung","level":"Kabupaten","code":"1801"}},{"arcs":[[-3417,-3825,3827,3828,3829,-3799,3830,3831,3832,3833]],"type":"Polygon","properties":{"name":"Kabupaten Lampung Tengah","province":"Provinsi Lampung","level":"Kabupaten","code":"1802"}},{"arcs":[[[3834]],[[3835]],[[-3418,-3834,3836,3837,-3826]]],"type":"MultiPolygon","properties":{"name":"Kabupaten Lampung Timur","province":"Provinsi Lampung","level":"Kabupaten","code":"1807"}},{"arcs":[[-3798,3838,3839,-3831]],"type":"Polygon","properties":{"name":"Kabupaten Lampung Utara","province":"Provinsi Lampung","level":"Kabupaten","code":"1803"}},{"arcs":[[4688,4689,4690]],"type":"Polygon","properties":{"name":"Kabupaten Mesuji","province":"Provinsi Lampung","level":"Kabupaten","code":"1811"}},{"arcs":[[[5355]],[[5356]],[[5357]],[[5358]],[[5359]],[[5360]],[[5361]],[[5362]],[[5363]],[[5364]],[[5365]],[[5366]],[[5367]],[[5368]],[[5369]],[[5370]],[[5371]],[[5372]],[[5373]],[[5374]],[[5375]],[[5376]],[[5377]],[[5378]],[[-2951,5379,5380,5381,-3828,-3824]]],"type":"MultiPolygon","properties":{"name":"Kabupaten Pesawaran","province":"Provinsi Lampung","level":"Kabupaten","code":"1809"}},{"arcs":[[[5382]],[[-3801,5383,5384]]],"type":"MultiPolygon","properties":{"name":"Kabupaten Pesisir Barat","province":"Provinsi Lampung","level":"Kabupaten","code":"1813"}},{"arcs":[[-3829,-5382,5464]],"type":"Polygon","properties":{"name":"Kabupaten Pringsewu","province":"Provinsi Lampung","level":"Kabupaten","code":"1810"}},{"arcs":[[[6268]],[[-3800,-3830,-5465,-5381,6269,-5384]]],"type":"MultiPolygon","properties":{"name":"Kabupaten Tanggamus","province":"Provinsi Lampung","level":"Kabupaten","code":"1806"}},{"arcs":[[-3833,-6485,-4689,-5139,6485,-3837]],"type":"Polygon","properties":{"name":"Kabupaten Tulang Bawang","province":"Provinsi Lampung","level":"Kabupaten","code":"1805"}},{"arcs":[[-3832,-3840,6483,-5140,-4690,6484]],"type":"Polygon","properties":{"name":"Kabupaten Tulang Bawang Barat","province":"Provinsi Lampung","level":"Kabupaten","code":"1812"}},{"arcs":[[-3797,-5146,-5147,-5141,-6484,-3839]],"type":"Polygon","properties":{"name":"Kabupaten Way Kanan","province":"Provinsi Lampung","level":"Kabupaten","code":"1808"}}]}