{"type":"GeometryCollection","geometries":[{"arcs":[[[3547]],[[3548]],[[3549]],[[3550]],[[3551]],[[3552]]],"type":"MultiPolygon","properties":{"name":"Kota Ternate","province":"Provinsi Maluku Utara","level":"Kota","code":"8271"}},{"arcs":[[[3553]],[[3554]],[[3555]],[[3556]],[[3557]],[[3558]],[[3559]],[[3560]],[[3561]],[[3562]],[[3563]],[[3564]],[[3565]],[[3566]],[[-1451,-1701,-1681,-1667,3567]]],"type":"MultiPolygon","properties":{"name":"Kota Tidore Kepulauan","province":"Provinsi Maluku Utara","level":"Kota","code":"8272"}},{"arcs":[[[1422]],[[1423]],[[1424]],[[1425]],[[1426]],[[1427]],[[1428]],[[1429]],[[1430]],[[1431]],[[1432]],[[1433]],[[1434]],[[1435]],[[1436]],[[1437]],[[1438]],[[1439]],[[1440]],[[1441]],[[1442]],[[1443]],[[1444]],[[1445]],[[1446]],[[1447]],[[1448]],[[1449,1450,1451,1452]]],"type":"MultiPolygon","properties":{"name":"Kabupaten Halmahera Barat","province":"Provinsi Maluku Utara","level":"Kabupaten","code":"8201"}},{"arcs":[[[1453]],[[1454]],[[1455]],[[1456]],[[1457]],[[1458]],[[1459]],[[1460]],[[1461]],[[1462]],[[1463]],[[1464]],[[1465]],[[1466]],[[1467]],[[1468]],[[1469]],[[1470]],[[1471]],[[1472]],[[1473]],[[1474]],[[1475]],[[1476]],[[1477]],[[1478]],[[1479]],[[1480]],[[1481]],[[1482]],[[1483]],[[1484]],[[1485]],[[1486]],[[1487]],[[1488]],[[1489]],[[1490]],[[1491]],[[1492]],[[1493]],[[1494]],[[1495]],[[1496]],[[1497]],[[1498]],[[1499]],[[1500]],[[1501]],[[1502]],[[1503]],[[1504]],[[1505]],[[1506]],[[1507]],[[1508]],[[1509]],[[1510]],[[1511]],[[1512]],[[1513]],[[1514]],[[1515]],[[1516]],[[1517]],[[1518]],[[1519]],[[1520]],[[1521]],[[1522]],[[1523]],[[1524]],[[1525]],[[1526]],[[1527]],[[1528]],[[1529]],[[1530]],[[1531]],[[1532]],[[1533]],[[1534]],[[1535]],[[1536]],[[1537]],[[1538]],[[1539]],[[1540]],[[1541]],[[1542]],[[1543]],[[1544]],[[1545]],[[1546]],[[1547]],[[1548]],[[1549]],[[1550]],[[1551]],[[1552]],[[1553]],[[1554]],[[1555]],[[1556]],[[1557]],[[1558]],[[1559]],[[1560]],[[1561]],[[1562]],[[1563]],[[1564]],[[1565]],[[1566]],[[1567]],[[1568]],[[1569]],[[1570]],[[1571]],[[1572]],[[1573]],[[1574]],[[1575]],[[1576]],[[1577]],[[1578]],[[1579]],[[1580]],[[1581]],[[1582]],[[1583]],[[1584]],[[1585]],[[1586]],[[1587]],[[1588]],[[1589]],[[1590]],[[1591]],[[1592]],[[1593]],[[1594]],[[1595]],[[1596]],[[1597]],[[1598]],[[1599]],[[1600]],[[1601]],[[1602]],[[1603]],[[1604]],[[1605]],[[1606]],[[1607]],[[1608]],[[1609]],[[1610]],[[1611]],[[1612]],[[1613]],[[1614]],[[1615]],[[1616]],[[1617]],[[1618]],[[1619]],[[1620]],[[1621]],[[1622]],[[1623]],[[1624]],[[1625]],[[1626]],[[1627]],[[1628]],[[1629]],[[1630]],[[1631]],[[1632]],[[1633]],[[1634]],[[1635]],[[1636]],[[1637]],[[1638]],[[1639]],[[1640]],[[1641]],[[1642]],[[1643]],[[1644]],[[1645]],[[1646]],[[1647]],[[1648]],[[1649]],[[1650]],[[1651]],[[1652]],[[1653]],[[1654]],[[1655]],[[1656]],[[1657]],[[1658]],[[1659]],[[1660]],[[1661]],[[1662]],[[1663]],[[1664]],[[1665]],[[1666,1667,1668]],[[1669]]],"type":"MultiPolygon","properties":{"name":"Kabupaten Halmahera Selatan","province":"Provinsi Maluku Utara","level":"Kabupaten","code":"8204"}},{"arcs":[[[1670]],[[1671]],[[1672]],[[1673]],[[1674]],[[1675]],[[1676]],[[1677]],[[1678]],[[1679]],[[-1668,1680,1681,1682]]],"type":"MultiPolygon","properties":{"name":"Kabupaten Halmahera Tengah","province":"Provinsi Maluku Utara","level":"Kabupaten","code":"8202"}},{"arcs":[[[1683]],[[1684]],[[1685]],[[1686]],[[1687]],[[1688]],[[1689]],[[1690]],[[1691]],[[1692]],[[1693]],[[1694]],[[1695]],[[1696]],[[1697]],[[-1450,1698,1699,-1682,1700]]],"type":"MultiPolygon","properties":{"name":"Kabupaten Halmahera Timur","province":"Provinsi Maluku Utara","level":"Kabupaten","code":"8206"}},{"arcs":[[[1701]],[[1702]],[[1703]],[[1704]],[[1705]],[[1706]],[[1707]],[[1708]],[[1709]],[[1710]],[[1711]],[[1712]],[[1713]],[[1714]],[[1715]],[[1716]],[[1717]],[[1718]],[[1719]],[[1720]],[[1721]],[[1722]],[[1723]],[[1724]],[[1725]],[[1726]],[[1727]],[[1728]],[[1729]],[[1730]],[[-1453,1731,-1699]],[[1732]],[[1733]],[[1734]],[[1735]]],"type":"MultiPolygon","properties":{"name":"Kabupaten Halmahera Utara","province":"Provinsi Maluku Utara","level":"Kabupaten","code":"8203"}},{"arcs":[[[2765]],[[2766]],[[2767]],[[2768]],[[2769]],[[2770]],[[2771]],[[2772]],[[2773]],[[2774]],[[2775]],[[2776]],[[2777]],[[2778]],[[2779]],[[2780]],[[2781]],[[2782]]],"type":"MultiPolygon","properties":{"name":"Kabupaten Kepulauan Sula","province":"Provinsi Maluku Utara","level":"Kabupaten","code":"8205"}},{"arcs":[[[5470]],[[5471]],[[5472]],[[5473]],[[5474]],[[5475]],[[5476]],[[5477]],[[5478]],[[5479]],[[5480]],[[5481]],[[5482]],[[5483]],[[5484]],[[5485]],[[5486]],[[5487]],[[5488]],[[5489]],[[5490]],[[5491]]],"type":"MultiPolygon","properties":{"name":"Kabupaten Pulau Morotai","province":"Provinsi Maluku Utara","level":"Kabupaten","code":"8207"}},{"arcs":[[[5492]],[[5493]],[[5494]],[[5495]],[[5496]],[[5497]],[[5498]],[[5499]],[[5500]],[[5501]],[[5502]],[[5503]],[[5504]],[[5505]],[[5506]],[[5507]],[[5508]],[[5509]],[[5510]],[[5511]],[[5512]],[[5513]],[[5514]],[[5515]],[[5516]],[[5517]],[[5518]],[[5519]],[[5520]],[[5521]],[[5522]],[[5523]],[[5524]],[[5525]],[[5526]],[[5527]],[[5528]]],"type":"MultiPolygon","properties":{"name":"Kabupaten Pulau Taliabu","province":"Provinsi Maluku Utara","level":"Kabupaten","code":"8208"}}]}