{"type":"GeometryCollection","geometries":[{"arcs":[[-632,3313,3314]],"type":"Polygon","properties":{"name":"Kota Bengkulu","province":"Provinsi Bengkulu","level":"Kota","code":"1771"}},{"arcs":[[625,626,627,628,629]],"type":"Polygon","properties":{"name":"Kabupaten Bengkulu Selatan","province":"Provinsi Bengkulu","level":"Kabupaten","code":"1701"}},{"arcs":[[630,631,632,633,634,635]],"type":"Polygon","properties":{"name":"Kabupaten Bengkulu Tengah","province":"Provinsi Bengkulu","level":"Kabupaten","code":"1709"}},{"arcs":[[[636]],[[637]],[[638]],[[-634,639,640,641,642,643]]],"type":"MultiPolygon","properties":{"name":"Kabupaten Bengkulu Utara","province":"Provinsi Bengkulu","level":"Kabupaten","code":"1703"}},{"arcs":[[-627,2070,2071,2072,2073,2074]],"type":"Polygon","properties":{"name":"Kabupaten Kaur","province":"Provinsi Bengkulu","level":"Kabupaten","code":"1704"}},{"arcs":[[-636,2144,-1315,2145]],"type":"Polygon","properties":{"name":"Kabupaten Kepahiang","province":"Provinsi Bengkulu","level":"Kabupaten","code":"1708"}},{"arcs":[[-643,3867,3868,3869,3870]],"type":"Polygon","properties":{"name":"Kabupaten Lebong","province":"Provinsi Bengkulu","level":"Kabupaten","code":"1707"}},{"arcs":[[-641,4833,4834,-2844,-4664]],"type":"Polygon","properties":{"name":"Kabupaten Mukomuko","province":"Provinsi Bengkulu","level":"Kabupaten","code":"1706"}},{"arcs":[[-635,-644,-3871,-4898,-3377,-4897,-1316,-2145]],"type":"Polygon","properties":{"name":"Kabupaten Rejang Lebong","province":"Provinsi Bengkulu","level":"Kabupaten","code":"1702"}},{"arcs":[[-629,5849,-3314,-631,-2146,-1314,-3786]],"type":"Polygon","properties":{"name":"Kabupaten Seluma","province":"Provinsi Bengkulu","level":"Kabupaten","code":"1705"}}]}