{"type":"GeometryCollection","geometries":[{"arcs":[[[3332]],[[3333,3334]]],"type":"MultiPolygon","properties":{"name":"Kota Cilegon","province":"Provinsi Banten","level":"Kota","code":"3672"}},{"arcs":[[[3498,3499]],[[3500]],[[3501]]],"type":"MultiPolygon","properties":{"name":"Kota Serang","province":"Provinsi Banten","level":"Kota","code":"3673"}},{"arcs":[[-3351,-3357,3531,3532]],"type":"Polygon","properties":{"name":"Kota Tangerang","province":"Provinsi Banten","level":"Kota","code":"3671"}},{"arcs":[[-929,3533,-3532,-3356,-3338]],"type":"Polygon","properties":{"name":"Kota Tangerang Selatan","province":"Provinsi Banten","level":"Kota","code":"3674"}},{"arcs":[[-927,3862,3863,3864,3865,3866]],"type":"Polygon","properties":{"name":"Kabupaten Lebak","province":"Provinsi Banten","level":"Kabupaten","code":"3602"}},{"arcs":[[[5170]],[[5171]],[[5172]],[[5173]],[[5174]],[[5175]],[[5176]],[[5177]],[[5178]],[[5179]],[[5180]],[[5181]],[[5182]],[[5183]],[[5184]],[[5185]],[[5186]],[[5187]],[[5188]],[[5189]],[[-3865,5190,5191]]],"type":"MultiPolygon","properties":{"name":"Kabupaten Pandeglang","province":"Provinsi Banten","level":"Kabupaten","code":"3601"}},{"arcs":[[[5918]],[[5919]],[[5920]],[[5921]],[[-3335,5922,-3499,5923,5924,-3866,-5192,5925]],[[5926]]],"type":"MultiPolygon","properties":{"name":"Kabupaten Serang","province":"Provinsi Banten","level":"Kabupaten","code":"3604"}},{"arcs":[[-928,-3867,-5925,6267,-3361,-3352,-3533,-3534]],"type":"Polygon","properties":{"name":"Kabupaten Tangerang","province":"Provinsi Banten","level":"Kabupaten","code":"3603"}}]}