{"type":"GeometryCollection","geometries":[{"arcs":[[-138]],"type":"Polygon","properties":{"name":"Kota Bukittinggi","province":"Provinsi Sumatra Barat","level":"Kota","code":"1375"}},{"arcs":[[[3419]],[[3420]],[[3421]],[[3422]],[[3423]],[[3424]],[[3425]],[[3426]],[[3427]],[[3428]],[[3429]],[[3430]],[[3431]],[[3432]],[[3433,3434,3435,3436,3437,3438]]],"type":"MultiPolygon","properties":{"name":"Kota Padang","province":"Provinsi Sumatra Barat","level":"Kota","code":"1371"}},{"arcs":[[3439]],"type":"Polygon","properties":{"name":"Kota Padang Panjang","province":"Provinsi Sumatra Barat","level":"Kota","code":"1374"}},{"arcs":[[[3460]],[[3461]],[[3462]],[[3463,3464]]],"type":"MultiPolygon","properties":{"name":"Kota Pariaman","province":"Provinsi Sumatra Barat","level":"Kota","code":"1377"}},{"arcs":[[3467]],"type":"Polygon","properties":{"name":"Kota Payakumbuh","province":"Provinsi Sumatra Barat","level":"Kota","code":"1376"}},{"arcs":[[3493,3494,3495]],"type":"Polygon","properties":{"name":"Kota Sawahlunto","province":"Provinsi Sumatra Barat","level":"Kota","code":"1373"}},{"arcs":[[-3435,3508]],"type":"Polygon","properties":{"name":"Kota Solok","province":"Provinsi Sumatra Barat","level":"Kota","code":"1372"}},{"arcs":[[[129]],[[130]],[[131,132,133,134,135,136],[137]]],"type":"MultiPolygon","properties":{"name":"Kabupaten Agam","province":"Provinsi Sumatra Barat","level":"Kabupaten","code":"1306"}},{"arcs":[[-1142,1267,1268,1269,1270,1271,1272]],"type":"Polygon","properties":{"name":"Kabupaten Dharmasraya","province":"Provinsi Sumatra Barat","level":"Kabupaten","code":"1310"}},{"arcs":[[[2490]],[[2491]],[[2492]],[[2493]],[[2494]],[[2495]],[[2496]],[[2497]],[[2498]],[[2499]],[[2500]],[[2501]],[[2502]],[[2503]],[[2504]],[[2505]],[[2506]],[[2507]],[[2508]],[[2509]],[[2510]],[[2511]],[[2512]],[[2513]],[[2514]],[[2515]],[[2516]],[[2517]],[[2518]],[[2519]],[[2520]],[[2521]],[[2522]],[[2523]],[[2524]],[[2525]],[[2526]],[[2527]],[[2528]],[[2529]],[[2530]],[[2531]],[[2532]],[[2533]],[[2534]],[[2535]],[[2536]],[[2537]],[[2538]],[[2539]],[[2540]],[[2541]],[[2542]],[[2543]],[[2544]],[[2545]],[[2546]],[[2547]],[[2548]],[[2549]],[[2550]],[[2551]],[[2552]],[[2553]],[[2554]],[[2555]],[[2556]],[[2557]],[[2558]],[[2559]],[[2560]],[[2561]],[[2562]],[[2563]],[[2564]],[[2565]],[[2566]],[[2567]],[[2568]],[[2569]],[[2570]],[[2571]],[[2572]],[[2573]],[[2574]],[[2575]],[[2576]],[[2577]],[[2578]],[[2579]],[[2580]],[[2581]],[[2582]],[[2583]]],"type":"MultiPolygon","properties":{"name":"Kabupaten Kepulauan Mentawai","province":"Provinsi Sumatra Barat","level":"Kabupaten","code":"1309"}},{"arcs":[[-137,3872,3873,-1880,3874,3875],[-3468]],"type":"Polygon","properties":{"name":"Kabupaten Lima Puluh Kota","province":"Provinsi Sumatra Barat","level":"Kabupaten","code":"1307"}},{"arcs":[[-133,5160,5161,-3439,5162,-3465,5163]],"type":"Polygon","properties":{"name":"Kabupaten Padang Pariaman","province":"Provinsi Sumatra Barat","level":"Kabupaten","code":"1305"}},{"arcs":[[-136,5310,-4520,-5156,5311,-3873]],"type":"Polygon","properties":{"name":"Kabupaten Pasaman","province":"Provinsi Sumatra Barat","level":"Kabupaten","code":"1308"}},{"arcs":[[[5312]],[[5313]],[[5314]],[[5315]],[[5316]],[[5317]],[[-135,5318,-4521,-5311]]],"type":"MultiPolygon","properties":{"name":"Kabupaten Pasaman Barat","province":"Provinsi Sumatra Barat","level":"Kabupaten","code":"1312"}},{"arcs":[[[5385]],[[5386]],[[5387]],[[5388]],[[5389]],[[5390]],[[5391]],[[5392]],[[5393]],[[5394]],[[5395]],[[5396]],[[5397]],[[5398]],[[5399]],[[5400]],[[5401]],[[5402]],[[-2845,-4835,5403,-3437,5404,5405,-2847,-3527]]],"type":"MultiPolygon","properties":{"name":"Kabupaten Pesisir Selatan","province":"Provinsi Sumatra Barat","level":"Kabupaten","code":"1301"}},{"arcs":[[-1271,5952,-3494,5953,-3875,-1879,-3612]],"type":"Polygon","properties":{"name":"Kabupaten Sijunjung","province":"Provinsi Sumatra Barat","level":"Kabupaten","code":"1303"}},{"arcs":[[-1235,6019,-3495,-5953,-1270,6020,-5405,-3436,-3509,-3434,-5162,6021]],"type":"Polygon","properties":{"name":"Kabupaten Solok","province":"Provinsi Sumatra Barat","level":"Kabupaten","code":"1302"}},{"arcs":[[-1269,-2848,-5406,-6021]],"type":"Polygon","properties":{"name":"Kabupaten Solok Selatan","province":"Provinsi Sumatra Barat","level":"Kabupaten","code":"1311"}},{"arcs":[[-132,-3876,-5954,-3496,-6020,-1236,-6022,-5161],[-3440]],"type":"Polygon","properties":{"name":"Kabupaten Tanah Datar","province":"Provinsi Sumatra Barat","level":"Kabupaten","code":"1304"}}]}