{"type":"GeometryCollection","geometries":[{"arcs":[[[3382]],[[3383]],[[3384]],[[3385]],[[3386]],[[3387]],[[3388]],[[3389]],[[3390]],[[-1383,3391,3392,3393]],[[3394]],[[3395]],[[3396]],[[3397]],[[3398]],[[3399]],[[3400]],[[3401]],[[3402]],[[3403]],[[3404]],[[3405]]],"type":"MultiPolygon","properties":{"name":"Kota Makassar","province":"Provinsi Sulawesi Selatan","level":"Kota","code":"7371"}},{"arcs":[[[3447]],[[3448]],[[3449,3450,3451,3452]]],"type":"MultiPolygon","properties":{"name":"Kota Palopo","province":"Provinsi Sulawesi Selatan","level":"Kota","code":"7373"}},{"arcs":[[-421,3457,3458,3459]],"type":"Polygon","properties":{"name":"Kota Parepare","province":"Provinsi Sulawesi Selatan","level":"Kota","code":"7372"}},{"arcs":[[354,355,356,357,358]],"type":"Polygon","properties":{"name":"Kabupaten Bantaeng","province":"Provinsi Sulawesi Selatan","level":"Kabupaten","code":"7303"}},{"arcs":[[[416]],[[417]],[[418]],[[419]],[[420,421,422,423,424,425]]],"type":"MultiPolygon","properties":{"name":"Kabupaten Barru","province":"Provinsi Sulawesi Selatan","level":"Kabupaten","code":"7311"}},{"arcs":[[[1009]],[[1010]],[[1011]],[[1012]],[[1013]],[[1014]],[[1015]],[[1016]],[[-424,1017,1018,1019,1020,1021,1022,1023]]],"type":"MultiPolygon","properties":{"name":"Kabupaten Bone","province":"Provinsi Sulawesi Selatan","level":"Kabupaten","code":"7308"}},{"arcs":[[[1058]],[[1059]],[[-355,1060,1061]]],"type":"MultiPolygon","properties":{"name":"Kabupaten Bulukumba","province":"Provinsi Sulawesi Selatan","level":"Kabupaten","code":"7302"}},{"arcs":[[1321,1322,1323,1324]],"type":"Polygon","properties":{"name":"Kabupaten Enrekang","province":"Provinsi Sulawesi Selatan","level":"Kabupaten","code":"7316"}},{"arcs":[[[1379]],[[-358,1380,1381,1382,1383,-1022,1384],[1385]]],"type":"MultiPolygon","properties":{"name":"Kabupaten Gowa","province":"Provinsi Sulawesi Selatan","level":"Kabupaten","code":"7306"}},{"arcs":[[[1809]],[[1810]],[[1811]],[[-357,1812,1813,-1381]]],"type":"MultiPolygon","properties":{"name":"Kabupaten Jeneponto","province":"Provinsi Sulawesi Selatan","level":"Kabupaten","code":"7304"}},{"arcs":[[[2626]],[[2627]],[[2628]],[[2629]],[[2630]],[[2631]],[[2632]],[[2633]],[[2634]],[[2635]],[[2636]],[[2637]],[[2638]],[[2639]],[[2640]],[[2641]],[[2642]],[[2643]],[[2644]],[[2645]],[[2646]],[[2647]],[[2648]],[[2649]],[[2650]],[[2651]],[[2652]],[[2653]],[[2654]],[[2655]],[[2656]],[[2657]],[[2658]],[[2659]],[[2660]],[[2661]],[[2662]],[[2663]],[[2664]],[[2665]],[[2666]],[[2667]],[[2668]],[[2669]],[[2670]],[[2671]],[[2672]],[[2673]],[[2674]],[[2675]],[[2676]],[[2677]],[[2678]],[[2679]],[[2680]],[[2681]],[[2682]],[[2683]],[[2684]],[[2685]],[[2686]],[[2687]],[[2688]],[[2689]],[[2690]],[[2691]],[[2692]]],"type":"MultiPolygon","properties":{"name":"Kabupaten Kepulauan Selayar","province":"Provinsi Sulawesi Selatan","level":"Kabupaten","code":"7301"}},{"arcs":[[[-1322,4200,4201,-3451,4202,4203,4204]],[[-3453,4205,4206,4207]]],"type":"MultiPolygon","properties":{"name":"Kabupaten Luwu","province":"Provinsi Sulawesi Selatan","level":"Kabupaten","code":"7317"}},{"arcs":[[[4208]],[[-2904,4209,4210,4211,4212,4213,-2914]]],"type":"MultiPolygon","properties":{"name":"Kabupaten Luwu Timur","province":"Provinsi Sulawesi Selatan","level":"Kabupaten","code":"7324"}},{"arcs":[[[4214]],[[4215]],[[-4207,4216,4217,4218,4219,4220,-4211,4221]]],"type":"MultiPolygon","properties":{"name":"Kabupaten Luwu Utara","province":"Provinsi Sulawesi Selatan","level":"Kabupaten","code":"7322"}},{"arcs":[[-1023,-1384,-3394,4654,4655]],"type":"Polygon","properties":{"name":"Kabupaten Maros","province":"Provinsi Sulawesi Selatan","level":"Kabupaten","code":"7309"}},{"arcs":[[[5194]],[[5195]],[[5196]],[[5197]],[[5198]],[[5199]],[[5200]],[[5201]],[[5202]],[[5203]],[[5204]],[[5205]],[[5206]],[[5207]],[[5208]],[[5209]],[[5210]],[[5211]],[[5212]],[[5213]],[[5214]],[[5215]],[[5216]],[[5217]],[[5218]],[[5219]],[[5220]],[[5221]],[[5222]],[[5223]],[[5224]],[[5225]],[[5226]],[[5227]],[[5228]],[[5229]],[[5230]],[[5231]],[[5232]],[[5233]],[[5234]],[[5235]],[[5236]],[[5237]],[[5238]],[[5239]],[[5240]],[[5241]],[[5242]],[[5243]],[[5244]],[[5245]],[[5246]],[[5247]],[[5248]],[[5249]],[[5250]],[[5251]],[[5252]],[[5253]],[[5254]],[[5255]],[[5256]],[[5257]],[[5258]],[[5259]],[[5260]],[[5261]],[[5262]],[[5263]],[[5264]],[[5265]],[[5266]],[[5267]],[[5268]],[[5269]],[[5270]],[[5271]],[[5272]],[[5273]],[[5274]],[[5275]],[[5276]],[[5277]],[[5278]],[[5279]],[[5280]],[[5281]],[[5282]],[[5283]],[[5284]],[[5285]],[[5286]],[[5287]],[[5288]],[[5289]],[[5290]],[[5291]],[[5292]],[[-425,-1024,-4656,5293]],[[5294]]],"type":"MultiPolygon","properties":{"name":"Kabupaten Pangkajene dan Kepulauan","province":"Provinsi Sulawesi Selatan","level":"Kabupaten","code":"7310"}},{"arcs":[[[5409]],[[-1324,5410,-3459,5411,5412,-4464,5413]]],"type":"MultiPolygon","properties":{"name":"Kabupaten Pinrang","province":"Provinsi Sulawesi Selatan","level":"Kabupaten","code":"7315"}},{"arcs":[[-422,-3460,-5411,-1323,-4205,5949,5950]],"type":"Polygon","properties":{"name":"Kabupaten Sidenreng Rappang","province":"Provinsi Sulawesi Selatan","level":"Kabupaten","code":"7314"}},{"arcs":[[[6008]],[[6009]],[[6010]],[[6011]],[[6012]],[[-359,-1385,-1021,6013,-1061]],[[6014]],[[6015]],[[6016]]],"type":"MultiPolygon","properties":{"name":"Kabupaten Sinjai","province":"Provinsi Sulawesi Selatan","level":"Kabupaten","code":"7307"}},{"arcs":[[-423,-5951,6022,-1018]],"type":"Polygon","properties":{"name":"Kabupaten Soppeng","province":"Provinsi Sulawesi Selatan","level":"Kabupaten","code":"7312"}},{"arcs":[[[6218]],[[6219]],[[6220]],[[6221]],[[6222]],[[6223]],[[-1386]],[[-1382,-1814,6224,-3392],[-1380]]],"type":"MultiPolygon","properties":{"name":"Kabupaten Takalar","province":"Provinsi Sulawesi Selatan","level":"Kabupaten","code":"7305"}},{"arcs":[[-1325,-5414,-4463,-4491,6257,-4201]],"type":"Polygon","properties":{"name":"Kabupaten Tana Toraja","province":"Provinsi Sulawesi Selatan","level":"Kabupaten","code":"7318"}},{"arcs":[[-3452,-4202,-6258,-4490,-4217,-4206]],"type":"Polygon","properties":{"name":"Kabupaten Toraja Utara","province":"Provinsi Sulawesi Selatan","level":"Kabupaten","code":"7326"}},{"arcs":[[-1019,-6023,-5950,-4204,6487]],"type":"Polygon","properties":{"name":"Kabupaten Wajo","province":"Provinsi Sulawesi Selatan","level":"Kabupaten","code":"7313"}}]}