{"type":"GeometryCollection","geometries":[{"arcs":[[-1293,3453,-1309,3454,3455]],"type":"Polygon","properties":{"name":"Kota Palu","province":"Provinsi Sulawesi Tengah","level":"Kota","code":"7271"}},{"arcs":[[[192,193]],[[194]],[[195]],[[196]],[[197]],[[198]],[[199]],[[200]],[[201]],[[202]],[[203]],[[204]],[[205]],[[206]],[[207,208,209]],[[210]],[[211]]],"type":"MultiPolygon","properties":{"name":"Kabupaten Banggai","province":"Provinsi Sulawesi Tengah","level":"Kabupaten","code":"7201"}},{"arcs":[[[212]],[[213]]],"type":"MultiPolygon","properties":{"name":"Kabupaten Banggai Kepulauan","province":"Provinsi Sulawesi Tengah","level":"Kabupaten","code":"7207"}},{"arcs":[[[214]],[[215]],[[216]],[[217]],[[218]],[[219]],[[220]],[[221]],[[222]],[[223]],[[224]],[[225]],[[226]],[[227]],[[228]],[[229]],[[230]],[[231]],[[232]],[[233]],[[234]],[[235]],[[236]],[[237]],[[238]],[[239]],[[240]],[[241]],[[242]],[[243]],[[244]],[[245]],[[246]],[[247]],[[248]],[[249]],[[250]],[[251]],[[252]],[[253]],[[254]],[[255]],[[256]],[[257]],[[258]],[[259]],[[260]],[[261]],[[262]],[[263]],[[264]],[[265]],[[266]],[[267]],[[268]],[[269]],[[270]],[[271]],[[272]],[[273]],[[274]],[[275]],[[276]],[[277]],[[278]],[[279]],[[280]],[[281]],[[282]],[[283]],[[284]],[[285]],[[286]],[[287]],[[288]],[[289]],[[290]],[[291]],[[292]]],"type":"MultiPolygon","properties":{"name":"Kabupaten Banggai Laut","province":"Provinsi Sulawesi Tengah","level":"Kabupaten","code":"7211"}},{"arcs":[[[1143]],[[1144]],[[1145]],[[1146]],[[1147,1148,1149,1150,1151]]],"type":"MultiPolygon","properties":{"name":"Kabupaten Buol","province":"Provinsi Sulawesi Tengah","level":"Kabupaten","code":"7205"}},{"arcs":[[[1291]],[[1292,1293,1294,1295]],[[1296]],[[1297]],[[1298]],[[1299]],[[1300]],[[1301]],[[1302]],[[1303]],[[1304]],[[1305]],[[1306,1307,1308,1309]]],"type":"MultiPolygon","properties":{"name":"Kabupaten Donggala","province":"Provinsi Sulawesi Tengah","level":"Kabupaten","code":"7203"}},{"arcs":[[[4755]],[[4756]],[[4757]],[[4758]],[[4759]],[[4760]],[[4761]],[[4762]],[[4763]],[[4764]],[[4765]],[[4766]],[[4767]],[[4768]],[[4769]],[[4770]],[[4771]],[[4772]],[[4773]],[[4774]],[[4775]],[[4776]],[[4777]],[[4778]],[[4779]],[[4780]],[[4781]],[[4782]],[[4783]],[[4784]],[[4785]],[[4786]],[[4787]],[[4788]],[[4789]],[[4790]],[[4791]],[[4792]],[[4793]],[[4794]],[[4795]],[[4796]],[[4797]],[[4798]],[[4799]],[[4800]],[[4801]],[[-2915,-4214,4802,4803,-2939],[4804],[4805]]],"type":"MultiPolygon","properties":{"name":"Kabupaten Morowali","province":"Provinsi Sulawesi Tengah","level":"Kabupaten","code":"7206"}},{"arcs":[[[4806]],[[4807]],[[4808]],[[4809]],[[4810]],[[4811]],[[4812]],[[4813]],[[4814]],[[4815]],[[4817]],[[4818]],[[4819]],[[-208,4820,-4803,-4213,4821,4822],[4816]]],"type":"MultiPolygon","properties":{"name":"Kabupaten Morowali Utara","province":"Provinsi Sulawesi Tengah","level":"Kabupaten","code":"7212"}},{"arcs":[[[5296]],[[5297]],[[5298]],[[5299]],[[5300]],[[5301]],[[5302]],[[5303]],[[5304]],[[-1150,5305,5306,5307,5308,-3455,-1308,5309]]],"type":"MultiPolygon","properties":{"name":"Kabupaten Parigi Moutong","province":"Provinsi Sulawesi Tengah","level":"Kabupaten","code":"7208"}},{"arcs":[[-4212,-4221,5461,-5308,5462,5463,-4822]],"type":"Polygon","properties":{"name":"Kabupaten Poso","province":"Provinsi Sulawesi Tengah","level":"Kabupaten","code":"7202"}},{"arcs":[[-1294,-3456,-5309,-5462,-4220,-4509,-4510]],"type":"Polygon","properties":{"name":"Kabupaten Sigi","province":"Provinsi Sulawesi Tengah","level":"Kabupaten","code":"7210"}},{"arcs":[[[6343]],[[6344]],[[6345,-209,-4823,-5464,6346,-193,6347]],[[6348]],[[6349]],[[6350]],[[6351]],[[6352]],[[6353]],[[6354]],[[6355]],[[6356]],[[6357]],[[6358]],[[6359]],[[6360]],[[6361]],[[6362]],[[6363]],[[6364]],[[6365]],[[6366]],[[6367]],[[6368]],[[6369]],[[6370]],[[6371]],[[6372]],[[6373]],[[6374]],[[6375]],[[6376]],[[6377]],[[6378]],[[6379]],[[6380]],[[6381]],[[6382]],[[6383]],[[6384]],[[6385]],[[6386]],[[6387]],[[6388]],[[6389]],[[6390]],[[6391]],[[6392]],[[6393]],[[6394]],[[6395]],[[6396]],[[6397]],[[6398]],[[6399]],[[6400]],[[6401]],[[6402]],[[6403]],[[6404]],[[6405]],[[6406]],[[6407]],[[6408]],[[6409]],[[6410]],[[6411]],[[6412]],[[6413]],[[6414]],[[6415]],[[6416]],[[6417]],[[6418]],[[6419]],[[6420]],[[6421]],[[6422]],[[6423]],[[6424]],[[6425]],[[6426]],[[6427]],[[6428],[6450]],[[6429]],[[6430]],[[6431]],[[6432]],[[6433]],[[6434]],[[6435]],[[6436]],[[6437]],[[6438]],[[6439]],[[6440]],[[6441]],[[6442]],[[6443]],[[6444]],[[6445]],[[6446]],[[6447]],[[6448]],[[6449]]],"type":"MultiPolygon","properties":{"name":"Kabupaten Tojo Una-Una","province":"Provinsi Sulawesi Tengah","level":"Kabupaten","code":"7209"}},{"arcs":[[[6451]],[[6452]],[[6453]],[[6454]],[[6455]],[[6456]],[[6457]],[[6458]],[[6459]],[[6460]],[[6461]],[[6462]],[[6463]],[[6464]],[[-1151,-5310,-1307,6465]],[[6466]]],"type":"MultiPolygon","properties":{"name":"Kabupaten Tolitoli","province":"Provinsi Sulawesi Tengah","level":"Kabupaten","code":"7204"}}]}