{"type":"GeometryCollection","geometries":[{"arcs":[[-365,3602]],"type":"Polygon","properties":{"name":"Kota Yogyakarta","province":"Provinsi Daerah Istimewa Yogyakarta","level":"Kota","code":"3471"}},{"arcs":[[359,360,361,362,363,364]],"type":"Polygon","properties":{"name":"Kabupaten Bantul","province":"Provinsi Daerah Istimewa Yogyakarta","level":"Kabupaten","code":"3402"}},{"arcs":[[-361,1411,1412,1413,1414,1415]],"type":"Polygon","properties":{"name":"Kabupaten Gunungkidul","province":"Provinsi Daerah Istimewa Yogyakarta","level":"Kabupaten","code":"3403"}},{"arcs":[[-363,3654,3655,3656,3657]],"type":"Polygon","properties":{"name":"Kabupaten Kulon Progo","province":"Provinsi Daerah Istimewa Yogyakarta","level":"Kabupaten","code":"3401"}},{"arcs":[[-360,-3603,-364,-3658,-4228,-2880,-1412]],"type":"Polygon","properties":{"name":"Kabupaten Sleman","province":"Provinsi Daerah Istimewa Yogyakarta","level":"Kabupaten","code":"3404"}}]}