{"type":"GeometryCollection","geometries":[{"arcs":[[3362]],"type":"Polygon","properties":{"name":"Kota Jambi","province":"Provinsi Jambi","level":"Kota","code":"1571"}},{"arcs":[[-2846,3526]],"type":"Polygon","properties":{"name":"Kota Sungai Penuh","province":"Provinsi Jambi","level":"Kota","code":"1572"}},{"arcs":[[431,432,433,434,435]],"type":"Polygon","properties":{"name":"Kabupaten Batanghari","province":"Provinsi Jambi","level":"Kabupaten","code":"1504"}},{"arcs":[[1139,1140,1141,1142]],"type":"Polygon","properties":{"name":"Kabupaten Bungo","province":"Provinsi Jambi","level":"Kabupaten","code":"1508"}},{"arcs":[[-1141,2842,2843,2844,2845,2846,2847,-1268]],"type":"Polygon","properties":{"name":"Kabupaten Kerinci","province":"Provinsi Jambi","level":"Kabupaten","code":"1501"}},{"arcs":[[-642,4663,-2843,-1140,4664,4665,4666,-3868]],"type":"Polygon","properties":{"name":"Kabupaten Merangin","province":"Provinsi Jambi","level":"Kabupaten","code":"1502"}},{"arcs":[[-377,4830,-436,4831,4832],[-3363]],"type":"Polygon","properties":{"name":"Kabupaten Muaro Jambi","province":"Provinsi Jambi","level":"Kabupaten","code":"1505"}},{"arcs":[[-433,-4896,-4901,-4666,5847]],"type":"Polygon","properties":{"name":"Kabupaten Sarolangun","province":"Provinsi Jambi","level":"Kabupaten","code":"1503"}},{"arcs":[[-435,6270,-1765,6271,6272,-4832]],"type":"Polygon","properties":{"name":"Kabupaten Tanjung Jabung Barat","province":"Provinsi Jambi","level":"Kabupaten","code":"1506"}},{"arcs":[[[-378,-4833,-6273,6273]],[[-3883,6274]]],"type":"MultiPolygon","properties":{"name":"Kabupaten Tanjung Jabung Timur","province":"Provinsi Jambi","level":"Kabupaten","code":"1507"}},{"arcs":[[-434,-5848,-4665,-1143,-1273,-3614,-1770,-1766,-6271]],"type":"Polygon","properties":{"name":"Kabupaten Tebo","province":"Provinsi Jambi","level":"Kabupaten","code":"1509"}}]}