{"type":"GeometryCollection","geometries":[{"arcs":[[[3473,3474]],[[3475,3476]],[[3477,3478,3479]]],"type":"MultiPolygon","properties":{"name":"Kota Pontianak","province":"Provinsi Kalimantan Barat","level":"Kota","code":"6171"}},{"arcs":[[-623,3506,3507]],"type":"Polygon","properties":{"name":"Kota Singkawang","province":"Provinsi Kalimantan Barat","level":"Kota","code":"6172"}},{"arcs":[[[612]],[[613]],[[614]],[[615]],[[616]],[[617]],[[618,619,620,621,622,623,624]]],"type":"MultiPolygon","properties":{"name":"Kabupaten Bengkayang","province":"Provinsi Kalimantan Barat","level":"Kabupaten","code":"6107"}},{"arcs":[[1885,1886,1887,1888]],"type":"Polygon","properties":{"name":"Kabupaten Kapuas Hulu","province":"Provinsi Kalimantan Barat","level":"Kabupaten","code":"6106"}},{"arcs":[[[2075]],[[2076]],[[2077]],[[2078]],[[2079]],[[2080]],[[2081]],[[2082]],[[2083]],[[2084]],[[2085]],[[2086]],[[2087]],[[2088]],[[2089]],[[2090]],[[2091]],[[2092]],[[2093]],[[2094]],[[2095]],[[2096]],[[2097]],[[2098]],[[2099]],[[2100]],[[2101]],[[2102]],[[2103]],[[2104]],[[2105]],[[2106]],[[2107]],[[2108]],[[2109]],[[2110]],[[2111]],[[2112]],[[2113]],[[2114]],[[2115]],[[2116]],[[2117]],[[2118]],[[2119]],[[2120]],[[2121]],[[2122]],[[2123]],[[2124]],[[2125,2126,2127]]],"type":"MultiPolygon","properties":{"name":"Kabupaten Kayong Utara","province":"Provinsi Kalimantan Barat","level":"Kabupaten","code":"6111"}},{"arcs":[[[2848]],[[2849]],[[2850]],[[2851]],[[2852]],[[2853]],[[2854]],[[2855]],[[2856]],[[2857]],[[2858]],[[2859]],[[2860]],[[2861]],[[2862]],[[2863]],[[2864]],[[2865]],[[2866]],[[2867]],[[2868]],[[2869]],[[-2128,2870,2871,2872,2873,2874,2875,2876,2877]]],"type":"MultiPolygon","properties":{"name":"Kabupaten Ketapang","province":"Provinsi Kalimantan Barat","level":"Kabupaten","code":"6104"}},{"arcs":[[[3614]],[[3615]],[[3616]],[[3617]],[[3618]],[[3619]],[[3620]],[[3621]],[[3622]],[[3623]],[[3624]],[[3625]],[[3626]],[[3627]],[[3628]],[[3629]],[[3630]],[[3631]],[[3632]],[[3633]],[[3634]],[[3635]],[[3636]],[[3637]],[[3638]],[[3639]],[[3640]],[[3641]],[[3642]],[[3643]],[[3644]],[[3645]],[[3646]],[[-2127,3647,-3476,3648,-3474,3649,-3478,3650,3651,3652,-2871]]],"type":"MultiPolygon","properties":{"name":"Kabupaten Kubu Raya","province":"Provinsi Kalimantan Barat","level":"Kabupaten","code":"6112"}},{"arcs":[[-620,3840,-3652,3841]],"type":"Polygon","properties":{"name":"Kabupaten Landak","province":"Provinsi Kalimantan Barat","level":"Kabupaten","code":"6108"}},{"arcs":[[-2069,4659,-3789,-2875,4660]],"type":"Polygon","properties":{"name":"Kabupaten Melawi","province":"Provinsi Kalimantan Barat","level":"Kabupaten","code":"6110"}},{"arcs":[[[4661]],[[-621,-3842,-3651,-3480,4662]]],"type":"MultiPolygon","properties":{"name":"Kabupaten Mempawah","province":"Provinsi Kalimantan Barat","level":"Kabupaten","code":"6102"}},{"arcs":[[-624,-3508,5824]],"type":"Polygon","properties":{"name":"Kabupaten Sambas","province":"Provinsi Kalimantan Barat","level":"Kabupaten","code":"6101"}},{"arcs":[[-619,5828,5829,5830,-2872,-3653,-3841]],"type":"Polygon","properties":{"name":"Kabupaten Sanggau","province":"Provinsi Kalimantan Barat","level":"Kabupaten","code":"6103"}},{"arcs":[[-2873,-5831,5848]],"type":"Polygon","properties":{"name":"Kabupaten Sekadau","province":"Provinsi Kalimantan Barat","level":"Kabupaten","code":"6109"}},{"arcs":[[-1421,-2070,-4661,-2874,-5849,-5830,6017,-1888,-4892]],"type":"Polygon","properties":{"name":"Kabupaten Sintang","province":"Provinsi Kalimantan Barat","level":"Kabupaten","code":"6105"}}]}