{"type":"GeometryCollection","geometries":[{"arcs":[[[3541]],[[3542]]],"type":"MultiPolygon","properties":{"name":"Kota Tarakan","province":"Provinsi Kalimantan Utara","level":"Kota","code":"6571"}},{"arcs":[[[1062]],[[1063]],[[1064]],[[1065]],[[1066]],[[1067]],[[1068]],[[1069]],[[1070]],[[1071]],[[1072]],[[1073]],[[1074]],[[1075]],[[1076]],[[1077]],[[1078]],[[1079]],[[1080]],[[1081]],[[1082]],[[1083]],[[1084]],[[1085]],[[1086]],[[1087]],[[1088]],[[1089]],[[1090]],[[1091]],[[1092]],[[1093]],[[1094]],[[1095]],[[1096]],[[1097]],[[1098]],[[1099]],[[1100]],[[1101]],[[1102]],[[1103]],[[1104]],[[1105]],[[1106]],[[1107]],[[1108]],[[1109]],[[1110]],[[1111]],[[1112]],[[1113]],[[1114]],[[1115]],[[1116]],[[1117]],[[1118]],[[1119]],[[1120]],[[1121]],[[1122]],[[1123]],[[1124]],[[1125]],[[1126]],[[-708,1127,1128,1129,1130,1131]],[[1132]],[[1133]],[[1134]],[[1135]],[[1136]],[[1137]],[[1138]]],"type":"MultiPolygon","properties":{"name":"Kabupaten Bulungan","province":"Provinsi Kalimantan Utara","level":"Kabupaten","code":"6501"}},{"arcs":[[-707,-3771,-3750,-4238,4259,4260,4261,-1128]],"type":"Polygon","properties":{"name":"Kabupaten Malinau","province":"Provinsi Kalimantan Utara","level":"Kabupaten","code":"6502"}},{"arcs":[[[5116]],[[5117]],[[5118]],[[5119]],[[5120]],[[5121]],[[5122]],[[5123]],[[5124]],[[5125]],[[5126]],[[5127]],[[5128]],[[5129]],[[5130]],[[-4261,5131,5132]]],"type":"MultiPolygon","properties":{"name":"Kabupaten Nunukan","province":"Provinsi Kalimantan Utara","level":"Kabupaten","code":"6503"}},{"arcs":[[[6227]],[[6228]],[[-1131,6229]],[[6230]],[[6231]],[[6232]],[[6233]],[[6234]],[[6235]],[[6236]],[[6237]],[[6238]],[[6239]],[[6240]],[[6241]],[[6242]],[[6243]],[[6244]],[[6245]],[[6246]],[[6247]],[[6248]],[[6249]],[[-1129,-4262,-5133,6250]],[[6251]],[[6252]],[[6253]],[[6254]],[[6255]],[[6256]]],"type":"MultiPolygon","properties":{"name":"Kabupaten Tana Tidung","province":"Provinsi Kalimantan Utara","level":"Kabupaten","code":"6504"}}]}