{"type":"GeometryCollection","geometries":[{"arcs":[[1787,1788,1789,1790,1791]],"type":"Polygon","properties":{"name":"Kabupaten Jayawijaya","province":"Provinsi Papua Pegunungan","level":"Kabupaten","code":"9102"}},{"arcs":[[-1791,3857,3858,3859,3860,3861]],"type":"Polygon","properties":{"name":"Kabupaten Lanny Jaya","province":"Provinsi Papua Pegunungan","level":"Kabupaten","code":"9123"}},{"arcs":[[-1792,-3862,4482,-4477,4483,4484]],"type":"Polygon","properties":{"name":"Kabupaten Mamberamo Tengah","province":"Provinsi Papua Pegunungan","level":"Kabupaten","code":"9121"}},{"arcs":[[-167,-4710,-3858,-1790,5022]],"type":"Polygon","properties":{"name":"Kabupaten Nduga","province":"Provinsi Papua Pegunungan","level":"Kabupaten","code":"9124"}},{"arcs":[[-1032,5331,-1783,-2138,5332]],"type":"Polygon","properties":{"name":"Kabupaten Pegunungan Bintang","province":"Provinsi Papua Pegunungan","level":"Kabupaten","code":"9112"}},{"arcs":[[-3861,-5532,-4478,-4483]],"type":"Polygon","properties":{"name":"Kabupaten Tolikara","province":"Provinsi Papua Pegunungan","level":"Kabupaten","code":"9114"}},{"arcs":[[-163,-5023,-1789,6518,-1784,-5332,-1031]],"type":"Polygon","properties":{"name":"Kabupaten Yahukimo","province":"Provinsi Papua Pegunungan","level":"Kabupaten","code":"9113"}},{"arcs":[[-1785,-6519,-1788,-4485,-5845]],"type":"Polygon","properties":{"name":"Kabupaten Yalimo","province":"Provinsi Papua Pegunungan","level":"Kabupaten","code":"9122"}}]}