{"type":"GeometryCollection","geometries":[{"arcs":[[3369,3370]],"type":"Polygon","properties":{"name":"Kota Kupang","province":"Provinsi Nusa Tenggara Timur","level":"Kota","code":"5371"}},{"arcs":[[[138]],[[139]],[[140]],[[141]],[[142]],[[143]],[[144]],[[145]],[[146]],[[147]],[[148]],[[149]],[[150]],[[151]],[[152]]],"type":"MultiPolygon","properties":{"name":"Kabupaten Alor","province":"Provinsi Nusa Tenggara Timur","level":"Kabupaten","code":"5305"}},{"arcs":[[587,588,589]],"type":"Polygon","properties":{"name":"Kabupaten Belu","province":"Provinsi Nusa Tenggara Timur","level":"Kabupaten","code":"5304"}},{"arcs":[[[1316]],[[1317,1318,1319,1320]]],"type":"MultiPolygon","properties":{"name":"Kabupaten Ende","province":"Provinsi Nusa Tenggara Timur","level":"Kabupaten","code":"5308"}},{"arcs":[[[1348]],[[1349]],[[1350]],[[1351]],[[1352]],[[1353]],[[1354,1355]]],"type":"MultiPolygon","properties":{"name":"Kabupaten Flores Timur","province":"Provinsi Nusa Tenggara Timur","level":"Kabupaten","code":"5306"}},{"arcs":[[[3659]],[[3660]],[[3661]],[[3662]],[[-3371,3663,3664,3665,3666]],[[3667]]],"type":"MultiPolygon","properties":{"name":"Kabupaten Kupang","province":"Provinsi Nusa Tenggara Timur","level":"Kabupaten","code":"5301"}},{"arcs":[[3871]],"type":"Polygon","properties":{"name":"Kabupaten Lembata","province":"Provinsi Nusa Tenggara Timur","level":"Kabupaten","code":"5313"}},{"arcs":[[-588,4244,4245,4246]],"type":"Polygon","properties":{"name":"Kabupaten Malaka","province":"Provinsi Nusa Tenggara Timur","level":"Kabupaten","code":"5321"}},{"arcs":[[[4523]],[[4524,4525,4526,4527]]],"type":"MultiPolygon","properties":{"name":"Kabupaten Manggarai","province":"Provinsi Nusa Tenggara Timur","level":"Kabupaten","code":"5310"}},{"arcs":[[[4528]],[[4529]],[[4530]],[[4531]],[[4532]],[[4533]],[[4534]],[[4535]],[[4536]],[[4537]],[[4538]],[[4539]],[[4540]],[[4541]],[[4542]],[[4543]],[[4544]],[[4545]],[[4546]],[[4547]],[[4548]],[[4549]],[[4550]],[[4551]],[[4552]],[[4553]],[[4554]],[[4555]],[[4556]],[[4557]],[[4558]],[[4559]],[[4560]],[[4561]],[[4562]],[[4563]],[[4564]],[[4565]],[[4566]],[[4567]],[[4568]],[[4569]],[[4570]],[[4571]],[[4572]],[[4573]],[[4574]],[[4575]],[[4576]],[[4577]],[[4578]],[[4579]],[[4580]],[[4581]],[[4582]],[[4583]],[[4584]],[[4585]],[[4586]],[[4587]],[[4588]],[[4589]],[[4590]],[[4591]],[[4592]],[[4593]],[[4594]],[[4595]],[[4596]],[[4597]],[[4598]],[[4599]],[[4600]],[[4601]],[[4602]],[[4603]],[[4604]],[[4605]],[[4606]],[[4607]],[[4608]],[[4609]],[[4610]],[[4611]],[[4612]],[[4613]],[[4614]],[[4615]],[[4616]],[[4617]],[[4618]],[[4619]],[[4620]],[[4621]],[[4622]],[[4623]],[[4624]],[[4625]],[[4626]],[[4627]],[[-4527,4628]]],"type":"MultiPolygon","properties":{"name":"Kabupaten Manggarai Barat","province":"Provinsi Nusa Tenggara Timur","level":"Kabupaten","code":"5315"}},{"arcs":[[-4525,4629,4630,4631]],"type":"Polygon","properties":{"name":"Kabupaten Manggarai Timur","province":"Provinsi Nusa Tenggara Timur","level":"Kabupaten","code":"5319"}},{"arcs":[[-1320,4931,4932,4933]],"type":"Polygon","properties":{"name":"Kabupaten Nagekeo","province":"Provinsi Nusa Tenggara Timur","level":"Kabupaten","code":"5316"}},{"arcs":[[-4631,5023,-4933,5024]],"type":"Polygon","properties":{"name":"Kabupaten Ngada","province":"Provinsi Nusa Tenggara Timur","level":"Kabupaten","code":"5309"}},{"arcs":[[[5795]],[[5796]],[[5797]],[[5798]],[[5799]],[[5800]],[[5801]],[[5802]],[[5803]],[[5804]],[[5805]],[[5806]],[[5807]],[[5808]],[[5809]],[[5810]],[[5811]],[[5812]],[[5813]],[[5814]],[[5815]],[[5816]],[[5817]],[[5818]],[[5819]],[[5820]]],"type":"MultiPolygon","properties":{"name":"Kabupaten Rote Ndao","province":"Provinsi Nusa Tenggara Timur","level":"Kabupaten","code":"5314"}},{"arcs":[[[5821]],[[5822]],[[5823]]],"type":"MultiPolygon","properties":{"name":"Kabupaten Sabu Raijua","province":"Provinsi Nusa Tenggara Timur","level":"Kabupaten","code":"5320"}},{"arcs":[[[5954]],[[5955]],[[5956]],[[5957]],[[5958]],[[5959]],[[-1318,5960,-1355,5961]],[[5962]],[[5963]],[[5964]],[[5965]]],"type":"MultiPolygon","properties":{"name":"Kabupaten Sikka","province":"Provinsi Nusa Tenggara Timur","level":"Kabupaten","code":"5307"}},{"arcs":[[6042,6043,6044,6045]],"type":"Polygon","properties":{"name":"Kabupaten Sumba Barat","province":"Provinsi Nusa Tenggara Timur","level":"Kabupaten","code":"5312"}},{"arcs":[[-6044,6046]],"type":"Polygon","properties":{"name":"Kabupaten Sumba Barat Daya","province":"Provinsi Nusa Tenggara Timur","level":"Kabupaten","code":"5318"}},{"arcs":[[-6046,6047,6048,6049]],"type":"Polygon","properties":{"name":"Kabupaten Sumba Tengah","province":"Provinsi Nusa Tenggara Timur","level":"Kabupaten","code":"5317"}},{"arcs":[[[6050]],[[6051]],[[6052]],[[6053]],[[6054]],[[6055]],[[-6049,6056]]],"type":"MultiPolygon","properties":{"name":"Kabupaten Sumba Timur","province":"Provinsi Nusa Tenggara Timur","level":"Kabupaten","code":"5311"}},{"arcs":[[-3666,6340,-4246,6341]],"type":"Polygon","properties":{"name":"Kabupaten Timor Tengah Selatan","province":"Provinsi Nusa Tenggara Timur","level":"Kabupaten","code":"5302"}},{"arcs":[[-589,-4247,-6341,-3665,6342]],"type":"Polygon","properties":{"name":"Kabupaten Timor Tengah Utara","province":"Provinsi Nusa Tenggara Timur","level":"Kabupaten","code":"5303"}}]}