{"type":"GeometryCollection","geometries":[{"arcs":[[-169,-1364,3336]],"type":"Polygon","properties":{"name":"Kota Denpasar","province":"Provinsi Bali","level":"Kota","code":"5171"}},{"arcs":[[167,168,169,170,171,172]],"type":"Polygon","properties":{"name":"Kabupaten Badung","province":"Provinsi Bali","level":"Kabupaten","code":"5103"}},{"arcs":[[-173,333,334,335,336]],"type":"Polygon","properties":{"name":"Kabupaten Bangli","province":"Provinsi Bali","level":"Kabupaten","code":"5106"}},{"arcs":[[[1053]],[[-172,1054,1055,1056,1057,-334]]],"type":"MultiPolygon","properties":{"name":"Kabupaten Buleleng","province":"Provinsi Bali","level":"Kabupaten","code":"5108"}},{"arcs":[[-168,-337,1361,1362,1363]],"type":"Polygon","properties":{"name":"Kabupaten Gianyar","province":"Provinsi Bali","level":"Kabupaten","code":"5104"}},{"arcs":[[[1804]],[[1805]],[[1806]],[[-1056,1807,1808]]],"type":"MultiPolygon","properties":{"name":"Kabupaten Jembrana","province":"Provinsi Bali","level":"Kabupaten","code":"5101"}},{"arcs":[[[1889]],[[-335,-1058,1890,1891]]],"type":"MultiPolygon","properties":{"name":"Kabupaten Karangasem","province":"Provinsi Bali","level":"Kabupaten","code":"5107"}},{"arcs":[[[2880]],[[2881]],[[2882]],[[2883]],[[2884]],[[-336,-1892,2885,-1362]]],"type":"MultiPolygon","properties":{"name":"Kabupaten Klungkung","province":"Provinsi Bali","level":"Kabupaten","code":"5105"}},{"arcs":[[-171,6217,-1808,-1055]],"type":"Polygon","properties":{"name":"Kabupaten Tabanan","province":"Provinsi Bali","level":"Kabupaten","code":"5102"}}]}