{"type":"GeometryCollection","geometries":[{"arcs":[[4240,4241,4242,4243]],"type":"Polygon","properties":{"name":"Kabupaten Majene","province":"Provinsi Sulawesi Barat","level":"Kabupaten","code":"7605"}},{"arcs":[[-4241,4461,4462,4463,4464]],"type":"Polygon","properties":{"name":"Kabupaten Mamasa","province":"Provinsi Sulawesi Barat","level":"Kabupaten","code":"7603"}},{"arcs":[[[4485]],[[4486]],[[4487]],[[4488]],[[-4218,4489,4490,-4462,-4244,4491,4492]],[[4493]],[[4494]],[[4495]],[[4496]],[[4497]],[[4498]],[[4499]],[[4500]],[[4501]],[[4502]],[[4503]]],"type":"MultiPolygon","properties":{"name":"Kabupaten Mamuju","province":"Provinsi Sulawesi Barat","level":"Kabupaten","code":"7602"}},{"arcs":[[[4504]],[[4505]],[[-4219,-4493,4506,4507,4508]]],"type":"MultiPolygon","properties":{"name":"Kabupaten Mamuju Tengah","province":"Provinsi Sulawesi Barat","level":"Kabupaten","code":"7606"}},{"arcs":[[-1295,4509,-4508,4510]],"type":"Polygon","properties":{"name":"Kabupaten Pasangkayu","province":"Provinsi Sulawesi Barat","level":"Kabupaten"}},{"arcs":[[[5452]],[[5453]],[[5454]],[[5455]],[[5456]],[[-4242,-4465,-5413,5457]]],"type":"MultiPolygon","properties":{"name":"Kabupaten Polewali Mandar","province":"Provinsi Sulawesi Barat","level":"Kabupaten","code":"7604"}}]}