{"type":"GeometryCollection","geometries":[{"arcs":[[-1419,3444,-2064]],"type":"Polygon","properties":{"name":"Kota Palangka Raya","province":"Provinsi Kalimantan Tengah","level":"Kota","code":"6271"}},{"arcs":[[-400,403,404,405,406,407]],"type":"Polygon","properties":{"name":"Kabupaten Barito Selatan","province":"Provinsi Kalimantan Tengah","level":"Kabupaten","code":"6204"}},{"arcs":[[-407,408,409]],"type":"Polygon","properties":{"name":"Kabupaten Barito Timur","province":"Provinsi Kalimantan Tengah","level":"Kabupaten","code":"6213"}},{"arcs":[[-405,410,411,412,413,414,415]],"type":"Polygon","properties":{"name":"Kabupaten Barito Utara","province":"Provinsi Kalimantan Tengah","level":"Kabupaten","code":"6205"}},{"arcs":[[1416,1417,1418,1419,1420,1421]],"type":"Polygon","properties":{"name":"Kabupaten Gunung Mas","province":"Provinsi Kalimantan Tengah","level":"Kabupaten","code":"6210"}},{"arcs":[[[1881]],[[-399,1882,1883,-1417,1884,-411,-404]]],"type":"MultiPolygon","properties":{"name":"Kabupaten Kapuas","province":"Provinsi Kalimantan Tengah","level":"Kabupaten","code":"6203"}},{"arcs":[[[2061]],[[2062]],[[-1420,2063,2064,2065,2066,2067,2068,2069]]],"type":"MultiPolygon","properties":{"name":"Kabupaten Katingan","province":"Provinsi Kalimantan Tengah","level":"Kabupaten","code":"6206"}},{"arcs":[[[3603]],[[3604,3605,3606,3607]]],"type":"MultiPolygon","properties":{"name":"Kabupaten Kotawaringin Barat","province":"Provinsi Kalimantan Tengah","level":"Kabupaten","code":"6201"}},{"arcs":[[[3608]],[[-2067,3609,3610]]],"type":"MultiPolygon","properties":{"name":"Kabupaten Kotawaringin Timur","province":"Provinsi Kalimantan Tengah","level":"Kabupaten","code":"6202"}},{"arcs":[[-2876,3788,3789,-3607,3790]],"type":"Polygon","properties":{"name":"Kabupaten Lamandau","province":"Provinsi Kalimantan Tengah","level":"Kabupaten","code":"6209"}},{"arcs":[[-412,-1885,-1422,4891,-1887,-4236]],"type":"Polygon","properties":{"name":"Kabupaten Murung Raya","province":"Provinsi Kalimantan Tengah","level":"Kabupaten","code":"6212"}},{"arcs":[[-1418,-1884,5469,-2065,-3445]],"type":"Polygon","properties":{"name":"Kabupaten Pulang Pisau","province":"Provinsi Kalimantan Tengah","level":"Kabupaten","code":"6211"}},{"arcs":[[-2068,-3611,5930,-3608,-3790,-4660]],"type":"Polygon","properties":{"name":"Kabupaten Seruyan","province":"Provinsi Kalimantan Tengah","level":"Kabupaten","code":"6207"}},{"arcs":[[-2877,-3791,-3606,6040]],"type":"Polygon","properties":{"name":"Kabupaten Sukamara","province":"Provinsi Kalimantan Tengah","level":"Kabupaten","code":"6208"}}]}