{"type":"GeometryCollection","geometries":[{"arcs":[[3381]],"type":"Polygon","properties":{"name":"Kota Magelang","province":"Provinsi Jawa Tengah","level":"Kota","code":"3371"}},{"arcs":[[-428,3468,3469]],"type":"Polygon","properties":{"name":"Kota Pekalongan","province":"Provinsi Jawa Tengah","level":"Kota","code":"3375"}},{"arcs":[[3490]],"type":"Polygon","properties":{"name":"Kota Salatiga","province":"Provinsi Jawa Tengah","level":"Kota","code":"3373"}},{"arcs":[[-1265,3496,-2140,3497]],"type":"Polygon","properties":{"name":"Kota Semarang","province":"Provinsi Jawa Tengah","level":"Kota","code":"3374"}},{"arcs":[[-1039,-1900,3530,-1893]],"type":"Polygon","properties":{"name":"Kota Surakarta","province":"Provinsi Jawa Tengah","level":"Kota","code":"3372"}},{"arcs":[[-1052,3545,3546]],"type":"Polygon","properties":{"name":"Kota Tegal","province":"Provinsi Jawa Tengah","level":"Kota","code":"3376"}},{"arcs":[[348,349,350,351,352,353]],"type":"Polygon","properties":{"name":"Kabupaten Banjarnegara","province":"Provinsi Jawa Tengah","level":"Kabupaten","code":"3304"}},{"arcs":[[-351,378,379,380,381,382,383]],"type":"Polygon","properties":{"name":"Kabupaten Banyumas","province":"Provinsi Jawa Tengah","level":"Kabupaten","code":"3302"}},{"arcs":[[-354,426,427,428,429,430]],"type":"Polygon","properties":{"name":"Kabupaten Batang","province":"Provinsi Jawa Tengah","level":"Kabupaten","code":"3325"}},{"arcs":[[903,904,905,906,907,908]],"type":"Polygon","properties":{"name":"Kabupaten Blora","province":"Provinsi Jawa Tengah","level":"Kabupaten","code":"3316"}},{"arcs":[[1033,1034,1035,1036,1037,1038,1039,1040,1041,1042,1043,1044],[1045],[1046]],"type":"Polygon","properties":{"name":"Kabupaten Boyolali","province":"Provinsi Jawa Tengah","level":"Kabupaten","code":"3309"}},{"arcs":[[-381,1047,1048,1049,1050,1051,1052]],"type":"Polygon","properties":{"name":"Kabupaten Brebes","province":"Provinsi Jawa Tengah","level":"Kabupaten","code":"3329"}},{"arcs":[[-380,1215,1216,1217,-1205,1218,-1203,1219,-1048]],"type":"Polygon","properties":{"name":"Kabupaten Cilacap","province":"Provinsi Jawa Tengah","level":"Kabupaten","code":"3301"}},{"arcs":[[1261,1262,1263,1264,1265,1266]],"type":"Polygon","properties":{"name":"Kabupaten Demak","province":"Provinsi Jawa Tengah","level":"Kabupaten","code":"3321"}},{"arcs":[[-908,1405,1406,1407,-1045,1408,-1263,1409,1410]],"type":"Polygon","properties":{"name":"Kabupaten Grobogan","province":"Provinsi Jawa Tengah","level":"Kabupaten","code":"3315"}},{"arcs":[[[1814]],[[-1267,1815,1816,1817]],[[1818]],[[1819]],[[1820]],[[1821]],[[1822]],[[1823]],[[1824]],[[1825]],[[1826]],[[1827]],[[1828]],[[1829]],[[1830]],[[1831]],[[1832]],[[1833]],[[1834]],[[1835]],[[1836]],[[1837]],[[1838]],[[1839]],[[1840]]],"type":"MultiPolygon","properties":{"name":"Kabupaten Jepara","province":"Provinsi Jawa Tengah","level":"Kabupaten","code":"3320"}},{"arcs":[[[-1040,1892,1893]],[[-1038,1894,1895,1896,1897,1898,1899]]],"type":"MultiPolygon","properties":{"name":"Kabupaten Karanganyar","province":"Provinsi Jawa Tengah","level":"Kabupaten","code":"3313"}},{"arcs":[[-350,2128,2129,2130,-1216,-379]],"type":"Polygon","properties":{"name":"Kabupaten Kebumen","province":"Provinsi Jawa Tengah","level":"Kabupaten","code":"3305"}},{"arcs":[[-430,2138,2139,2140,-1750,2141,2142,2143]],"type":"Polygon","properties":{"name":"Kabupaten Kendal","province":"Provinsi Jawa Tengah","level":"Kabupaten","code":"3324"}},{"arcs":[[-1042,2878,-1413,2879]],"type":"Polygon","properties":{"name":"Kabupaten Klaten","province":"Provinsi Jawa Tengah","level":"Kabupaten","code":"3310"}},{"arcs":[[-1262,-1818,3653,-1410]],"type":"Polygon","properties":{"name":"Kabupaten Kudus","province":"Provinsi Jawa Tengah","level":"Kabupaten","code":"3319"}},{"arcs":[[-1043,4227,-3657,4228,4229,4230,4231],[-3382]],"type":"Polygon","properties":{"name":"Kabupaten Magelang","province":"Provinsi Jawa Tengah","level":"Kabupaten","code":"3308"}},{"arcs":[[-909,-1411,-3654,-1817,5327,5328]],"type":"Polygon","properties":{"name":"Kabupaten Pati","province":"Provinsi Jawa Tengah","level":"Kabupaten","code":"3318"}},{"arcs":[[-353,5333,5334,5335,-3469,-427]],"type":"Polygon","properties":{"name":"Kabupaten Pekalongan","province":"Provinsi Jawa Tengah","level":"Kabupaten","code":"3326"}},{"arcs":[[-383,5351,5352,-5335,5353]],"type":"Polygon","properties":{"name":"Kabupaten Pemalang","province":"Provinsi Jawa Tengah","level":"Kabupaten","code":"3327"}},{"arcs":[[-352,-384,-5354,-5334]],"type":"Polygon","properties":{"name":"Kabupaten Purbalingga","province":"Provinsi Jawa Tengah","level":"Kabupaten","code":"3303"}},{"arcs":[[-2130,5534,-4229,-3656,5535]],"type":"Polygon","properties":{"name":"Kabupaten Purworejo","province":"Provinsi Jawa Tengah","level":"Kabupaten","code":"3306"}},{"arcs":[[[5776]],[[5777]],[[5778]],[[5779]],[[5780]],[[5781]],[[5782]],[[-904,-5329,5783,5784]]],"type":"MultiPolygon","properties":{"name":"Kabupaten Rembang","province":"Provinsi Jawa Tengah","level":"Kabupaten","code":"3317"}},{"arcs":[[[-1046]],[[-1044,-4232,5850,-2142,-1749,-2141,-3497,-1264,-1409],[-3491]]],"type":"MultiPolygon","properties":{"name":"Kabupaten Semarang","province":"Provinsi Jawa Tengah","level":"Kabupaten","code":"3322"}},{"arcs":[[[-1035,6035]],[[-1037,6036,-1407,-5028,-1895]]],"type":"MultiPolygon","properties":{"name":"Kabupaten Sragen","province":"Provinsi Jawa Tengah","level":"Kabupaten","code":"3314"}},{"arcs":[[-1041,-1894,-3531,-1899,6041,-1414,-2879]],"type":"Polygon","properties":{"name":"Kabupaten Sukoharjo","province":"Provinsi Jawa Tengah","level":"Kabupaten","code":"3311"}},{"arcs":[[-382,-1053,-3547,6287,-5352]],"type":"Polygon","properties":{"name":"Kabupaten Tegal","province":"Provinsi Jawa Tengah","level":"Kabupaten","code":"3328"}},{"arcs":[[-2143,-5851,-4231,6339]],"type":"Polygon","properties":{"name":"Kabupaten Temanggung","province":"Provinsi Jawa Tengah","level":"Kabupaten","code":"3323"}},{"arcs":[[-1415,-6042,-1898,-4235,-5461,-5152,6517]],"type":"Polygon","properties":{"name":"Kabupaten Wonogiri","province":"Provinsi Jawa Tengah","level":"Kabupaten","code":"3312"}},{"arcs":[[-349,-431,-2144,-6340,-4230,-5535,-2129]],"type":"Polygon","properties":{"name":"Kabupaten Wonosobo","province":"Provinsi Jawa Tengah","level":"Kabupaten","code":"3307"}}]}