{"type":"GeometryCollection","geometries":[{"arcs":[[3376,3377]],"type":"Polygon","properties":{"name":"Kota Lubuklinggau","province":"Provinsi Sumatra Selatan","level":"Kota","code":"1673"}},{"arcs":[[-626,3441,3442,3443,-2071]],"type":"Polygon","properties":{"name":"Kota Pagar Alam","province":"Provinsi Sumatra Selatan","level":"Kota","code":"1672"}},{"arcs":[[-373,3445,3446]],"type":"Polygon","properties":{"name":"Kota Palembang","province":"Provinsi Sumatra Selatan","level":"Kota","code":"1671"}},{"arcs":[[3480,3481,3482,3483]],"type":"Polygon","properties":{"name":"Kota Prabumulih","province":"Provinsi Sumatra Selatan","level":"Kota","code":"1674"}},{"arcs":[[[365]],[[366]],[[367]],[[368]],[[369,370,371,372,373,374,375,376,377]]],"type":"MultiPolygon","properties":{"name":"Kabupaten Banyuasin","province":"Provinsi Sumatra Selatan","level":"Kabupaten","code":"1607"}},{"arcs":[[1310,1311,1312,1313,1314,1315]],"type":"Polygon","properties":{"name":"Kabupaten Empat Lawang","province":"Provinsi Sumatra Selatan","level":"Kabupaten","code":"1611"}},{"arcs":[[[-630,3785,-1313,-3442]],[[-1312,3786,3787,-3443]]],"type":"MultiPolygon","properties":{"name":"Kabupaten Lahat","province":"Provinsi Sumatra Selatan","level":"Kabupaten","code":"1604"}},{"arcs":[[[-2072,-3444,-3788,4823,4824,-3483,4825,4826,4827]],[[-374,-3447,4828,-3481,4829]]],"type":"MultiPolygon","properties":{"name":"Kabupaten Muara Enim","province":"Provinsi Sumatra Selatan","level":"Kabupaten","code":"1603"}},{"arcs":[[-376,4892,4893,4894,4895,-432,-4831]],"type":"Polygon","properties":{"name":"Kabupaten Musi Banyuasin","province":"Provinsi Sumatra Selatan","level":"Kabupaten","code":"1606"}},{"arcs":[[-1311,4896,-3378,4897,-3870,4898,-4894,4899,-4824,-3787]],"type":"Polygon","properties":{"name":"Kabupaten Musi Rawas","province":"Provinsi Sumatra Selatan","level":"Kabupaten","code":"1605"}},{"arcs":[[-3869,-4667,4900,-4895,-4899]],"type":"Polygon","properties":{"name":"Kabupaten Musi Rawas Utara","province":"Provinsi Sumatra Selatan","level":"Kabupaten","code":"1613"}},{"arcs":[[-372,5133,5134,5135,-4826,-3482,-4829,-3446]],"type":"Polygon","properties":{"name":"Kabupaten Ogan Ilir","province":"Provinsi Sumatra Selatan","level":"Kabupaten","code":"1610"}},{"arcs":[[[5136]],[[-371,5137,5138,-4691,5139,5140,5141,-5134]]],"type":"MultiPolygon","properties":{"name":"Kabupaten Ogan Komering Ilir","province":"Provinsi Sumatra Selatan","level":"Kabupaten","code":"1602"}},{"arcs":[[-4827,-5136,5142,5143]],"type":"Polygon","properties":{"name":"Kabupaten Ogan Komering Ulu","province":"Provinsi Sumatra Selatan","level":"Kabupaten","code":"1601"}},{"arcs":[[-1234,-3803,-2073,-4828,-5144,5144,5145,-3796]],"type":"Polygon","properties":{"name":"Kabupaten Ogan Komering Ulu Selatan","province":"Provinsi Sumatra Selatan","level":"Kabupaten","code":"1609"}},{"arcs":[[-5135,-5142,5146,-5145,-5143]],"type":"Polygon","properties":{"name":"Kabupaten Ogan Komering Ulu Timur","province":"Provinsi Sumatra Selatan","level":"Kabupaten","code":"1608"}},{"arcs":[[-375,-4830,-3484,-4825,-4900,-4893]],"type":"Polygon","properties":{"name":"Kabupaten Penukal Abab Lematang Ilir","province":"Provinsi Sumatra Selatan","level":"Kabupaten","code":"1612"}}]}