{"type":"GeometryCollection","geometries":[{"arcs":[[[3509]],[[3510]],[[3511]],[[3512]],[[3513]],[[3514]],[[3515]],[[3516]],[[3517]],[[3518]],[[3519]],[[3520]],[[3521]],[[3522,3523]]],"type":"MultiPolygon","properties":{"name":"Kota Sorong","province":"Provinsi Papua Barat Daya","level":"Kota","code":"9271"}},{"arcs":[[4656,4657,4658]],"type":"Polygon","properties":{"name":"Kabupaten Maybrat","province":"Provinsi Papua Barat Daya","level":"Kabupaten","code":"9210"}},{"arcs":[[[5536]],[[5537]],[[5538]],[[5539]],[[5540]],[[5541]],[[5542]],[[5543]],[[5544]],[[5545]],[[5546]],[[5547]],[[5548]],[[5549]],[[5550]],[[5551]],[[5552]],[[5553]],[[5554]],[[5555]],[[5556]],[[5557]],[[5558]],[[5559]],[[5560]],[[5561]],[[5562]],[[5563]],[[5564]],[[5565]],[[5566]],[[5567]],[[5568]],[[5569]],[[5570]],[[5571]],[[5572]],[[5573]],[[5574]],[[5575]],[[5576]],[[5577]],[[5578]],[[5579]],[[5580]],[[5581]],[[5582]],[[5583]],[[5584]],[[5585]],[[5586]],[[5587]],[[5588]],[[5589]],[[5590]],[[5591]],[[5592]],[[5593]],[[5594]],[[5595]],[[5596]],[[5597]],[[5598]],[[5599]],[[5600]],[[5601]],[[5602]],[[5603]],[[5604]],[[5605]],[[5606]],[[5607]],[[5608]],[[5609]],[[5610]],[[5611]],[[5612]],[[5613]],[[5614]],[[5615]],[[5616]],[[5617]],[[5618]],[[5619]],[[5620]],[[5621]],[[5622]],[[5623]],[[5624]],[[5625]],[[5626]],[[5627]],[[5628]],[[5629]],[[5630]],[[5631]],[[5632]],[[5633]],[[5634]],[[5635]],[[5636]],[[5637]],[[5638]],[[5639]],[[5640]],[[5641]],[[5642]],[[5643]],[[5644]],[[5645]],[[5646]],[[5647]],[[5648]],[[5649]],[[5650]],[[5651]],[[5652]],[[5653]],[[5654]],[[5655]],[[5656]],[[5657]],[[5658]],[[5659]],[[5660]],[[5661]],[[5662]],[[5663]],[[5664]],[[5665]],[[5666,5667]],[[5668]],[[5669]],[[5670]],[[5671]],[[5672]],[[5673]],[[5674]],[[5675]],[[5676]],[[5677]],[[5678]],[[5679]],[[5680]],[[5681]],[[5682]],[[5683]],[[5684]],[[5685]],[[5686]],[[5687]],[[5688]],[[5689]],[[5690]],[[5691]],[[5692]],[[5693]],[[5694]],[[5695]],[[5696]],[[5697]],[[5698]],[[5699]],[[5700]],[[5701]],[[5702]],[[5703]],[[5704]],[[5705]],[[5706]],[[5707]],[[5708]],[[5709]],[[5710]],[[5711]],[[5712]],[[5713]],[[5714]],[[5715]],[[5716]],[[5717]],[[5718]],[[5719]],[[5720]],[[5721]],[[5722]],[[5723]],[[5724]],[[5725]],[[5726]],[[5727]],[[5728]],[[5729]],[[5730]],[[5731]],[[5732]],[[5733]],[[5734]],[[5735]],[[5736]],[[5737]],[[5738]],[[5739]],[[5740]],[[5741]],[[5742]],[[5743]],[[5744]],[[5745]],[[5746]],[[5747]],[[5748]],[[5749]],[[5750]],[[5751]],[[5752]],[[5753]],[[5754]],[[5755]],[[5756]],[[5757]],[[5758]],[[5759]],[[5760]],[[5761]],[[5762]],[[5763]],[[5764]],[[5765]],[[5766]],[[5767]],[[5768]],[[5769]],[[5770]],[[5771]],[[5772]],[[5773]],[[5774]],[[5775]]],"type":"MultiPolygon","properties":{"name":"Kabupaten Raja Ampat","province":"Provinsi Papua Barat Daya","level":"Kabupaten","code":"9205"}},{"arcs":[[[6023]],[[6024]],[[-5667,6025]],[[6026]],[[6027]],[[-3523,6028,6029,6030,6031]]],"type":"MultiPolygon","properties":{"name":"Kabupaten Sorong","province":"Provinsi Papua Barat Daya","level":"Kabupaten","code":"9201"}},{"arcs":[[-4658,6032,6033,-6031,6034]],"type":"Polygon","properties":{"name":"Kabupaten Sorong Selatan","province":"Provinsi Papua Barat Daya","level":"Kabupaten","code":"9204"}},{"arcs":[[-4642,-5331,6225,-4659,-6035,-6030,6226]],"type":"Polygon","properties":{"name":"Kabupaten Tambrauw","province":"Provinsi Papua Barat Daya","level":"Kabupaten","code":"9209"}}]}