{"type":"GeometryCollection","geometries":[{"arcs":[[-184,2952,-191]],"type":"Polygon","properties":{"name":"Kota Bandung","province":"Provinsi Jawa Barat","level":"Kota","code":"3273"}},{"arcs":[[-1204,-1219]],"type":"Polygon","properties":{"name":"Kota Banjar","province":"Provinsi Jawa Barat","level":"Kota","code":"3279"}},{"arcs":[[-444,-931,3311,3312]],"type":"Polygon","properties":{"name":"Kota Bekasi","province":"Provinsi Jawa Barat","level":"Kota","code":"3275"}},{"arcs":[[-932]],"type":"Polygon","properties":{"name":"Kota Bogor","province":"Provinsi Jawa Barat","level":"Kota","code":"3271"}},{"arcs":[[-183,-192,-2953]],"type":"Polygon","properties":{"name":"Kota Cimahi","province":"Provinsi Jawa Barat","level":"Kota","code":"3277"}},{"arcs":[[-1226,3335]],"type":"Polygon","properties":{"name":"Kota Cirebon","province":"Provinsi Jawa Barat","level":"Kota","code":"3274"}},{"arcs":[[-930,3337,3338,3339,-3312]],"type":"Polygon","properties":{"name":"Kota Depok","province":"Provinsi Jawa Barat","level":"Kota","code":"3276"}},{"arcs":[[3525]],"type":"Polygon","properties":{"name":"Kota Sukabumi","province":"Provinsi Jawa Barat","level":"Kota","code":"3272"}},{"arcs":[[-1208,3543]],"type":"Polygon","properties":{"name":"Kota Tasikmalaya","province":"Provinsi Jawa Barat","level":"Kota","code":"3278"}},{"arcs":[[178,179,180,181,182,183,184,185]],"type":"Polygon","properties":{"name":"Kabupaten Bandung","province":"Provinsi Jawa Barat","level":"Kabupaten","code":"3204"}},{"arcs":[[-182,186,187,188,189,-185,190,191]],"type":"Polygon","properties":{"name":"Kabupaten Bandung Barat","province":"Provinsi Jawa Barat","level":"Kabupaten","code":"3217"}},{"arcs":[[441,442,443,444,445,446]],"type":"Polygon","properties":{"name":"Kabupaten Bekasi","province":"Provinsi Jawa Barat","level":"Kabupaten","code":"3216"}},{"arcs":[[-443,922,923,924,925,926,927,928,929,930],[931]],"type":"Polygon","properties":{"name":"Kabupaten Bogor","province":"Provinsi Jawa Barat","level":"Kabupaten","code":"3201"}},{"arcs":[[1201,1202,1203,1204,1205,1206,1207,1208,1209]],"type":"Polygon","properties":{"name":"Kabupaten Ciamis","province":"Provinsi Jawa Barat","level":"Kabupaten","code":"3207"}},{"arcs":[[-181,1210,1211,1212,-925,1213,1214,-187]],"type":"Polygon","properties":{"name":"Kabupaten Cianjur","province":"Provinsi Jawa Barat","level":"Kabupaten","code":"3203"}},{"arcs":[[[1220]],[[-1050,1221,1222,1223,1224,1225,1226]]],"type":"MultiPolygon","properties":{"name":"Kabupaten Cirebon","province":"Provinsi Jawa Barat","level":"Kabupaten","code":"3209"}},{"arcs":[[-180,1356,1357,1358,-1211]],"type":"Polygon","properties":{"name":"Kabupaten Garut","province":"Provinsi Jawa Barat","level":"Kabupaten","code":"3205"}},{"arcs":[[-1224,1772,1773,1774,1775]],"type":"Polygon","properties":{"name":"Kabupaten Indramayu","province":"Provinsi Jawa Barat","level":"Kabupaten","code":"3212"}},{"arcs":[[-442,1900,1901,1902,-923]],"type":"Polygon","properties":{"name":"Kabupaten Karawang","province":"Provinsi Jawa Barat","level":"Kabupaten","code":"3215"}},{"arcs":[[-1049,-1220,-1202,3658,-1222]],"type":"Polygon","properties":{"name":"Kabupaten Kuningan","province":"Provinsi Jawa Barat","level":"Kabupaten","code":"3208"}},{"arcs":[[-1210,4238,4239,-1773,-1223,-3659]],"type":"Polygon","properties":{"name":"Kabupaten Majalengka","province":"Provinsi Jawa Barat","level":"Kabupaten","code":"3210"}},{"arcs":[[-1206,-1218,5192,5193]],"type":"Polygon","properties":{"name":"Kabupaten Pangandaran","province":"Provinsi Jawa Barat","level":"Kabupaten","code":"3218"}},{"arcs":[[-189,5532,-1214,-924,-1903,5533]],"type":"Polygon","properties":{"name":"Kabupaten Purwakarta","province":"Provinsi Jawa Barat","level":"Kabupaten","code":"3214"}},{"arcs":[[-186,-190,-5534,-1902,6037,-1775,6038]],"type":"Polygon","properties":{"name":"Kabupaten Subang","province":"Provinsi Jawa Barat","level":"Kabupaten","code":"3213"}},{"arcs":[[-926,-1213,6039,-3863],[-3526]],"type":"Polygon","properties":{"name":"Kabupaten Sukabumi","province":"Provinsi Jawa Barat","level":"Kabupaten","code":"3202"}},{"arcs":[[-179,-6039,-1774,-4240,6101,-1357]],"type":"Polygon","properties":{"name":"Kabupaten Sumedang","province":"Provinsi Jawa Barat","level":"Kabupaten","code":"3211"}},{"arcs":[[-1207,-5194,6286,-1358,-6102,-4239,-1209,-3544]],"type":"Polygon","properties":{"name":"Kabupaten Tasikmalaya","province":"Provinsi Jawa Barat","level":"Kabupaten","code":"3206"}}]}