{"type":"GeometryCollection","geometries":[{"arcs":[[-766,3315]],"type":"Polygon","properties":{"name":"Kota Bima","province":"Provinsi Nusa Tenggara Barat","level":"Kota","code":"5272"}},{"arcs":[[3413,3414]],"type":"Polygon","properties":{"name":"Kota Mataram","province":"Provinsi Nusa Tenggara Barat","level":"Kota","code":"5271"}},{"arcs":[[[743]],[[744]],[[745]],[[746]],[[747]],[[748]],[[749]],[[750]],[[751]],[[752]],[[753]],[[754]],[[755]],[[756]],[[757]],[[758]],[[759]],[[760]],[[761]],[[762]],[[763]],[[764]],[[765,766,767,768]],[[769]],[[770,771]]],"type":"MultiPolygon","properties":{"name":"Kabupaten Bima","province":"Provinsi Nusa Tenggara Barat","level":"Kabupaten","code":"5206"}},{"arcs":[[[1277]],[[1278]],[[1279]],[[1280]],[[1281]],[[1282]],[[1283]],[[1284]],[[1285]],[[-768,1286,1287,1288,-771,1289]],[[1290]]],"type":"MultiPolygon","properties":{"name":"Kabupaten Dompu","province":"Provinsi Nusa Tenggara Barat","level":"Kabupaten","code":"5205"}},{"arcs":[[[4153]],[[4154]],[[4155]],[[4156]],[[4157]],[[4158]],[[4159]],[[4160]],[[4161]],[[4162]],[[4163]],[[4164]],[[4165]],[[4166]],[[4167]],[[4168]],[[-3415,4169,4170,4171,4172]]],"type":"MultiPolygon","properties":{"name":"Kabupaten Lombok Barat","province":"Provinsi Nusa Tenggara Barat","level":"Kabupaten","code":"5201"}},{"arcs":[[[4173]],[[4174]],[[4175]],[[4176]],[[-4172,4177,4178,4179]]],"type":"MultiPolygon","properties":{"name":"Kabupaten Lombok Tengah","province":"Provinsi Nusa Tenggara Barat","level":"Kabupaten","code":"5202"}},{"arcs":[[[4180]],[[4181]],[[4182]],[[4183]],[[4184]],[[4185]],[[4186]],[[4187]],[[4188]],[[4189]],[[4190]],[[-4179,4191,4192]]],"type":"MultiPolygon","properties":{"name":"Kabupaten Lombok Timur","province":"Provinsi Nusa Tenggara Barat","level":"Kabupaten","code":"5203"}},{"arcs":[[[4193]],[[4194]],[[4195]],[[-4171,4196,-4192,-4178]]],"type":"MultiPolygon","properties":{"name":"Kabupaten Lombok Utara","province":"Provinsi Nusa Tenggara Barat","level":"Kabupaten","code":"5208"}},{"arcs":[[[6057]],[[6058]],[[6059]],[[6060]],[[6061]],[[6062]],[[6063]],[[6064]],[[6065]],[[6066]],[[6067]],[[6068]],[[6069]],[[6070]],[[6071]],[[6072]],[[6073]],[[6074]],[[6075]],[[6076]],[[6077]],[[6078]],[[6079]],[[6080]],[[6081]],[[6082]],[[6083]],[[6084]],[[6085]],[[-1288,6086,6087,6088]],[[6089]],[[6090]]],"type":"MultiPolygon","properties":{"name":"Kabupaten Sumbawa","province":"Provinsi Nusa Tenggara Barat","level":"Kabupaten","code":"5204"}},{"arcs":[[[6091]],[[6092]],[[6093]],[[6094]],[[6095]],[[6096]],[[-6088,6097]],[[6098]],[[6099]],[[6100]]],"type":"MultiPolygon","properties":{"name":"Kabupaten Sumbawa Barat","province":"Provinsi Nusa Tenggara Barat","level":"Kabupaten","code":"5207"}}]}