{"type":"GeometryCollection","geometries":[{"arcs":[[2940,2941]],"type":"Polygon","properties":{"name":"Kota Ambon","province":"Provinsi Maluku","level":"Kota","code":"8171"}},{"arcs":[[[3569]],[[3570]],[[3571]],[[3572]],[[3573]],[[3574]],[[3575]],[[3576]],[[3577]],[[3578]],[[3579]],[[3580]],[[3581]],[[3582]],[[3583]],[[3584]],[[3585]],[[3586]],[[3587]],[[3588]],[[3589]],[[3590]],[[3591]],[[3592]],[[3593]],[[3594]],[[3595]],[[3596]],[[3597]],[[3598]],[[3599]],[[3600]],[[3601]]],"type":"MultiPolygon","properties":{"name":"Kota Tual","province":"Provinsi Maluku","level":"Kota","code":"8172"}},{"arcs":[[1152,1153]],"type":"Polygon","properties":{"name":"Kabupaten Buru","province":"Provinsi Maluku","level":"Kabupaten","code":"8104"}},{"arcs":[[[1154]],[[1155]],[[-1153,1156]]],"type":"MultiPolygon","properties":{"name":"Kabupaten Buru Selatan","province":"Provinsi Maluku","level":"Kabupaten","code":"8109"}},{"arcs":[[[2306]],[[2307]],[[2308]],[[2309]],[[2310]],[[2311]],[[2312]],[[2313]],[[2314]],[[2315]],[[2316]],[[2317]],[[2318]],[[2319]],[[2320]],[[2321]],[[2322]],[[2323]],[[2324]],[[2325]],[[2326]],[[2327]],[[2328]],[[2329]],[[2330]],[[2331]],[[2332]],[[2333]],[[2334]],[[2335]],[[2336]],[[2337]],[[2338]],[[2339]],[[2340]],[[2341]],[[2342]],[[2343]],[[2344]],[[2345]],[[2346]],[[2347]],[[2348]],[[2349]],[[2350]],[[2351]],[[2352]],[[2353]],[[2354]],[[2355]],[[2356]],[[2357]],[[2358]],[[2359]],[[2360]],[[2361]],[[2362]],[[2363]],[[2364]],[[2365]],[[2366]],[[2367]],[[2368]],[[2369]],[[2370]],[[2371]],[[2372]],[[2373]],[[2374]],[[2375]],[[2376]],[[2377]],[[2378]],[[2379]],[[2380]],[[2381]],[[2382]],[[2383]],[[2384]],[[2385]],[[2386]],[[2387]],[[2388]],[[2389]],[[2390]],[[2391]],[[2392]],[[2393]],[[2394]],[[2395]],[[2396]],[[2397]],[[2398]],[[2399]],[[2400]],[[2401]],[[2402]],[[2403]],[[2404]],[[2405]],[[2406]],[[2407]],[[2408]],[[2409]],[[2410]],[[2411]],[[2412]],[[2413]],[[2414]],[[2415]],[[2416]],[[2417]],[[2418]],[[2419]],[[2420]],[[2421]],[[2422]],[[2423]],[[2424]],[[2425]],[[2426]],[[2427]],[[2428]],[[2429]],[[2430]],[[2431]],[[2432]],[[2433]],[[2434]],[[2435]],[[2436]],[[2437]],[[2438]],[[2439]],[[2440]],[[2441]],[[2442]],[[2443]],[[2444]],[[2445]],[[2446]],[[2447]],[[2448]],[[2449]],[[2450]],[[2451]],[[2452]],[[2453]],[[2454]],[[2455]],[[2456]],[[2457]],[[2458]],[[2459]],[[2460]],[[2461]],[[2462]],[[2463]],[[2464]],[[2465]],[[2466]],[[2467]],[[2468]],[[2469]],[[2470]],[[2471]],[[2472]],[[2473]],[[2474]],[[2475]],[[2476]],[[2477]],[[2478]],[[2479]],[[2480]],[[2481]],[[2482]],[[2483]],[[2484]],[[2485]],[[2486]],[[2487]],[[2488]],[[2489]]],"type":"MultiPolygon","properties":{"name":"Kabupaten Kepulauan Aru","province":"Provinsi Maluku","level":"Kabupaten","code":"8107"}},{"arcs":[[[4375]],[[4376]],[[4377]],[[4378]],[[4379]],[[4380]],[[4381]],[[4382]],[[4383]],[[4384]],[[4385]],[[4386]],[[4387]],[[4388]],[[4389]],[[4390]],[[4391]],[[4392]],[[4393]],[[4394]],[[4395]],[[4396]],[[4397]],[[4398]],[[4399]],[[4400]],[[4401]],[[4402]],[[4403]],[[4404]],[[4405]],[[4406]],[[4407]],[[4408]],[[4409]],[[4410]],[[4411]],[[4412]],[[4413]],[[4414]],[[4415]],[[4416]],[[4417]],[[4418]],[[4419]],[[4420]],[[4421]],[[4422]],[[4423]],[[4424]],[[4425]],[[4426]],[[4427]],[[4428]],[[4429]],[[4430]],[[4431]],[[4432]],[[4433]],[[4434]],[[4435]],[[4436]],[[4437]],[[4438]],[[4439]],[[4440]],[[4441]],[[4442]],[[4443]],[[4444]],[[4445]],[[4446]],[[4447]],[[4448]],[[4449]],[[4450]],[[4451]],[[4452]],[[4453]],[[4454]],[[4455]],[[4456]],[[4457]],[[4458]],[[4459]],[[4460]]],"type":"MultiPolygon","properties":{"name":"Kabupaten Kepulauan Tanimbar","province":"Provinsi Maluku","level":"Kabupaten"}},{"arcs":[[[4262]],[[4263]],[[4264]],[[4265]],[[4266]],[[4267]],[[4268]],[[4269]],[[4270]],[[4271]],[[4272]],[[4273]],[[4274]],[[4275]],[[4276]],[[4277]],[[4278]],[[4279]],[[4280]],[[4281]],[[4282]],[[4283]],[[4284]],[[4285]],[[4286]],[[4287]],[[4288]],[[4289]],[[4290]],[[4291]],[[4292]],[[4293]],[[4294]],[[4295]],[[4296]],[[4297]],[[4298]],[[4299]],[[4300]],[[4301]],[[4302]],[[4303]],[[4304]],[[4305]],[[4306]],[[4307]],[[4308]]],"type":"MultiPolygon","properties":{"name":"Kabupaten Maluku Barat Daya","province":"Provinsi Maluku","level":"Kabupaten","code":"8108"}},{"arcs":[[[4309]],[[4310]],[[4311]],[[4312]],[[4313]],[[4314]],[[4315]],[[4316]],[[4317]],[[4318]],[[4319]],[[4320]],[[4321]],[[4322]],[[4323]],[[4324]],[[-2942,4325]],[[4326]],[[4327]],[[4328]],[[4329]],[[4330]],[[4331]],[[4332]],[[4333]],[[4334]],[[4335,4336,4337,4338]],[[4339]],[[4340]],[[4341]],[[4342]]],"type":"MultiPolygon","properties":{"name":"Kabupaten Maluku Tengah","province":"Provinsi Maluku","level":"Kabupaten","code":"8101"}},{"arcs":[[[4343]],[[4344]],[[4345]],[[4346]],[[4347]],[[4348]],[[4349]],[[4350]],[[4351]],[[4352]],[[4353]],[[4354]],[[4355]],[[4356]],[[4357]],[[4358]],[[4359]],[[4360]],[[4361]],[[4362]],[[4363]],[[4364]],[[4365]],[[4366]],[[4367]],[[4368]],[[4369]],[[4370]],[[4371]],[[4372]],[[4373]],[[4374]]],"type":"MultiPolygon","properties":{"name":"Kabupaten Maluku Tenggara","province":"Provinsi Maluku","level":"Kabupaten","code":"8102"}},{"arcs":[[[5851]],[[5852]],[[5853]],[[5854]],[[5855]],[[5856]],[[5857]],[[5858]],[[5859]],[[5860]],[[5861]],[[5862]],[[5863]],[[5864]],[[5865]],[[5866]],[[5867]],[[5868]],[[5869]],[[5870]],[[5871]],[[5872]],[[5873]],[[5874]],[[5875]],[[5876]],[[5877]],[[5878]],[[5879]],[[5880]],[[-4338,5881]],[[5882]],[[5883]],[[5884]],[[5885]],[[5886]],[[5887]],[[5888]]],"type":"MultiPolygon","properties":{"name":"Kabupaten Seram Bagian Barat","province":"Provinsi Maluku","level":"Kabupaten","code":"8106"}},{"arcs":[[[5889]],[[5890]],[[5891]],[[5892]],[[5893]],[[5894]],[[5895]],[[5896]],[[5897]],[[5898]],[[5899]],[[5900]],[[5901]],[[5902]],[[5903]],[[5904]],[[5905]],[[5906]],[[5907]],[[5908]],[[5909]],[[5910]],[[5911]],[[5912]],[[5913]],[[5914]],[[5915]],[[5916]],[[-4336,5917]]],"type":"MultiPolygon","properties":{"name":"Kabupaten Seram Bagian Timur","province":"Provinsi Maluku","level":"Kabupaten","code":"8105"}}]}