{"type":"GeometryCollection","geometries":[{"arcs":[[-341,2953]],"type":"Polygon","properties":{"name":"Kota Banjarbaru","province":"Provinsi Kalimantan Selatan","level":"Kota","code":"6372"}},{"arcs":[[-345,-403]],"type":"Polygon","properties":{"name":"Kota Banjarmasin","province":"Provinsi Kalimantan Selatan","level":"Kota","code":"6371"}},{"arcs":[[173,174,175,176,177]],"type":"Polygon","properties":{"name":"Kabupaten Balangan","province":"Provinsi Kalimantan Selatan","level":"Kabupaten","code":"6311"}},{"arcs":[[337,338,339,340,341,342,343,344,345,346,347]],"type":"Polygon","properties":{"name":"Kabupaten Banjar","province":"Provinsi Kalimantan Selatan","level":"Kabupaten","code":"6303"}},{"arcs":[[[396]],[[-344,397,398,399,400,401,-346,402]]],"type":"MultiPolygon","properties":{"name":"Kabupaten Barito Kuala","province":"Provinsi Kalimantan Selatan","level":"Kabupaten","code":"6304"}},{"arcs":[[-348,1736,1737,1738,1739]],"type":"Polygon","properties":{"name":"Kabupaten Hulu Sungai Selatan","province":"Provinsi Kalimantan Selatan","level":"Kabupaten","code":"6306"}},{"arcs":[[-175,1740,-1739,1741]],"type":"Polygon","properties":{"name":"Kabupaten Hulu Sungai Tengah","province":"Provinsi Kalimantan Selatan","level":"Kabupaten","code":"6307"}},{"arcs":[[-176,-1742,-1738,1742,-401,-408,-410,1743]],"type":"Polygon","properties":{"name":"Kabupaten Hulu Sungai Utara","province":"Provinsi Kalimantan Selatan","level":"Kabupaten","code":"6308"}},{"arcs":[[[2954]],[[2955]],[[2956]],[[2957]],[[2958]],[[2959]],[[2960]],[[2961]],[[2962]],[[2963]],[[2964]],[[2965]],[[2966]],[[2967]],[[2968]],[[2969]],[[2970]],[[2971]],[[2972]],[[2973]],[[2974]],[[2975]],[[2976]],[[2977]],[[2978]],[[2979]],[[2980]],[[2981]],[[2982]],[[2983]],[[2984]],[[2985]],[[2986]],[[2987]],[[2988]],[[2989]],[[2990]],[[2991]],[[2992]],[[2993]],[[2994]],[[2995]],[[2996]],[[2997]],[[2998]],[[2999]],[[3000]],[[3001]],[[3002]],[[3003]],[[3004]],[[3005]],[[3006]],[[3007]],[[3008]],[[3009]],[[3010]],[[3011]],[[3012]],[[3013]],[[3014]],[[3015]],[[3016]],[[3017]],[[3018]],[[3019]],[[3020]],[[3021]],[[3022]],[[3023]],[[3024]],[[3025]],[[3026]],[[3027]],[[-174,3028,3029,3030,-338,-1740,-1741]]],"type":"MultiPolygon","properties":{"name":"Kabupaten Kotabaru","province":"Provinsi Kalimantan Selatan","level":"Kabupaten","code":"6302"}},{"arcs":[[-177,-1744,-409,-406,-416,-5321]],"type":"Polygon","properties":{"name":"Kabupaten Tabalong","province":"Provinsi Kalimantan Selatan","level":"Kabupaten","code":"6309"}},{"arcs":[[[6258]],[[6259]],[[6260]],[[6261]],[[6262]],[[6263]],[[-339,-3031,6264,6265]]],"type":"MultiPolygon","properties":{"name":"Kabupaten Tanah Bumbu","province":"Provinsi Kalimantan Selatan","level":"Kabupaten","code":"6310"}},{"arcs":[[-340,-6266,6266,-342,-2954]],"type":"Polygon","properties":{"name":"Kabupaten Tanah Laut","province":"Provinsi Kalimantan Selatan","level":"Kabupaten","code":"6301"}},{"arcs":[[-347,-402,-1743,-1737]],"type":"Polygon","properties":{"name":"Kabupaten Tapin","province":"Provinsi Kalimantan Selatan","level":"Kabupaten","code":"6305"}}]}