{"type":"GeometryCollection","geometries":[{"arcs":[[[160]],[[161]],[[162,163,164,165,166]]],"type":"MultiPolygon","properties":{"name":"Kabupaten Asmat","province":"Provinsi Papua Selatan","level":"Kabupaten","code":"9118"}},{"arcs":[[1028,1029,1030,1031,1032]],"type":"Polygon","properties":{"name":"Kabupaten Boven Digoel","province":"Provinsi Papua Selatan","level":"Kabupaten","code":"9116"}},{"arcs":[[[4650]],[[4651]],[[-164,-1030,4652,4653]]],"type":"MultiPolygon","properties":{"name":"Kabupaten Mappi","province":"Provinsi Papua Selatan","level":"Kabupaten","code":"9117"}},{"arcs":[[[4667]],[[4668]],[[4669]],[[4670]],[[4671]],[[4672]],[[4673]],[[4674]],[[4675]],[[4676]],[[4677]],[[4678]],[[4679]],[[4680]],[[4681]],[[4682]],[[4683]],[[4684]],[[4685]],[[4686]],[[-1029,4687,-4653]]],"type":"MultiPolygon","properties":{"name":"Kabupaten Merauke","province":"Provinsi Papua Selatan","level":"Kabupaten","code":"9101"}}]}