{"type":"GeometryCollection","geometries":[{"arcs":[[-1026,3342,-1366]],"type":"Polygon","properties":{"name":"Kota Gorontalo","province":"Provinsi Gorontalo","level":"Kota","code":"7571"}},{"arcs":[[[909]],[[910]],[[911]],[[912]],[[913]],[[914]],[[915]],[[916]],[[917]],[[918,919,920,921]]],"type":"MultiPolygon","properties":{"name":"Kabupaten Boalemo","province":"Provinsi Gorontalo","level":"Kabupaten","code":"7502"}},{"arcs":[[-956,1024,1025,1026,1027,-972]],"type":"Polygon","properties":{"name":"Kabupaten Bone Bolango","province":"Provinsi Gorontalo","level":"Kabupaten","code":"7503"}},{"arcs":[[-919,1364,-1027,1365,1366]],"type":"Polygon","properties":{"name":"Kabupaten Gorontalo","province":"Provinsi Gorontalo","level":"Kabupaten","code":"7501"}},{"arcs":[[[1367]],[[1368]],[[1369]],[[1370]],[[1371]],[[1372]],[[1373]],[[1374]],[[1375]],[[1376]],[[-922,1377,-1148,1378,-973,-1028,-1365]]],"type":"MultiPolygon","properties":{"name":"Kabupaten Gorontalo Utara","province":"Provinsi Gorontalo","level":"Kabupaten","code":"7505"}},{"arcs":[[[5414]],[[5415]],[[5416]],[[5417]],[[5418]],[[5419]],[[5420]],[[5421]],[[5422]],[[5423]],[[5424]],[[5425]],[[5426]],[[5427]],[[5428]],[[5429]],[[5430]],[[5431]],[[5432]],[[5433]],[[5434]],[[5435]],[[5436]],[[5437]],[[5438]],[[5439]],[[5440]],[[5441]],[[5442]],[[5443]],[[5444]],[[5445]],[[5446]],[[5447]],[[5448]],[[5449]],[[5450]],[[-921,5451,-5306,-1149,-1378]]],"type":"MultiPolygon","properties":{"name":"Kabupaten Pohuwato","province":"Provinsi Gorontalo","level":"Kabupaten","code":"7504"}}]}