{"type":"GeometryCollection","geometries":[{"arcs":[[[1325]],[[1326]],[[1327]],[[1328]],[[1329]],[[1330]],[[1331]],[[1332]],[[1333]],[[1334]],[[1335]],[[1336]],[[1337]],[[1338]],[[1339]],[[1340]],[[1341]],[[1342]],[[1343]],[[1344]],[[1345,1346,1347]]],"type":"MultiPolygon","properties":{"name":"Kabupaten Fakfak","province":"Provinsi Papua Barat","level":"Kabupaten","code":"9203"}},{"arcs":[[[1846]],[[1847]],[[1848]],[[1849]],[[1850]],[[1851]],[[1852]],[[1853]],[[1854]],[[1855]],[[1856]],[[1857]],[[1858]],[[1859]],[[1860]],[[1861]],[[1862]],[[1863]],[[1864]],[[1865]],[[1866]],[[-1275,1867,1868,-1346,1869,1870,1871]]],"type":"MultiPolygon","properties":{"name":"Kabupaten Kaimana","province":"Provinsi Papua Barat","level":"Kabupaten","code":"9208"}},{"arcs":[[[4632,4633]],[[4634]],[[4635]],[[4636]],[[4637]],[[4638]],[[4639,4640,4641,4642],[4643],[4644]]],"type":"MultiPolygon","properties":{"name":"Kabupaten Manokwari","province":"Provinsi Papua Barat","level":"Kabupaten","code":"9202"}},{"arcs":[[-4634,4645,4646,4647,4648,-4640,4649]],"type":"Polygon","properties":{"name":"Kabupaten Manokwari Selatan","province":"Provinsi Papua Barat","level":"Kabupaten","code":"9211"}},{"arcs":[[[-4645]],[[-4644]],[[-4641,-4649,5329,5330],[-4635],[-4636]]],"type":"MultiPolygon","properties":{"name":"Kabupaten Pegunungan Arfak","province":"Provinsi Papua Barat","level":"Kabupaten","code":"9212"}},{"arcs":[[[6288]],[[6289]],[[6290]],[[6291]],[[6292]],[[6293]],[[6294]],[[6295]],[[6296]],[[6297]],[[6298]],[[6299]],[[6300]],[[6301]],[[-1348,6302,-6033,-4657,-6226,-5330,-4648,6303,-1870]]],"type":"MultiPolygon","properties":{"name":"Kabupaten Teluk Bintuni","province":"Provinsi Papua Barat","level":"Kabupaten","code":"9206"}},{"arcs":[[[6304]],[[6305]],[[6306]],[[6307]],[[6308]],[[6309]],[[6310]],[[6311]],[[6312]],[[6313]],[[6314]],[[6315]],[[6316]],[[6317]],[[6318]],[[6319]],[[6320]],[[6321]],[[6322]],[[6323]],[[6324]],[[6325]],[[6326]],[[6327]],[[6328]],[[6329]],[[6330]],[[6331]],[[6332]],[[6333]],[[6334]],[[6335]],[[-1871,-6304,-4647,6336,-4927]],[[6337]],[[6338]]],"type":"MultiPolygon","properties":{"name":"Kabupaten Teluk Wondama","province":"Provinsi Papua Barat","level":"Kabupaten","code":"9207"}}]}