{
    "mode": "hhcw",
    "tungsura": {
        "chart": {
            "1001287": 19519,
            "1001288": 6753,
            "1001289": 6229,
            "1001290": 3366,
            "1001291": 4105,
            "1001292": 22387,
            "progres": {
                "total": 232,
                "persen": 99.57,
                "progres": 231
            }
        },
        "table": {
            "740411": {
                "psu": "Reguler",
                "1001287": 7369,
                "1001288": 2781,
                "1001289": 2470,
                "1001290": 1339,
                "1001291": 2743,
                "1001292": 6829,
                "progres": {
                    "total": 78,
                    "persen": 100.0,
                    "progres": 78
                },
                "status_progress": true
            },
            "740422": {
                "psu": "Reguler",
                "1001287": 2789,
                "1001288": 376,
                "1001289": 635,
                "1001290": 299,
                "1001291": 119,
                "1001292": 4242,
                "progres": {
                    "total": 32,
                    "persen": 100.0,
                    "progres": 32
                },
                "status_progress": true
            },
            "740423": {
                "psu": "Reguler",
                "1001287": 1807,
                "1001288": 574,
                "1001289": 935,
                "1001290": 214,
                "1001291": 95,
                "1001292": 3750,
                "progres": {
                    "total": 34,
                    "persen": 100.0,
                    "progres": 34
                },
                "status_progress": true
            },
            "740424": {
                "psu": "Reguler",
                "1001287": 3459,
                "1001288": 1007,
                "1001289": 564,
                "1001290": 320,
                "1001291": 348,
                "1001292": 2518,
                "progres": {
                    "total": 34,
                    "persen": 100.0,
                    "progres": 34
                },
                "status_progress": true
            },
            "740427": {
                "psu": "Reguler",
                "1001287": 1617,
                "1001288": 1109,
                "1001289": 813,
                "1001290": 757,
                "1001291": 386,
                "1001292": 2871,
                "progres": {
                    "total": 29,
                    "persen": 96.55,
                    "progres": 28
                },
                "status_progress": true
            },
            "740428": {
                "psu": "Reguler",
                "1001287": 1276,
                "1001288": 291,
                "1001289": 335,
                "1001290": 229,
                "1001291": 275,
                "1001292": 1158,
                "progres": {
                    "total": 12,
                    "persen": 100.0,
                    "progres": 12
                },
                "status_progress": true
            },
            "740429": {
                "psu": "Reguler",
                "1001287": 1202,
                "1001288": 615,
                "1001289": 477,
                "1001290": 208,
                "1001291": 139,
                "1001292": 1019,
                "progres": {
                    "total": 13,
                    "persen": 100.0,
                    "progres": 13
                },
                "status_progress": true
            }
        }
    },
    "psu": "Reguler",
    "progres": {
        "total": 232,
        "progres": 231
    },
    "ts": "2024-11-28 06:30:00"
}