{
    "mode": "hhcw",
    "tungsura": {
        "chart": {
            "1001297": 50851,
            "1001298": 37403,
            "1001299": 5877,
            "progres": {
                "total": 273,
                "persen": 98.9,
                "progres": 270
            }
        },
        "table": {
            "740601": {
                "psu": "Reguler",
                "1001297": 3757,
                "1001298": 5012,
                "1001299": 415,
                "progres": {
                    "total": 23,
                    "persen": 100.0,
                    "progres": 23
                },
                "status_progress": true
            },
            "740602": {
                "psu": "Reguler",
                "1001297": 3124,
                "1001298": 2315,
                "1001299": 847,
                "progres": {
                    "total": 16,
                    "persen": 100.0,
                    "progres": 16
                },
                "status_progress": true
            },
            "740603": {
                "psu": "Reguler",
                "1001297": 1937,
                "1001298": 2137,
                "1001299": 55,
                "progres": {
                    "total": 12,
                    "persen": 100.0,
                    "progres": 12
                },
                "status_progress": true
            },
            "740604": {
                "psu": "Reguler",
                "1001297": 4121,
                "1001298": 2628,
                "1001299": 249,
                "progres": {
                    "total": 17,
                    "persen": 100.0,
                    "progres": 17
                },
                "status_progress": true
            },
            "740605": {
                "psu": "Reguler",
                "1001297": 1639,
                "1001298": 320,
                "1001299": 23,
                "progres": {
                    "total": 6,
                    "persen": 100.0,
                    "progres": 6
                },
                "status_progress": true
            },
            "740606": {
                "psu": "Reguler",
                "1001297": 2929,
                "1001298": 1145,
                "1001299": 237,
                "progres": {
                    "total": 13,
                    "persen": 100.0,
                    "progres": 13
                },
                "status_progress": true
            },
            "740607": {
                "psu": "Reguler",
                "1001297": 3824,
                "1001298": 3760,
                "1001299": 260,
                "progres": {
                    "total": 23,
                    "persen": 100.0,
                    "progres": 23
                },
                "status_progress": true
            },
            "740608": {
                "psu": "Reguler",
                "1001297": 1857,
                "1001298": 1699,
                "1001299": 681,
                "progres": {
                    "total": 14,
                    "persen": 92.86,
                    "progres": 13
                },
                "status_progress": true
            },
            "740609": {
                "psu": "Reguler",
                "1001297": 2186,
                "1001298": 2234,
                "1001299": 84,
                "progres": {
                    "total": 12,
                    "persen": 100.0,
                    "progres": 12
                },
                "status_progress": true
            },
            "740610": {
                "psu": "Reguler",
                "1001297": 3038,
                "1001298": 2970,
                "1001299": 656,
                "progres": {
                    "total": 16,
                    "persen": 100.0,
                    "progres": 16
                },
                "status_progress": true
            },
            "740611": {
                "psu": "Reguler",
                "1001297": 2139,
                "1001298": 1506,
                "1001299": 980,
                "progres": {
                    "total": 13,
                    "persen": 100.0,
                    "progres": 13
                },
                "status_progress": true
            },
            "740612": {
                "psu": "Reguler",
                "1001297": 1432,
                "1001298": 1206,
                "1001299": 140,
                "progres": {
                    "total": 8,
                    "persen": 100.0,
                    "progres": 8
                },
                "status_progress": true
            },
            "740613": {
                "psu": "Reguler",
                "1001297": 1623,
                "1001298": 426,
                "1001299": 23,
                "progres": {
                    "total": 6,
                    "persen": 100.0,
                    "progres": 6
                },
                "status_progress": true
            },
            "740614": {
                "psu": "Reguler",
                "1001297": 3584,
                "1001298": 1384,
                "1001299": 116,
                "progres": {
                    "total": 16,
                    "persen": 100.0,
                    "progres": 16
                },
                "status_progress": true
            },
            "740615": {
                "psu": "Reguler",
                "1001297": 1819,
                "1001298": 663,
                "1001299": 96,
                "progres": {
                    "total": 10,
                    "persen": 100.0,
                    "progres": 10
                },
                "status_progress": true
            },
            "740616": {
                "psu": "Reguler",
                "1001297": 2405,
                "1001298": 612,
                "1001299": 154,
                "progres": {
                    "total": 10,
                    "persen": 100.0,
                    "progres": 10
                },
                "status_progress": true
            },
            "740617": {
                "psu": "Reguler",
                "1001297": 432,
                "1001298": 574,
                "1001299": 25,
                "progres": {
                    "total": 6,
                    "persen": 100.0,
                    "progres": 6
                },
                "status_progress": true
            },
            "740618": {
                "psu": "Reguler",
                "1001297": 2485,
                "1001298": 1676,
                "1001299": 156,
                "progres": {
                    "total": 12,
                    "persen": 100.0,
                    "progres": 12
                },
                "status_progress": true
            },
            "740619": {
                "psu": "Reguler",
                "1001297": 1426,
                "1001298": 1003,
                "1001299": 95,
                "progres": {
                    "total": 7,
                    "persen": 100.0,
                    "progres": 7
                },
                "status_progress": true
            },
            "740620": {
                "psu": "Reguler",
                "1001297": 1848,
                "1001298": 1169,
                "1001299": 490,
                "progres": {
                    "total": 9,
                    "persen": 100.0,
                    "progres": 9
                },
                "status_progress": true
            },
            "740621": {
                "psu": "Reguler",
                "1001297": 2867,
                "1001298": 2170,
                "1001299": 82,
                "progres": {
                    "total": 19,
                    "persen": 89.47,
                    "progres": 17
                },
                "status_progress": true
            },
            "740622": {
                "psu": "Reguler",
                "1001297": 379,
                "1001298": 794,
                "1001299": 13,
                "progres": {
                    "total": 5,
                    "persen": 100.0,
                    "progres": 5
                },
                "status_progress": true
            }
        }
    },
    "psu": "Reguler",
    "progres": {
        "total": 273,
        "progres": 270
    },
    "ts": "2024-11-28 06:45:00"
}