{
    "mode": "hhcw",
    "tungsura": {
        "chart": {
            "1001300": 27922,
            "1001301": 31553,
            "progres": {
                "total": 224,
                "persen": 98.21,
                "progres": 220
            }
        },
        "table": {
            "740701": {
                "psu": "Reguler",
                "1001300": 8290,
                "1001301": 6504,
                "progres": {
                    "total": 57,
                    "persen": 96.49,
                    "progres": 55
                },
                "status_progress": true
            },
            "740702": {
                "psu": "Reguler",
                "1001300": 2572,
                "1001301": 3948,
                "progres": {
                    "total": 25,
                    "persen": 100.0,
                    "progres": 25
                },
                "status_progress": true
            },
            "740703": {
                "psu": "Reguler",
                "1001300": 2171,
                "1001301": 2468,
                "progres": {
                    "total": 13,
                    "persen": 100.0,
                    "progres": 13
                },
                "status_progress": true
            },
            "740704": {
                "psu": "Reguler",
                "1001300": 2131,
                "1001301": 2757,
                "progres": {
                    "total": 23,
                    "persen": 95.65,
                    "progres": 22
                },
                "status_progress": true
            },
            "740705": {
                "psu": "Reguler",
                "1001300": 7524,
                "1001301": 9156,
                "progres": {
                    "total": 59,
                    "persen": 100.0,
                    "progres": 59
                },
                "status_progress": true
            },
            "740706": {
                "psu": "Reguler",
                "1001300": 2147,
                "1001301": 2439,
                "progres": {
                    "total": 18,
                    "persen": 100.0,
                    "progres": 18
                },
                "status_progress": true
            },
            "740707": {
                "psu": "Reguler",
                "1001300": 1806,
                "1001301": 2643,
                "progres": {
                    "total": 18,
                    "persen": 94.44,
                    "progres": 17
                },
                "status_progress": true
            },
            "740708": {
                "psu": "Reguler",
                "1001300": 1281,
                "1001301": 1638,
                "progres": {
                    "total": 11,
                    "persen": 100.0,
                    "progres": 11
                },
                "status_progress": true
            }
        }
    },
    "psu": "Reguler",
    "progres": {
        "total": 224,
        "progres": 220
    },
    "ts": "2024-11-28 08:30:00"
}