{
    "mode": "hhcw",
    "tungsura": {
        "chart": {
            "1001318": 39146,
            "1001319": 7025,
            "progres": {
                "total": 146,
                "persen": 97.26,
                "progres": 142
            }
        },
        "table": {
            "741301": {
                "psu": "Reguler",
                "1001318": 3670,
                "1001319": 906,
                "progres": {
                    "total": 15,
                    "persen": 100.0,
                    "progres": 15
                },
                "status_progress": true
            },
            "741302": {
                "psu": "Reguler",
                "1001318": 2829,
                "1001319": 1000,
                "progres": {
                    "total": 13,
                    "persen": 92.31,
                    "progres": 12
                },
                "status_progress": true
            },
            "741303": {
                "psu": "Reguler",
                "1001318": 3476,
                "1001319": 847,
                "progres": {
                    "total": 15,
                    "persen": 93.33,
                    "progres": 14
                },
                "status_progress": true
            },
            "741304": {
                "psu": "Reguler",
                "1001318": 2764,
                "1001319": 648,
                "progres": {
                    "total": 11,
                    "persen": 100.0,
                    "progres": 11
                },
                "status_progress": true
            },
            "741305": {
                "psu": "Reguler",
                "1001318": 2792,
                "1001319": 427,
                "progres": {
                    "total": 10,
                    "persen": 100.0,
                    "progres": 10
                },
                "status_progress": true
            },
            "741306": {
                "psu": "Reguler",
                "1001318": 4497,
                "1001319": 264,
                "progres": {
                    "total": 14,
                    "persen": 100.0,
                    "progres": 14
                },
                "status_progress": true
            },
            "741307": {
                "psu": "Reguler",
                "1001318": 4067,
                "1001319": 502,
                "progres": {
                    "total": 13,
                    "persen": 100.0,
                    "progres": 13
                },
                "status_progress": true
            },
            "741308": {
                "psu": "Reguler",
                "1001318": 2363,
                "1001319": 263,
                "progres": {
                    "total": 10,
                    "persen": 80.0,
                    "progres": 8
                },
                "status_progress": true
            },
            "741309": {
                "psu": "Reguler",
                "1001318": 3578,
                "1001319": 855,
                "progres": {
                    "total": 14,
                    "persen": 100.0,
                    "progres": 14
                },
                "status_progress": true
            },
            "741310": {
                "psu": "Reguler",
                "1001318": 6599,
                "1001319": 669,
                "progres": {
                    "total": 21,
                    "persen": 100.0,
                    "progres": 21
                },
                "status_progress": true
            },
            "741311": {
                "psu": "Reguler",
                "1001318": 2511,
                "1001319": 644,
                "progres": {
                    "total": 10,
                    "persen": 100.0,
                    "progres": 10
                },
                "status_progress": true
            }
        }
    },
    "psu": "Reguler",
    "progres": {
        "total": 146,
        "progres": 142
    },
    "ts": "2024-11-28 09:00:00"
}