{
    "mode": "hhcw",
    "tungsura": {
        "chart": {
            "1001326": 61873,
            "1001327": 40696,
            "1001328": 19454,
            "1001329": 13827,
            "1001330": 51522,
            "progres": {
                "total": 525,
                "persen": 99.81,
                "progres": 524
            }
        },
        "table": {
            "747101": {
                "psu": "Reguler",
                "1001326": 7760,
                "1001327": 4404,
                "1001328": 1675,
                "1001329": 1804,
                "1001330": 4559,
                "progres": {
                    "total": 55,
                    "persen": 100.0,
                    "progres": 55
                },
                "status_progress": true
            },
            "747102": {
                "psu": "Reguler",
                "1001326": 6516,
                "1001327": 3306,
                "1001328": 1906,
                "1001329": 1493,
                "1001330": 2726,
                "progres": {
                    "total": 58,
                    "persen": 100.0,
                    "progres": 58
                },
                "status_progress": true
            },
            "747103": {
                "psu": "Reguler",
                "1001326": 5002,
                "1001327": 4405,
                "1001328": 2141,
                "1001329": 1068,
                "1001330": 5250,
                "progres": {
                    "total": 51,
                    "persen": 98.04,
                    "progres": 50
                },
                "status_progress": true
            },
            "747104": {
                "psu": "Reguler",
                "1001326": 6525,
                "1001327": 4165,
                "1001328": 1695,
                "1001329": 1005,
                "1001330": 8253,
                "progres": {
                    "total": 60,
                    "persen": 100.0,
                    "progres": 60
                },
                "status_progress": true
            },
            "747105": {
                "psu": "Reguler",
                "1001326": 9163,
                "1001327": 4828,
                "1001328": 2342,
                "1001329": 1574,
                "1001330": 4934,
                "progres": {
                    "total": 61,
                    "persen": 100.0,
                    "progres": 61
                },
                "status_progress": true
            },
            "747106": {
                "psu": "Reguler",
                "1001326": 2629,
                "1001327": 1601,
                "1001328": 1149,
                "1001329": 254,
                "1001330": 4223,
                "progres": {
                    "total": 25,
                    "persen": 100.0,
                    "progres": 25
                },
                "status_progress": true
            },
            "747107": {
                "psu": "Reguler",
                "1001326": 5111,
                "1001327": 3963,
                "1001328": 2093,
                "1001329": 1261,
                "1001330": 5190,
                "progres": {
                    "total": 41,
                    "persen": 100.0,
                    "progres": 41
                },
                "status_progress": true
            },
            "747108": {
                "psu": "Reguler",
                "1001326": 5558,
                "1001327": 5095,
                "1001328": 2759,
                "1001329": 1387,
                "1001330": 4904,
                "progres": {
                    "total": 54,
                    "persen": 100.0,
                    "progres": 54
                },
                "status_progress": true
            },
            "747109": {
                "psu": "Reguler",
                "1001326": 8607,
                "1001327": 5330,
                "1001328": 1490,
                "1001329": 2524,
                "1001330": 5342,
                "progres": {
                    "total": 67,
                    "persen": 100.0,
                    "progres": 67
                },
                "status_progress": true
            },
            "747110": {
                "psu": "Reguler",
                "1001326": 2863,
                "1001327": 2517,
                "1001328": 1353,
                "1001329": 1106,
                "1001330": 3774,
                "progres": {
                    "total": 36,
                    "persen": 100.0,
                    "progres": 36
                },
                "status_progress": true
            },
            "747111": {
                "psu": "Reguler",
                "1001326": 2139,
                "1001327": 1082,
                "1001328": 851,
                "1001329": 351,
                "1001330": 2367,
                "progres": {
                    "total": 17,
                    "persen": 100.0,
                    "progres": 17
                },
                "status_progress": true
            }
        }
    },
    "psu": "Reguler",
    "progres": {
        "total": 525,
        "progres": 524
    },
    "ts": "2024-11-28 08:00:00"
}