{
    "mode": "hhcw",
    "tungsura": {
        "chart": {
            "1000819": 251200,
            "1000820": 591406,
            "progres": {
                "total": 2355,
                "persen": 98.77,
                "progres": 2326
            }
        },
        "table": {
            "360405": {
                "psu": "Reguler",
                "1000819": 14606,
                "1000820": 37414,
                "progres": {
                    "total": 138,
                    "persen": 98.55,
                    "progres": 136
                },
                "status_progress": true
            },
            "360406": {
                "psu": "Reguler",
                "1000819": 7656,
                "1000820": 17638,
                "progres": {
                    "total": 74,
                    "persen": 100.0,
                    "progres": 74
                },
                "status_progress": true
            },
            "360407": {
                "psu": "Reguler",
                "1000819": 5784,
                "1000820": 21256,
                "progres": {
                    "total": 75,
                    "persen": 100.0,
                    "progres": 75
                },
                "status_progress": true
            },
            "360408": {
                "psu": "Reguler",
                "1000819": 3829,
                "1000820": 16483,
                "progres": {
                    "total": 55,
                    "persen": 98.18,
                    "progres": 54
                },
                "status_progress": true
            },
            "360409": {
                "psu": "Reguler",
                "1000819": 10224,
                "1000820": 30997,
                "progres": {
                    "total": 120,
                    "persen": 99.17,
                    "progres": 119
                },
                "status_progress": true
            },
            "360411": {
                "psu": "Reguler",
                "1000819": 12330,
                "1000820": 28455,
                "progres": {
                    "total": 111,
                    "persen": 99.1,
                    "progres": 110
                },
                "status_progress": true
            },
            "360412": {
                "psu": "Reguler",
                "1000819": 6255,
                "1000820": 17769,
                "progres": {
                    "total": 66,
                    "persen": 100.0,
                    "progres": 66
                },
                "status_progress": true
            },
            "360413": {
                "psu": "Reguler",
                "1000819": 8551,
                "1000820": 16349,
                "progres": {
                    "total": 77,
                    "persen": 98.7,
                    "progres": 76
                },
                "status_progress": true
            },
            "360414": {
                "psu": "Reguler",
                "1000819": 7723,
                "1000820": 15555,
                "progres": {
                    "total": 60,
                    "persen": 100.0,
                    "progres": 60
                },
                "status_progress": true
            },
            "360415": {
                "psu": "Reguler",
                "1000819": 17460,
                "1000820": 41482,
                "progres": {
                    "total": 160,
                    "persen": 100.0,
                    "progres": 160
                },
                "status_progress": true
            },
            "360416": {
                "psu": "Reguler",
                "1000819": 6243,
                "1000820": 21799,
                "progres": {
                    "total": 87,
                    "persen": 93.1,
                    "progres": 81
                },
                "status_progress": true
            },
            "360417": {
                "psu": "Reguler",
                "1000819": 6204,
                "1000820": 14172,
                "progres": {
                    "total": 55,
                    "persen": 94.55,
                    "progres": 52
                },
                "status_progress": true
            },
            "360418": {
                "psu": "Reguler",
                "1000819": 4993,
                "1000820": 13258,
                "progres": {
                    "total": 47,
                    "persen": 100.0,
                    "progres": 47
                },
                "status_progress": true
            },
            "360419": {
                "psu": "Reguler",
                "1000819": 9216,
                "1000820": 22030,
                "progres": {
                    "total": 87,
                    "persen": 97.7,
                    "progres": 85
                },
                "status_progress": true
            },
            "360420": {
                "psu": "Reguler",
                "1000819": 7272,
                "1000820": 17346,
                "progres": {
                    "total": 66,
                    "persen": 100.0,
                    "progres": 66
                },
                "status_progress": true
            },
            "360422": {
                "psu": "Reguler",
                "1000819": 10108,
                "1000820": 20398,
                "progres": {
                    "total": 98,
                    "persen": 95.92,
                    "progres": 94
                },
                "status_progress": true
            },
            "360423": {
                "psu": "Reguler",
                "1000819": 12786,
                "1000820": 27664,
                "progres": {
                    "total": 117,
                    "persen": 98.29,
                    "progres": 115
                },
                "status_progress": true
            },
            "360424": {
                "psu": "Reguler",
                "1000819": 9564,
                "1000820": 21037,
                "progres": {
                    "total": 86,
                    "persen": 100.0,
                    "progres": 86
                },
                "status_progress": true
            },
            "360425": {
                "psu": "Reguler",
                "1000819": 7770,
                "1000820": 19745,
                "progres": {
                    "total": 74,
                    "persen": 100.0,
                    "progres": 74
                },
                "status_progress": true
            },
            "360426": {
                "psu": "Reguler",
                "1000819": 7543,
                "1000820": 23656,
                "progres": {
                    "total": 86,
                    "persen": 98.84,
                    "progres": 85
                },
                "status_progress": true
            },
            "360427": {
                "psu": "Reguler",
                "1000819": 11476,
                "1000820": 12237,
                "progres": {
                    "total": 65,
                    "persen": 100.0,
                    "progres": 65
                },
                "status_progress": true
            },
            "360428": {
                "psu": "Reguler",
                "1000819": 11794,
                "1000820": 13656,
                "progres": {
                    "total": 64,
                    "persen": 100.0,
                    "progres": 64
                },
                "status_progress": true
            },
            "360429": {
                "psu": "Reguler",
                "1000819": 13075,
                "1000820": 22044,
                "progres": {
                    "total": 103,
                    "persen": 99.03,
                    "progres": 102
                },
                "status_progress": true
            },
            "360430": {
                "psu": "Reguler",
                "1000819": 8214,
                "1000820": 20928,
                "progres": {
                    "total": 84,
                    "persen": 98.81,
                    "progres": 83
                },
                "status_progress": true
            },
            "360431": {
                "psu": "Reguler",
                "1000819": 8701,
                "1000820": 22440,
                "progres": {
                    "total": 87,
                    "persen": 100.0,
                    "progres": 87
                },
                "status_progress": true
            },
            "360432": {
                "psu": "Reguler",
                "1000819": 5932,
                "1000820": 19392,
                "progres": {
                    "total": 69,
                    "persen": 98.55,
                    "progres": 68
                },
                "status_progress": true
            },
            "360433": {
                "psu": "Reguler",
                "1000819": 3779,
                "1000820": 7532,
                "progres": {
                    "total": 35,
                    "persen": 100.0,
                    "progres": 35
                },
                "status_progress": true
            },
            "360434": {
                "psu": "Reguler",
                "1000819": 6896,
                "1000820": 14295,
                "progres": {
                    "total": 53,
                    "persen": 96.23,
                    "progres": 51
                },
                "status_progress": true
            },
            "360435": {
                "psu": "Reguler",
                "1000819": 5216,
                "1000820": 14379,
                "progres": {
                    "total": 56,
                    "persen": 100.0,
                    "progres": 56
                },
                "status_progress": true
            }
        }
    },
    "psu": "Reguler",
    "progres": {
        "total": 2355,
        "progres": 2326
    },
    "ts": "2024-11-28 07:30:00"
}