{
    "mode": "hhcw",
    "tungsura": {
        "chart": {
            "1001121": 4132,
            "1001122": 20068,
            "1001123": 20813,
            "1001124": 8261,
            "1001125": 4374,
            "progres": {
                "total": 195,
                "persen": 100.0,
                "progres": 195
            }
        },
        "table": {
            "710401": {
                "psu": "Reguler",
                "1001121": 246,
                "1001122": 1116,
                "1001123": 1973,
                "1001124": 425,
                "1001125": 109,
                "progres": {
                    "total": 12,
                    "persen": 100.0,
                    "progres": 12
                },
                "status_progress": true
            },
            "710402": {
                "psu": "Reguler",
                "1001121": 157,
                "1001122": 1523,
                "1001123": 1239,
                "1001124": 424,
                "1001125": 163,
                "progres": {
                    "total": 11,
                    "persen": 100.0,
                    "progres": 11
                },
                "status_progress": true
            },
            "710403": {
                "psu": "Reguler",
                "1001121": 213,
                "1001122": 1543,
                "1001123": 1934,
                "1001124": 467,
                "1001125": 111,
                "progres": {
                    "total": 15,
                    "persen": 100.0,
                    "progres": 15
                },
                "status_progress": true
            },
            "710404": {
                "psu": "Reguler",
                "1001121": 91,
                "1001122": 1170,
                "1001123": 779,
                "1001124": 261,
                "1001125": 110,
                "progres": {
                    "total": 9,
                    "persen": 100.0,
                    "progres": 9
                },
                "status_progress": true
            },
            "710405": {
                "psu": "Reguler",
                "1001121": 168,
                "1001122": 562,
                "1001123": 734,
                "1001124": 238,
                "1001125": 309,
                "progres": {
                    "total": 10,
                    "persen": 100.0,
                    "progres": 10
                },
                "status_progress": true
            },
            "710406": {
                "psu": "Reguler",
                "1001121": 348,
                "1001122": 932,
                "1001123": 1229,
                "1001124": 906,
                "1001125": 364,
                "progres": {
                    "total": 13,
                    "persen": 100.0,
                    "progres": 13
                },
                "status_progress": true
            },
            "710407": {
                "psu": "Reguler",
                "1001121": 890,
                "1001122": 2015,
                "1001123": 2406,
                "1001124": 781,
                "1001125": 616,
                "progres": {
                    "total": 22,
                    "persen": 100.0,
                    "progres": 22
                },
                "status_progress": true
            },
            "710408": {
                "psu": "Reguler",
                "1001121": 282,
                "1001122": 1148,
                "1001123": 1849,
                "1001124": 691,
                "1001125": 218,
                "progres": {
                    "total": 15,
                    "persen": 100.0,
                    "progres": 15
                },
                "status_progress": true
            },
            "710409": {
                "psu": "Reguler",
                "1001121": 308,
                "1001122": 842,
                "1001123": 915,
                "1001124": 357,
                "1001125": 437,
                "progres": {
                    "total": 12,
                    "persen": 100.0,
                    "progres": 12
                },
                "status_progress": true
            },
            "710410": {
                "psu": "Reguler",
                "1001121": 231,
                "1001122": 1140,
                "1001123": 1532,
                "1001124": 631,
                "1001125": 321,
                "progres": {
                    "total": 12,
                    "persen": 100.0,
                    "progres": 12
                },
                "status_progress": true
            },
            "710411": {
                "psu": "Reguler",
                "1001121": 251,
                "1001122": 1932,
                "1001123": 1251,
                "1001124": 446,
                "1001125": 61,
                "progres": {
                    "total": 12,
                    "persen": 100.0,
                    "progres": 12
                },
                "status_progress": true
            },
            "710412": {
                "psu": "Reguler",
                "1001121": 87,
                "1001122": 690,
                "1001123": 590,
                "1001124": 403,
                "1001125": 405,
                "progres": {
                    "total": 6,
                    "persen": 100.0,
                    "progres": 6
                },
                "status_progress": true
            },
            "710413": {
                "psu": "Reguler",
                "1001121": 40,
                "1001122": 73,
                "1001123": 131,
                "1001124": 97,
                "1001125": 6,
                "progres": {
                    "total": 2,
                    "persen": 100.0,
                    "progres": 2
                },
                "status_progress": true
            },
            "710414": {
                "psu": "Reguler",
                "1001121": 125,
                "1001122": 893,
                "1001123": 952,
                "1001124": 570,
                "1001125": 157,
                "progres": {
                    "total": 8,
                    "persen": 100.0,
                    "progres": 8
                },
                "status_progress": true
            },
            "710415": {
                "psu": "Reguler",
                "1001121": 62,
                "1001122": 1077,
                "1001123": 201,
                "1001124": 140,
                "1001125": 48,
                "progres": {
                    "total": 5,
                    "persen": 100.0,
                    "progres": 5
                },
                "status_progress": true
            },
            "710416": {
                "psu": "Reguler",
                "1001121": 108,
                "1001122": 881,
                "1001123": 512,
                "1001124": 316,
                "1001125": 465,
                "progres": {
                    "total": 8,
                    "persen": 100.0,
                    "progres": 8
                },
                "status_progress": true
            },
            "710417": {
                "psu": "Reguler",
                "1001121": 211,
                "1001122": 686,
                "1001123": 1219,
                "1001124": 255,
                "1001125": 185,
                "progres": {
                    "total": 7,
                    "persen": 100.0,
                    "progres": 7
                },
                "status_progress": true
            },
            "710418": {
                "psu": "Reguler",
                "1001121": 162,
                "1001122": 1002,
                "1001123": 735,
                "1001124": 475,
                "1001125": 77,
                "progres": {
                    "total": 7,
                    "persen": 100.0,
                    "progres": 7
                },
                "status_progress": true
            },
            "710419": {
                "psu": "Reguler",
                "1001121": 152,
                "1001122": 843,
                "1001123": 632,
                "1001124": 378,
                "1001125": 212,
                "progres": {
                    "total": 9,
                    "persen": 100.0,
                    "progres": 9
                },
                "status_progress": true
            }
        }
    },
    "psu": "Reguler",
    "progres": {
        "total": 195,
        "progres": 195
    },
    "ts": "2024-11-28 01:15:00"
}