{
    "mode": "hhcw",
    "tungsura": {
        "chart": {
            "1001139": 24537,
            "1001140": 19100,
            "progres": {
                "total": 137,
                "persen": 100.0,
                "progres": 137
            }
        },
        "table": {
            "710901": {
                "psu": "Reguler",
                "1001139": 6506,
                "1001140": 4291,
                "progres": {
                    "total": 31,
                    "persen": 100.0,
                    "progres": 31
                },
                "status_progress": true
            },
            "710902": {
                "psu": "Reguler",
                "1001139": 3362,
                "1001140": 2182,
                "progres": {
                    "total": 16,
                    "persen": 100.0,
                    "progres": 16
                },
                "status_progress": true
            },
            "710903": {
                "psu": "Reguler",
                "1001139": 3709,
                "1001140": 3660,
                "progres": {
                    "total": 22,
                    "persen": 100.0,
                    "progres": 22
                },
                "status_progress": true
            },
            "710904": {
                "psu": "Reguler",
                "1001139": 3066,
                "1001140": 2329,
                "progres": {
                    "total": 20,
                    "persen": 100.0,
                    "progres": 20
                },
                "status_progress": true
            },
            "710905": {
                "psu": "Reguler",
                "1001139": 1657,
                "1001140": 1341,
                "progres": {
                    "total": 10,
                    "persen": 100.0,
                    "progres": 10
                },
                "status_progress": true
            },
            "710906": {
                "psu": "Reguler",
                "1001139": 1343,
                "1001140": 1243,
                "progres": {
                    "total": 8,
                    "persen": 100.0,
                    "progres": 8
                },
                "status_progress": true
            },
            "710907": {
                "psu": "Reguler",
                "1001139": 1083,
                "1001140": 961,
                "progres": {
                    "total": 8,
                    "persen": 100.0,
                    "progres": 8
                },
                "status_progress": true
            },
            "710908": {
                "psu": "Reguler",
                "1001139": 1674,
                "1001140": 997,
                "progres": {
                    "total": 9,
                    "persen": 100.0,
                    "progres": 9
                },
                "status_progress": true
            },
            "710909": {
                "psu": "Reguler",
                "1001139": 817,
                "1001140": 559,
                "progres": {
                    "total": 4,
                    "persen": 100.0,
                    "progres": 4
                },
                "status_progress": true
            },
            "710910": {
                "psu": "Reguler",
                "1001139": 1320,
                "1001140": 1537,
                "progres": {
                    "total": 9,
                    "persen": 100.0,
                    "progres": 9
                },
                "status_progress": true
            }
        }
    },
    "psu": "Reguler",
    "progres": {
        "total": 137,
        "progres": 137
    },
    "ts": "2024-11-28 00:45:00"
}