{
    "mode": "hhcw",
    "tungsura": {
        "chart": {
            "1001149": 41667,
            "1001150": 73379,
            "progres": {
                "total": 351,
                "persen": 100.0,
                "progres": 351
            }
        },
        "table": {
            "717201": {
                "psu": "Reguler",
                "1001149": 2339,
                "1001150": 3711,
                "progres": {
                    "total": 27,
                    "persen": 100.0,
                    "progres": 27
                },
                "status_progress": true
            },
            "717202": {
                "psu": "Reguler",
                "1001149": 7171,
                "1001150": 11742,
                "progres": {
                    "total": 51,
                    "persen": 100.0,
                    "progres": 51
                },
                "status_progress": true
            },
            "717203": {
                "psu": "Reguler",
                "1001149": 4383,
                "1001150": 7430,
                "progres": {
                    "total": 35,
                    "persen": 100.0,
                    "progres": 35
                },
                "status_progress": true
            },
            "717204": {
                "psu": "Reguler",
                "1001149": 4748,
                "1001150": 11104,
                "progres": {
                    "total": 46,
                    "persen": 100.0,
                    "progres": 46
                },
                "status_progress": true
            },
            "717205": {
                "psu": "Reguler",
                "1001149": 7629,
                "1001150": 11778,
                "progres": {
                    "total": 57,
                    "persen": 100.0,
                    "progres": 57
                },
                "status_progress": true
            },
            "717206": {
                "psu": "Reguler",
                "1001149": 6882,
                "1001150": 11925,
                "progres": {
                    "total": 58,
                    "persen": 100.0,
                    "progres": 58
                },
                "status_progress": true
            },
            "717207": {
                "psu": "Reguler",
                "1001149": 5973,
                "1001150": 12379,
                "progres": {
                    "total": 50,
                    "persen": 100.0,
                    "progres": 50
                },
                "status_progress": true
            },
            "717208": {
                "psu": "Reguler",
                "1001149": 2542,
                "1001150": 3310,
                "progres": {
                    "total": 27,
                    "persen": 100.0,
                    "progres": 27
                },
                "status_progress": true
            }
        }
    },
    "psu": "Reguler",
    "progres": {
        "total": 351,
        "progres": 351
    },
    "ts": "2024-11-28 02:00:00"
}