{
    "mode": "hhcw",
    "tungsura": {
        "chart": {
            "1001151": 7342,
            "1001152": 29494,
            "1001153": 31173,
            "progres": {
                "total": 157,
                "persen": 100.0,
                "progres": 157
            }
        },
        "table": {
            "717301": {
                "psu": "Reguler",
                "1001151": 2537,
                "1001152": 6974,
                "1001153": 7677,
                "progres": {
                    "total": 40,
                    "persen": 100.0,
                    "progres": 40
                },
                "status_progress": true
            },
            "717302": {
                "psu": "Reguler",
                "1001151": 1137,
                "1001152": 5473,
                "1001153": 5837,
                "progres": {
                    "total": 30,
                    "persen": 100.0,
                    "progres": 30
                },
                "status_progress": true
            },
            "717303": {
                "psu": "Reguler",
                "1001151": 1635,
                "1001152": 8129,
                "1001153": 9775,
                "progres": {
                    "total": 43,
                    "persen": 100.0,
                    "progres": 43
                },
                "status_progress": true
            },
            "717304": {
                "psu": "Reguler",
                "1001151": 994,
                "1001152": 5691,
                "1001153": 4716,
                "progres": {
                    "total": 27,
                    "persen": 100.0,
                    "progres": 27
                },
                "status_progress": true
            },
            "717305": {
                "psu": "Reguler",
                "1001151": 1039,
                "1001152": 3227,
                "1001153": 3168,
                "progres": {
                    "total": 17,
                    "persen": 100.0,
                    "progres": 17
                },
                "status_progress": true
            }
        }
    },
    "psu": "Reguler",
    "progres": {
        "total": 157,
        "progres": 157
    },
    "ts": "2024-11-27 22:15:00"
}