{
    "mode": "hhcw",
    "tungsura": {
        "chart": {
            "1001154": 12611,
            "1001155": 35150,
            "1001156": 24107,
            "progres": {
                "total": 172,
                "persen": 100.0,
                "progres": 172
            }
        },
        "table": {
            "717401": {
                "psu": "Reguler",
                "1001154": 764,
                "1001155": 6545,
                "1001156": 3015,
                "progres": {
                    "total": 25,
                    "persen": 100.0,
                    "progres": 25
                },
                "status_progress": true
            },
            "717402": {
                "psu": "Reguler",
                "1001154": 3812,
                "1001155": 9370,
                "1001156": 5165,
                "progres": {
                    "total": 43,
                    "persen": 100.0,
                    "progres": 43
                },
                "status_progress": true
            },
            "717403": {
                "psu": "Reguler",
                "1001154": 5255,
                "1001155": 9292,
                "1001156": 6475,
                "progres": {
                    "total": 48,
                    "persen": 100.0,
                    "progres": 48
                },
                "status_progress": true
            },
            "717404": {
                "psu": "Reguler",
                "1001154": 2780,
                "1001155": 9943,
                "1001156": 9452,
                "progres": {
                    "total": 56,
                    "persen": 100.0,
                    "progres": 56
                },
                "status_progress": true
            }
        }
    },
    "psu": "Reguler",
    "progres": {
        "total": 172,
        "progres": 172
    },
    "ts": "2024-11-28 04:30:00"
}