{
    "mode": "hhcw",
    "tungsura": {
        "chart": {
            "1000836": 93803,
            "1000837": 221149,
            "progres": {
                "total": 761,
                "persen": 99.74,
                "progres": 759
            }
        },
        "table": {
            "510301": {
                "psu": "Reguler",
                "1000836": 6421,
                "1000837": 20014,
                "progres": {
                    "total": 78,
                    "persen": 100.0,
                    "progres": 78
                },
                "status_progress": true
            },
            "510302": {
                "psu": "Reguler",
                "1000836": 27033,
                "1000837": 63184,
                "progres": {
                    "total": 195,
                    "persen": 100.0,
                    "progres": 195
                },
                "status_progress": true
            },
            "510303": {
                "psu": "Reguler",
                "1000836": 22562,
                "1000837": 45799,
                "progres": {
                    "total": 144,
                    "persen": 100.0,
                    "progres": 144
                },
                "status_progress": true
            },
            "510304": {
                "psu": "Reguler",
                "1000836": 4970,
                "1000837": 17160,
                "progres": {
                    "total": 53,
                    "persen": 100.0,
                    "progres": 53
                },
                "status_progress": true
            },
            "510305": {
                "psu": "Reguler",
                "1000836": 16913,
                "1000837": 40526,
                "progres": {
                    "total": 162,
                    "persen": 98.77,
                    "progres": 160
                },
                "status_progress": true
            },
            "510306": {
                "psu": "Reguler",
                "1000836": 15904,
                "1000837": 34466,
                "progres": {
                    "total": 129,
                    "persen": 100.0,
                    "progres": 129
                },
                "status_progress": true
            }
        }
    },
    "psu": "Reguler",
    "progres": {
        "total": 761,
        "progres": 759
    },
    "ts": "2024-11-28 09:00:00"
}