{
    "mode": "hhcw",
    "tungsura": {
        "chart": {
            "1000838": 255553,
            "1000839": 59398,
            "progres": {
                "total": 873,
                "persen": 100.0,
                "progres": 873
            }
        },
        "table": {
            "510401": {
                "psu": "Reguler",
                "1000838": 56334,
                "1000839": 11482,
                "progres": {
                    "total": 179,
                    "persen": 100.0,
                    "progres": 179
                },
                "status_progress": true
            },
            "510402": {
                "psu": "Reguler",
                "1000838": 32480,
                "1000839": 10396,
                "progres": {
                    "total": 130,
                    "persen": 100.0,
                    "progres": 130
                },
                "status_progress": true
            },
            "510403": {
                "psu": "Reguler",
                "1000838": 42039,
                "1000839": 14297,
                "progres": {
                    "total": 157,
                    "persen": 100.0,
                    "progres": 157
                },
                "status_progress": true
            },
            "510404": {
                "psu": "Reguler",
                "1000838": 24292,
                "1000839": 7855,
                "progres": {
                    "total": 96,
                    "persen": 100.0,
                    "progres": 96
                },
                "status_progress": true
            },
            "510405": {
                "psu": "Reguler",
                "1000838": 36729,
                "1000839": 9572,
                "progres": {
                    "total": 127,
                    "persen": 100.0,
                    "progres": 127
                },
                "status_progress": true
            },
            "510406": {
                "psu": "Reguler",
                "1000838": 34014,
                "1000839": 3510,
                "progres": {
                    "total": 97,
                    "persen": 100.0,
                    "progres": 97
                },
                "status_progress": true
            },
            "510407": {
                "psu": "Reguler",
                "1000838": 29665,
                "1000839": 2286,
                "progres": {
                    "total": 87,
                    "persen": 100.0,
                    "progres": 87
                },
                "status_progress": true
            }
        }
    },
    "psu": "Reguler",
    "progres": {
        "total": 873,
        "progres": 873
    },
    "ts": "2024-11-28 07:00:00"
}