{
    "mode": "hhcw",
    "tungsura": {
        "chart": {
            "1000843": 8411,
            "1000844": 91257,
            "1000845": 48073,
            "progres": {
                "total": 458,
                "persen": 100.0,
                "progres": 458
            }
        },
        "table": {
            "510601": {
                "psu": "Reguler",
                "1000843": 1782,
                "1000844": 21418,
                "1000845": 5907,
                "progres": {
                    "total": 87,
                    "persen": 100.0,
                    "progres": 87
                },
                "status_progress": true
            },
            "510602": {
                "psu": "Reguler",
                "1000843": 1462,
                "1000844": 18852,
                "1000845": 12742,
                "progres": {
                    "total": 95,
                    "persen": 100.0,
                    "progres": 95
                },
                "status_progress": true
            },
            "510603": {
                "psu": "Reguler",
                "1000843": 906,
                "1000844": 15227,
                "1000845": 8598,
                "progres": {
                    "total": 78,
                    "persen": 100.0,
                    "progres": 78
                },
                "status_progress": true
            },
            "510604": {
                "psu": "Reguler",
                "1000843": 4261,
                "1000844": 35760,
                "1000845": 20826,
                "progres": {
                    "total": 198,
                    "persen": 100.0,
                    "progres": 198
                },
                "status_progress": true
            }
        }
    },
    "psu": "Reguler",
    "progres": {
        "total": 458,
        "progres": 458
    },
    "ts": "2024-11-27 21:15:00"
}