{
    "mode": "hhcw",
    "tungsura": {
        "chart": {
            "1000849": 129591,
            "1000850": 226172,
            "progres": {
                "total": 1173,
                "persen": 99.49,
                "progres": 1167
            }
        },
        "table": {
            "510801": {
                "psu": "Reguler",
                "1000849": 15381,
                "1000850": 32411,
                "progres": {
                    "total": 136,
                    "persen": 100.0,
                    "progres": 136
                },
                "status_progress": true
            },
            "510802": {
                "psu": "Reguler",
                "1000849": 15835,
                "1000850": 25719,
                "progres": {
                    "total": 130,
                    "persen": 100.0,
                    "progres": 130
                },
                "status_progress": true
            },
            "510803": {
                "psu": "Reguler",
                "1000849": 11584,
                "1000850": 11687,
                "progres": {
                    "total": 76,
                    "persen": 100.0,
                    "progres": 76
                },
                "status_progress": true
            },
            "510804": {
                "psu": "Reguler",
                "1000849": 18846,
                "1000850": 23191,
                "progres": {
                    "total": 129,
                    "persen": 100.0,
                    "progres": 129
                },
                "status_progress": true
            },
            "510805": {
                "psu": "Reguler",
                "1000849": 16526,
                "1000850": 23858,
                "progres": {
                    "total": 140,
                    "persen": 100.0,
                    "progres": 140
                },
                "status_progress": true
            },
            "510806": {
                "psu": "Reguler",
                "1000849": 22579,
                "1000850": 39732,
                "progres": {
                    "total": 212,
                    "persen": 97.64,
                    "progres": 207
                },
                "status_progress": true
            },
            "510807": {
                "psu": "Reguler",
                "1000849": 13143,
                "1000850": 23519,
                "progres": {
                    "total": 127,
                    "persen": 100.0,
                    "progres": 127
                },
                "status_progress": true
            },
            "510808": {
                "psu": "Reguler",
                "1000849": 9840,
                "1000850": 18903,
                "progres": {
                    "total": 108,
                    "persen": 99.07,
                    "progres": 107
                },
                "status_progress": true
            },
            "510809": {
                "psu": "Reguler",
                "1000849": 5857,
                "1000850": 27152,
                "progres": {
                    "total": 115,
                    "persen": 100.0,
                    "progres": 115
                },
                "status_progress": true
            }
        }
    },
    "psu": "Reguler",
    "progres": {
        "total": 1173,
        "progres": 1167
    },
    "ts": "2024-11-27 21:15:00"
}