{
    "mode": "hhcw",
    "tungsura": {
        "chart": {
            "1000851": 75963,
            "1000852": 217568,
            "progres": {
                "total": 1001,
                "persen": 100.0,
                "progres": 1001
            }
        },
        "table": {
            "517101": {
                "psu": "Reguler",
                "1000851": 19005,
                "1000852": 58475,
                "progres": {
                    "total": 270,
                    "persen": 100.0,
                    "progres": 270
                },
                "status_progress": true
            },
            "517102": {
                "psu": "Reguler",
                "1000851": 12292,
                "1000852": 44632,
                "progres": {
                    "total": 189,
                    "persen": 100.0,
                    "progres": 189
                },
                "status_progress": true
            },
            "517103": {
                "psu": "Reguler",
                "1000851": 26310,
                "1000852": 55009,
                "progres": {
                    "total": 291,
                    "persen": 100.0,
                    "progres": 291
                },
                "status_progress": true
            },
            "517104": {
                "psu": "Reguler",
                "1000851": 18356,
                "1000852": 59452,
                "progres": {
                    "total": 251,
                    "persen": 100.0,
                    "progres": 251
                },
                "status_progress": true
            }
        }
    },
    "psu": "Reguler",
    "progres": {
        "total": 1001,
        "progres": 1001
    },
    "ts": "2024-11-27 22:15:00"
}