{
    "mode": "hhcw",
    "tungsura": {
        "chart": {
            "1000980": 77629,
            "1000981": 65073,
            "1000982": 98271,
            "progres": {
                "total": 1038,
                "persen": 95.57,
                "progres": 992
            }
        },
        "table": {
            "610501": {
                "psu": "Reguler",
                "1000980": 20053,
                "1000981": 9095,
                "1000982": 14063,
                "progres": {
                    "total": 158,
                    "persen": 100.0,
                    "progres": 158
                },
                "status_progress": true
            },
            "610502": {
                "psu": "Reguler",
                "1000980": 5273,
                "1000981": 4497,
                "1000982": 7561,
                "progres": {
                    "total": 65,
                    "persen": 100.0,
                    "progres": 65
                },
                "status_progress": true
            },
            "610503": {
                "psu": "Reguler",
                "1000980": 8390,
                "1000981": 8372,
                "1000982": 12360,
                "progres": {
                    "total": 125,
                    "persen": 100.0,
                    "progres": 125
                },
                "status_progress": true
            },
            "610504": {
                "psu": "Reguler",
                "1000980": 4111,
                "1000981": 5096,
                "1000982": 5639,
                "progres": {
                    "total": 70,
                    "persen": 98.57,
                    "progres": 69
                },
                "status_progress": true
            },
            "610505": {
                "psu": "Reguler",
                "1000980": 5247,
                "1000981": 5888,
                "1000982": 4101,
                "progres": {
                    "total": 82,
                    "persen": 80.49,
                    "progres": 66
                },
                "status_progress": true
            },
            "610506": {
                "psu": "Reguler",
                "1000980": 3405,
                "1000981": 5984,
                "1000982": 3825,
                "progres": {
                    "total": 52,
                    "persen": 98.08,
                    "progres": 51
                },
                "status_progress": true
            },
            "610507": {
                "psu": "Reguler",
                "1000980": 6393,
                "1000981": 3508,
                "1000982": 9359,
                "progres": {
                    "total": 64,
                    "persen": 100.0,
                    "progres": 64
                },
                "status_progress": true
            },
            "610508": {
                "psu": "Reguler",
                "1000980": 6330,
                "1000981": 3937,
                "1000982": 9763,
                "progres": {
                    "total": 86,
                    "persen": 98.84,
                    "progres": 85
                },
                "status_progress": true
            },
            "610509": {
                "psu": "Reguler",
                "1000980": 3123,
                "1000981": 3519,
                "1000982": 7265,
                "progres": {
                    "total": 91,
                    "persen": 92.31,
                    "progres": 84
                },
                "status_progress": true
            },
            "610514": {
                "psu": "Reguler",
                "1000980": 2815,
                "1000981": 3250,
                "1000982": 3777,
                "progres": {
                    "total": 69,
                    "persen": 79.71,
                    "progres": 55
                },
                "status_progress": true
            },
            "610515": {
                "psu": "Reguler",
                "1000980": 849,
                "1000981": 3154,
                "1000982": 2091,
                "progres": {
                    "total": 49,
                    "persen": 93.88,
                    "progres": 46
                },
                "status_progress": true
            },
            "610519": {
                "psu": "Reguler",
                "1000980": 3120,
                "1000981": 1780,
                "1000982": 6134,
                "progres": {
                    "total": 45,
                    "persen": 95.56,
                    "progres": 43
                },
                "status_progress": true
            },
            "610520": {
                "psu": "Reguler",
                "1000980": 5789,
                "1000981": 5328,
                "1000982": 8700,
                "progres": {
                    "total": 57,
                    "persen": 98.25,
                    "progres": 56
                },
                "status_progress": true
            },
            "610521": {
                "psu": "Reguler",
                "1000980": 2731,
                "1000981": 1665,
                "1000982": 3633,
                "progres": {
                    "total": 25,
                    "persen": 100.0,
                    "progres": 25
                },
                "status_progress": true
            }
        }
    },
    "psu": "Reguler",
    "progres": {
        "total": 1038,
        "progres": 992
    },
    "ts": "2024-11-28 09:00:00"
}