{
    "mode": "hhcw",
    "tungsura": {
        "chart": {
            "1000989": 62272,
            "1000990": 38218,
            "progres": {
                "total": 489,
                "persen": 81.39,
                "progres": 398
            }
        },
        "table": {
            "610901": {
                "psu": "Reguler",
                "1000989": 22660,
                "1000990": 13126,
                "progres": {
                    "total": 127,
                    "persen": 91.34,
                    "progres": 116
                },
                "status_progress": true
            },
            "610902": {
                "psu": "Reguler",
                "1000989": 7680,
                "1000990": 7387,
                "progres": {
                    "total": 74,
                    "persen": 87.84,
                    "progres": 65
                },
                "status_progress": true
            },
            "610903": {
                "psu": "Reguler",
                "1000989": 8895,
                "1000990": 4379,
                "progres": {
                    "total": 56,
                    "persen": 76.79,
                    "progres": 43
                },
                "status_progress": true
            },
            "610904": {
                "psu": "Reguler",
                "1000989": 3822,
                "1000990": 1134,
                "progres": {
                    "total": 65,
                    "persen": 32.31,
                    "progres": 21
                },
                "status_progress": true
            },
            "610905": {
                "psu": "Reguler",
                "1000989": 6875,
                "1000990": 5653,
                "progres": {
                    "total": 65,
                    "persen": 98.46,
                    "progres": 64
                },
                "status_progress": true
            },
            "610906": {
                "psu": "Reguler",
                "1000989": 7615,
                "1000990": 3816,
                "progres": {
                    "total": 70,
                    "persen": 81.43,
                    "progres": 57
                },
                "status_progress": true
            },
            "610907": {
                "psu": "Reguler",
                "1000989": 4725,
                "1000990": 2723,
                "progres": {
                    "total": 32,
                    "persen": 100.0,
                    "progres": 32
                },
                "status_progress": true
            }
        }
    },
    "psu": "Reguler",
    "progres": {
        "total": 489,
        "progres": 398
    },
    "ts": "2024-11-28 09:00:00"
}