{
    "mode": "hhcw",
    "tungsura": {
        "chart": {
            "1000991": 38582,
            "1000992": 78858,
            "progres": {
                "total": 527,
                "persen": 87.48,
                "progres": 461
            }
        },
        "table": {
            "611001": {
                "psu": "Reguler",
                "1000991": 3644,
                "1000992": 10616,
                "progres": {
                    "total": 53,
                    "persen": 96.23,
                    "progres": 51
                },
                "status_progress": true
            },
            "611002": {
                "psu": "Reguler",
                "1000991": 10336,
                "1000992": 16641,
                "progres": {
                    "total": 89,
                    "persen": 97.75,
                    "progres": 87
                },
                "status_progress": true
            },
            "611003": {
                "psu": "Reguler",
                "1000991": 2604,
                "1000992": 6804,
                "progres": {
                    "total": 57,
                    "persen": 80.7,
                    "progres": 46
                },
                "status_progress": true
            },
            "611004": {
                "psu": "Reguler",
                "1000991": 4351,
                "1000992": 7541,
                "progres": {
                    "total": 61,
                    "persen": 86.89,
                    "progres": 53
                },
                "status_progress": true
            },
            "611005": {
                "psu": "Reguler",
                "1000991": 4755,
                "1000992": 6008,
                "progres": {
                    "total": 45,
                    "persen": 91.11,
                    "progres": 41
                },
                "status_progress": true
            },
            "611006": {
                "psu": "Reguler",
                "1000991": 2547,
                "1000992": 7697,
                "progres": {
                    "total": 38,
                    "persen": 94.74,
                    "progres": 36
                },
                "status_progress": true
            },
            "611007": {
                "psu": "Reguler",
                "1000991": 2044,
                "1000992": 3867,
                "progres": {
                    "total": 47,
                    "persen": 55.32,
                    "progres": 26
                },
                "status_progress": true
            },
            "611008": {
                "psu": "Reguler",
                "1000991": 2489,
                "1000992": 7350,
                "progres": {
                    "total": 44,
                    "persen": 100.0,
                    "progres": 44
                },
                "status_progress": true
            },
            "611009": {
                "psu": "Reguler",
                "1000991": 2138,
                "1000992": 4474,
                "progres": {
                    "total": 26,
                    "persen": 96.15,
                    "progres": 25
                },
                "status_progress": true
            },
            "611010": {
                "psu": "Reguler",
                "1000991": 1953,
                "1000992": 4623,
                "progres": {
                    "total": 29,
                    "persen": 96.55,
                    "progres": 28
                },
                "status_progress": true
            },
            "611011": {
                "psu": "Reguler",
                "1000991": 1721,
                "1000992": 3237,
                "progres": {
                    "total": 38,
                    "persen": 63.16,
                    "progres": 24
                },
                "status_progress": true
            }
        }
    },
    "psu": "Reguler",
    "progres": {
        "total": 527,
        "progres": 461
    },
    "ts": "2024-11-28 09:00:00"
}