{
    "mode": "hhcw",
    "tungsura": {
        "chart": {
            "1000993": 26347,
            "1000994": 29041,
            "progres": {
                "total": 206,
                "persen": 99.51,
                "progres": 205
            }
        },
        "table": {
            "611101": {
                "psu": "Reguler",
                "1000993": 5230,
                "1000994": 8797,
                "progres": {
                    "total": 47,
                    "persen": 100.0,
                    "progres": 47
                },
                "status_progress": true
            },
            "611102": {
                "psu": "Reguler",
                "1000993": 9227,
                "1000994": 7129,
                "progres": {
                    "total": 61,
                    "persen": 98.36,
                    "progres": 60
                },
                "status_progress": true
            },
            "611103": {
                "psu": "Reguler",
                "1000993": 5103,
                "1000994": 4941,
                "progres": {
                    "total": 37,
                    "persen": 100.0,
                    "progres": 37
                },
                "status_progress": true
            },
            "611104": {
                "psu": "Reguler",
                "1000993": 3853,
                "1000994": 2967,
                "progres": {
                    "total": 27,
                    "persen": 100.0,
                    "progres": 27
                },
                "status_progress": true
            },
            "611105": {
                "psu": "Reguler",
                "1000993": 2076,
                "1000994": 4286,
                "progres": {
                    "total": 23,
                    "persen": 100.0,
                    "progres": 23
                },
                "status_progress": true
            },
            "611106": {
                "psu": "Reguler",
                "1000993": 858,
                "1000994": 921,
                "progres": {
                    "total": 11,
                    "persen": 100.0,
                    "progres": 11
                },
                "status_progress": true
            }
        }
    },
    "psu": "Reguler",
    "progres": {
        "total": 206,
        "progres": 205
    },
    "ts": "2024-11-28 00:15:00"
}