{
    "mode": "hhcw",
    "tungsura": {
        "chart": {
            "1001100": 49812,
            "1001101": 23280,
            "progres": {
                "total": 314,
                "persen": 99.04,
                "progres": 311
            }
        },
        "table": {
            "650101": {
                "psu": "Reguler",
                "1001100": 7038,
                "1001101": 2250,
                "progres": {
                    "total": 34,
                    "persen": 100.0,
                    "progres": 34
                },
                "status_progress": true
            },
            "650102": {
                "psu": "Reguler",
                "1001100": 1901,
                "1001101": 1113,
                "progres": {
                    "total": 13,
                    "persen": 100.0,
                    "progres": 13
                },
                "status_progress": true
            },
            "650103": {
                "psu": "Reguler",
                "1001100": 4090,
                "1001101": 1610,
                "progres": {
                    "total": 23,
                    "persen": 100.0,
                    "progres": 23
                },
                "status_progress": true
            },
            "650104": {
                "psu": "Reguler",
                "1001100": 4551,
                "1001101": 3887,
                "progres": {
                    "total": 34,
                    "persen": 100.0,
                    "progres": 34
                },
                "status_progress": true
            },
            "650105": {
                "psu": "Reguler",
                "1001100": 18549,
                "1001101": 8884,
                "progres": {
                    "total": 109,
                    "persen": 100.0,
                    "progres": 109
                },
                "status_progress": true
            },
            "650106": {
                "psu": "Reguler",
                "1001100": 3285,
                "1001101": 2029,
                "progres": {
                    "total": 23,
                    "persen": 95.65,
                    "progres": 22
                },
                "status_progress": true
            },
            "650107": {
                "psu": "Reguler",
                "1001100": 1448,
                "1001101": 616,
                "progres": {
                    "total": 12,
                    "persen": 91.67,
                    "progres": 11
                },
                "status_progress": true
            },
            "650108": {
                "psu": "Reguler",
                "1001100": 1127,
                "1001101": 765,
                "progres": {
                    "total": 12,
                    "persen": 100.0,
                    "progres": 12
                },
                "status_progress": true
            },
            "650109": {
                "psu": "Reguler",
                "1001100": 4087,
                "1001101": 1205,
                "progres": {
                    "total": 32,
                    "persen": 100.0,
                    "progres": 32
                },
                "status_progress": true
            },
            "650110": {
                "psu": "Reguler",
                "1001100": 3736,
                "1001101": 921,
                "progres": {
                    "total": 22,
                    "persen": 95.45,
                    "progres": 21
                },
                "status_progress": true
            }
        }
    },
    "psu": "Reguler",
    "progres": {
        "total": 314,
        "progres": 311
    },
    "ts": "2024-11-28 09:00:00"
}