{
    "mode": "hhcw",
    "tungsura": {
        "chart": {
            "1000116": 39700,
            "1000117": 3341,
            "1000118": 7495,
            "1000119": 16266,
            "1000120": 52614,
            "progres": {
                "total": 408,
                "persen": 98.04,
                "progres": 400
            }
        },
        "table": {
            "110401": {
                "psu": "Reguler",
                "1000116": 1635,
                "1000117": 127,
                "1000118": 361,
                "1000119": 1515,
                "1000120": 2937,
                "progres": {
                    "total": 29,
                    "persen": 96.55,
                    "progres": 28
                },
                "status_progress": true
            },
            "110402": {
                "psu": "Reguler",
                "1000116": 5045,
                "1000117": 192,
                "1000118": 690,
                "1000119": 2552,
                "1000120": 5986,
                "progres": {
                    "total": 47,
                    "persen": 100.0,
                    "progres": 47
                },
                "status_progress": true
            },
            "110403": {
                "psu": "Reguler",
                "1000116": 6271,
                "1000117": 877,
                "1000118": 1266,
                "1000119": 1643,
                "1000120": 8625,
                "progres": {
                    "total": 61,
                    "persen": 91.8,
                    "progres": 56
                },
                "status_progress": true
            },
            "110407": {
                "psu": "Reguler",
                "1000116": 4447,
                "1000117": 352,
                "1000118": 614,
                "1000119": 2038,
                "1000120": 5706,
                "progres": {
                    "total": 43,
                    "persen": 100.0,
                    "progres": 43
                },
                "status_progress": true
            },
            "110408": {
                "psu": "Reguler",
                "1000116": 1807,
                "1000117": 166,
                "1000118": 1010,
                "1000119": 826,
                "1000120": 2547,
                "progres": {
                    "total": 25,
                    "persen": 100.0,
                    "progres": 25
                },
                "status_progress": true
            },
            "110410": {
                "psu": "Reguler",
                "1000116": 2796,
                "1000117": 159,
                "1000118": 529,
                "1000119": 1260,
                "1000120": 4287,
                "progres": {
                    "total": 32,
                    "persen": 100.0,
                    "progres": 32
                },
                "status_progress": true
            },
            "110411": {
                "psu": "Reguler",
                "1000116": 2937,
                "1000117": 445,
                "1000118": 889,
                "1000119": 737,
                "1000120": 4057,
                "progres": {
                    "total": 30,
                    "persen": 93.33,
                    "progres": 28
                },
                "status_progress": true
            },
            "110412": {
                "psu": "Reguler",
                "1000116": 1765,
                "1000117": 71,
                "1000118": 119,
                "1000119": 660,
                "1000120": 2584,
                "progres": {
                    "total": 25,
                    "persen": 100.0,
                    "progres": 25
                },
                "status_progress": true
            },
            "110413": {
                "psu": "Reguler",
                "1000116": 2382,
                "1000117": 95,
                "1000118": 223,
                "1000119": 831,
                "1000120": 2426,
                "progres": {
                    "total": 20,
                    "persen": 100.0,
                    "progres": 20
                },
                "status_progress": true
            },
            "110417": {
                "psu": "Reguler",
                "1000116": 3392,
                "1000117": 495,
                "1000118": 1111,
                "1000119": 848,
                "1000120": 4195,
                "progres": {
                    "total": 31,
                    "persen": 100.0,
                    "progres": 31
                },
                "status_progress": true
            },
            "110418": {
                "psu": "Reguler",
                "1000116": 1945,
                "1000117": 68,
                "1000118": 89,
                "1000119": 626,
                "1000120": 1878,
                "progres": {
                    "total": 14,
                    "persen": 100.0,
                    "progres": 14
                },
                "status_progress": true
            },
            "110419": {
                "psu": "Reguler",
                "1000116": 2445,
                "1000117": 103,
                "1000118": 250,
                "1000119": 505,
                "1000120": 3055,
                "progres": {
                    "total": 17,
                    "persen": 100.0,
                    "progres": 17
                },
                "status_progress": true
            },
            "110420": {
                "psu": "Reguler",
                "1000116": 1600,
                "1000117": 85,
                "1000118": 102,
                "1000119": 1247,
                "1000120": 1917,
                "progres": {
                    "total": 15,
                    "persen": 100.0,
                    "progres": 15
                },
                "status_progress": true
            },
            "110421": {
                "psu": "Reguler",
                "1000116": 1233,
                "1000117": 106,
                "1000118": 242,
                "1000119": 978,
                "1000120": 2414,
                "progres": {
                    "total": 19,
                    "persen": 100.0,
                    "progres": 19
                },
                "status_progress": true
            }
        }
    },
    "psu": "Reguler",
    "progres": {
        "total": 408,
        "progres": 400
    },
    "ts": "2024-11-28 02:00:00"
}