{
    "mode": "hhcw",
    "tungsura": {
        "chart": {
            "1000121": 64878,
            "1000122": 52633,
            "progres": {
                "total": 424,
                "persen": 98.35,
                "progres": 417
            }
        },
        "table": {
            "110501": {
                "psu": "Reguler",
                "1000121": 15201,
                "1000122": 16166,
                "progres": {
                    "total": 85,
                    "persen": 96.47,
                    "progres": 82
                },
                "status_progress": true
            },
            "110502": {
                "psu": "Reguler",
                "1000121": 6696,
                "1000122": 7126,
                "progres": {
                    "total": 47,
                    "persen": 100.0,
                    "progres": 47
                },
                "status_progress": true
            },
            "110503": {
                "psu": "Reguler",
                "1000121": 2452,
                "1000122": 373,
                "progres": {
                    "total": 18,
                    "persen": 94.44,
                    "progres": 17
                },
                "status_progress": true
            },
            "110504": {
                "psu": "Reguler",
                "1000121": 5897,
                "1000122": 3208,
                "progres": {
                    "total": 44,
                    "persen": 97.73,
                    "progres": 43
                },
                "status_progress": true
            },
            "110505": {
                "psu": "Reguler",
                "1000121": 5311,
                "1000122": 5114,
                "progres": {
                    "total": 37,
                    "persen": 100.0,
                    "progres": 37
                },
                "status_progress": true
            },
            "110506": {
                "psu": "Reguler",
                "1000121": 2295,
                "1000122": 2289,
                "progres": {
                    "total": 17,
                    "persen": 100.0,
                    "progres": 17
                },
                "status_progress": true
            },
            "110507": {
                "psu": "Reguler",
                "1000121": 5029,
                "1000122": 2351,
                "progres": {
                    "total": 30,
                    "persen": 96.67,
                    "progres": 29
                },
                "status_progress": true
            },
            "110508": {
                "psu": "Reguler",
                "1000121": 3843,
                "1000122": 3639,
                "progres": {
                    "total": 27,
                    "persen": 100.0,
                    "progres": 27
                },
                "status_progress": true
            },
            "110509": {
                "psu": "Reguler",
                "1000121": 8798,
                "1000122": 8526,
                "progres": {
                    "total": 49,
                    "persen": 100.0,
                    "progres": 49
                },
                "status_progress": true
            },
            "110510": {
                "psu": "Reguler",
                "1000121": 3401,
                "1000122": 1931,
                "progres": {
                    "total": 24,
                    "persen": 100.0,
                    "progres": 24
                },
                "status_progress": true
            },
            "110511": {
                "psu": "Reguler",
                "1000121": 2700,
                "1000122": 873,
                "progres": {
                    "total": 26,
                    "persen": 100.0,
                    "progres": 26
                },
                "status_progress": true
            },
            "110512": {
                "psu": "Reguler",
                "1000121": 3255,
                "1000122": 1037,
                "progres": {
                    "total": 20,
                    "persen": 95.0,
                    "progres": 19
                },
                "status_progress": true
            }
        }
    },
    "psu": "Reguler",
    "progres": {
        "total": 424,
        "progres": 417
    },
    "ts": "2024-11-28 01:15:00"
}