{
    "mode": "hhcw",
    "tungsura": {
        "chart": {
            "1000176": 8803,
            "1000177": 28368,
            "1000178": 18139,
            "1000179": 1492,
            "1000180": 12814,
            "progres": {
                "total": 246,
                "persen": 89.43,
                "progres": 220
            }
        },
        "table": {
            "117401": {
                "psu": "Reguler",
                "1000176": 743,
                "1000177": 3327,
                "1000178": 2431,
                "1000179": 297,
                "1000180": 1016,
                "progres": {
                    "total": 27,
                    "persen": 96.3,
                    "progres": 26
                },
                "status_progress": true
            },
            "117402": {
                "psu": "Reguler",
                "1000176": 2158,
                "1000177": 4762,
                "1000178": 4805,
                "1000179": 396,
                "1000180": 3210,
                "progres": {
                    "total": 49,
                    "persen": 95.92,
                    "progres": 47
                },
                "status_progress": true
            },
            "117403": {
                "psu": "Reguler",
                "1000176": 1765,
                "1000177": 4885,
                "1000178": 2748,
                "1000179": 253,
                "1000180": 2682,
                "progres": {
                    "total": 53,
                    "persen": 77.36,
                    "progres": 41
                },
                "status_progress": true
            },
            "117404": {
                "psu": "Reguler",
                "1000176": 1627,
                "1000177": 6989,
                "1000178": 3119,
                "1000179": 285,
                "1000180": 3135,
                "progres": {
                    "total": 47,
                    "persen": 100.0,
                    "progres": 47
                },
                "status_progress": true
            },
            "117405": {
                "psu": "Reguler",
                "1000176": 2510,
                "1000177": 8405,
                "1000178": 5036,
                "1000179": 261,
                "1000180": 2771,
                "progres": {
                    "total": 70,
                    "persen": 84.29,
                    "progres": 59
                },
                "status_progress": true
            }
        }
    },
    "psu": "Reguler",
    "progres": {
        "total": 246,
        "progres": 220
    },
    "ts": "2024-11-28 09:00:00"
}