{
    "mode": "hhcw",
    "tungsura": {
        "chart": {
            "1000003": 3427955,
            "1000004": 1885916,
            "progres": {
                "total": 25223,
                "persen": 95.33,
                "progres": 24046
            }
        },
        "table": {
            "1201": {
                "psu": "Reguler",
                "1000003": 94298,
                "1000004": 63821,
                "progres": {
                    "total": 620,
                    "persen": 99.84,
                    "progres": 619
                },
                "status_progress": true
            },
            "1202": {
                "psu": "Reguler",
                "1000003": 128194,
                "1000004": 28808,
                "progres": {
                    "total": 640,
                    "persen": 97.34,
                    "progres": 623
                },
                "status_progress": true
            },
            "1203": {
                "psu": "Reguler",
                "1000003": 99032,
                "1000004": 45596,
                "progres": {
                    "total": 671,
                    "persen": 93.14,
                    "progres": 625
                },
                "status_progress": true
            },
            "1204": {
                "psu": "Reguler",
                "1000003": 41764,
                "1000004": 10274,
                "progres": {
                    "total": 338,
                    "persen": 94.08,
                    "progres": 318
                },
                "status_progress": true
            },
            "1205": {
                "psu": "Reguler",
                "1000003": 240997,
                "1000004": 146087,
                "progres": {
                    "total": 1658,
                    "persen": 99.76,
                    "progres": 1654
                },
                "status_progress": true
            },
            "1206": {
                "psu": "Reguler",
                "1000003": 150876,
                "1000004": 57278,
                "progres": {
                    "total": 673,
                    "persen": 97.62,
                    "progres": 657
                },
                "status_progress": true
            },
            "1207": {
                "psu": "Reguler",
                "1000003": 207910,
                "1000004": 186482,
                "progres": {
                    "total": 2780,
                    "persen": 94.42,
                    "progres": 2625
                },
                "status_progress": true
            },
            "1208": {
                "psu": "Reguler",
                "1000003": 270422,
                "1000004": 144496,
                "progres": {
                    "total": 2007,
                    "persen": 97.21,
                    "progres": 1951
                },
                "status_progress": true
            },
            "1209": {
                "psu": "Reguler",
                "1000003": 144769,
                "1000004": 88537,
                "progres": {
                    "total": 1385,
                    "persen": 97.33,
                    "progres": 1348
                },
                "status_progress": true
            },
            "1210": {
                "psu": "Reguler",
                "1000003": 108541,
                "1000004": 94899,
                "progres": {
                    "total": 708,
                    "persen": 93.22,
                    "progres": 660
                },
                "status_progress": true
            },
            "1211": {
                "psu": "Reguler",
                "1000003": 107419,
                "1000004": 41247,
                "progres": {
                    "total": 538,
                    "persen": 98.14,
                    "progres": 528
                },
                "status_progress": true
            },
            "1212": {
                "psu": "Reguler",
                "1000003": 83397,
                "1000004": 18356,
                "progres": {
                    "total": 449,
                    "persen": 94.65,
                    "progres": 425
                },
                "status_progress": true
            },
            "1213": {
                "psu": "Reguler",
                "1000003": 76482,
                "1000004": 107371,
                "progres": {
                    "total": 801,
                    "persen": 97.38,
                    "progres": 780
                },
                "status_progress": true
            },
            "1214": {
                "psu": "Reguler",
                "1000003": 62042,
                "1000004": 14984,
                "progres": {
                    "total": 685,
                    "persen": 66.28,
                    "progres": 454
                },
                "status_progress": true
            },
            "1215": {
                "psu": "Reguler",
                "1000003": 14340,
                "1000004": 10497,
                "progres": {
                    "total": 105,
                    "persen": 100.0,
                    "progres": 105
                },
                "status_progress": true
            },
            "1216": {
                "psu": "Reguler",
                "1000003": 80808,
                "1000004": 20584,
                "progres": {
                    "total": 353,
                    "persen": 95.75,
                    "progres": 338
                },
                "status_progress": true
            },
            "1217": {
                "psu": "Reguler",
                "1000003": 55006,
                "1000004": 20518,
                "progres": {
                    "total": 343,
                    "persen": 96.5,
                    "progres": 331
                },
                "status_progress": true
            },
            "1218": {
                "psu": "Reguler",
                "1000003": 221514,
                "1000004": 56879,
                "progres": {
                    "total": 1284,
                    "persen": 99.61,
                    "progres": 1279
                },
                "status_progress": true
            },
            "1219": {
                "psu": "Reguler",
                "1000003": 108454,
                "1000004": 70296,
                "progres": {
                    "total": 794,
                    "persen": 94.21,
                    "progres": 748
                },
                "status_progress": true
            },
            "1220": {
                "psu": "Reguler",
                "1000003": 65043,
                "1000004": 45561,
                "progres": {
                    "total": 571,
                    "persen": 83.01,
                    "progres": 474
                },
                "status_progress": true
            },
            "1221": {
                "psu": "Reguler",
                "1000003": 101496,
                "1000004": 38653,
                "progres": {
                    "total": 489,
                    "persen": 98.98,
                    "progres": 484
                },
                "status_progress": true
            },
            "1222": {
                "psu": "Reguler",
                "1000003": 84219,
                "1000004": 68872,
                "progres": {
                    "total": 617,
                    "persen": 94.81,
                    "progres": 585
                },
                "status_progress": true
            },
            "1223": {
                "psu": "Reguler",
                "1000003": 139734,
                "1000004": 33579,
                "progres": {
                    "total": 748,
                    "persen": 98.93,
                    "progres": 740
                },
                "status_progress": true
            },
            "1224": {
                "psu": "Reguler",
                "1000003": 45399,
                "1000004": 9731,
                "progres": {
                    "total": 285,
                    "persen": 96.84,
                    "progres": 276
                },
                "status_progress": true
            },
            "1225": {
                "psu": "Reguler",
                "1000003": 27251,
                "1000004": 7190,
                "progres": {
                    "total": 193,
                    "persen": 91.71,
                    "progres": 177
                },
                "status_progress": true
            },
            "1271": {
                "psu": "Reguler",
                "1000003": 338045,
                "1000004": 193724,
                "progres": {
                    "total": 3326,
                    "persen": 93.57,
                    "progres": 3112
                },
                "status_progress": true
            },
            "1272": {
                "psu": "Reguler",
                "1000003": 78709,
                "1000004": 35809,
                "progres": {
                    "total": 411,
                    "persen": 100.0,
                    "progres": 411
                },
                "status_progress": true
            },
            "1273": {
                "psu": "Reguler",
                "1000003": 30869,
                "1000004": 18675,
                "progres": {
                    "total": 137,
                    "persen": 100.0,
                    "progres": 137
                },
                "status_progress": true
            },
            "1274": {
                "psu": "Reguler",
                "1000003": 29063,
                "1000004": 44813,
                "progres": {
                    "total": 316,
                    "persen": 100.0,
                    "progres": 316
                },
                "status_progress": true
            },
            "1275": {
                "psu": "Reguler",
                "1000003": 48450,
                "1000004": 60586,
                "progres": {
                    "total": 397,
                    "persen": 94.71,
                    "progres": 376
                },
                "status_progress": true
            },
            "1276": {
                "psu": "Reguler",
                "1000003": 37605,
                "1000004": 37446,
                "progres": {
                    "total": 271,
                    "persen": 99.63,
                    "progres": 270
                },
                "status_progress": true
            },
            "1277": {
                "psu": "Reguler",
                "1000003": 52312,
                "1000004": 51700,
                "progres": {
                    "total": 371,
                    "persen": 97.84,
                    "progres": 363
                },
                "status_progress": true
            },
            "1278": {
                "psu": "Reguler",
                "1000003": 53495,
                "1000004": 12567,
                "progres": {
                    "total": 259,
                    "persen": 99.23,
                    "progres": 257
                },
                "status_progress": true
            }
        }
    },
    "psu": "Reguler",
    "progres": {
        "total": 25223,
        "progres": 24046
    },
    "ts": "2024-11-28 09:00:00"
}