{
    "mode": "hhcw",
    "tungsura": {
        "chart": {
            "1000005": 1749173,
            "1000006": 517775,
            "progres": {
                "total": 10846,
                "persen": 99.38,
                "progres": 10779
            }
        },
        "table": {
            "1301": {
                "psu": "Reguler",
                "1000005": 150186,
                "1000006": 68530,
                "progres": {
                    "total": 1042,
                    "persen": 99.71,
                    "progres": 1039
                },
                "status_progress": true
            },
            "1302": {
                "psu": "Reguler",
                "1000005": 122450,
                "1000006": 41982,
                "progres": {
                    "total": 909,
                    "persen": 100.0,
                    "progres": 909
                },
                "status_progress": true
            },
            "1303": {
                "psu": "Reguler",
                "1000005": 74280,
                "1000006": 28834,
                "progres": {
                    "total": 445,
                    "persen": 97.98,
                    "progres": 436
                },
                "status_progress": true
            },
            "1304": {
                "psu": "Reguler",
                "1000005": 122232,
                "1000006": 39609,
                "progres": {
                    "total": 845,
                    "persen": 100.0,
                    "progres": 845
                },
                "status_progress": true
            },
            "1305": {
                "psu": "Reguler",
                "1000005": 114924,
                "1000006": 41046,
                "progres": {
                    "total": 845,
                    "persen": 100.0,
                    "progres": 845
                },
                "status_progress": true
            },
            "1306": {
                "psu": "Reguler",
                "1000005": 153649,
                "1000006": 32059,
                "progres": {
                    "total": 1211,
                    "persen": 99.92,
                    "progres": 1210
                },
                "status_progress": true
            },
            "1307": {
                "psu": "Reguler",
                "1000005": 118329,
                "1000006": 34408,
                "progres": {
                    "total": 637,
                    "persen": 100.0,
                    "progres": 637
                },
                "status_progress": true
            },
            "1308": {
                "psu": "Reguler",
                "1000005": 104244,
                "1000006": 37229,
                "progres": {
                    "total": 605,
                    "persen": 99.83,
                    "progres": 604
                },
                "status_progress": true
            },
            "1309": {
                "psu": "Reguler",
                "1000005": 25881,
                "1000006": 12237,
                "progres": {
                    "total": 261,
                    "persen": 87.36,
                    "progres": 228
                },
                "status_progress": true
            },
            "1310": {
                "psu": "Reguler",
                "1000005": 66975,
                "1000006": 24775,
                "progres": {
                    "total": 416,
                    "persen": 98.32,
                    "progres": 409
                },
                "status_progress": true
            },
            "1311": {
                "psu": "Reguler",
                "1000005": 63300,
                "1000006": 18657,
                "progres": {
                    "total": 356,
                    "persen": 100.0,
                    "progres": 356
                },
                "status_progress": true
            },
            "1312": {
                "psu": "Reguler",
                "1000005": 135037,
                "1000006": 44587,
                "progres": {
                    "total": 893,
                    "persen": 99.44,
                    "progres": 888
                },
                "status_progress": true
            },
            "1371": {
                "psu": "Reguler",
                "1000005": 265841,
                "1000006": 51430,
                "progres": {
                    "total": 1487,
                    "persen": 99.66,
                    "progres": 1482
                },
                "status_progress": true
            },
            "1372": {
                "psu": "Reguler",
                "1000005": 30477,
                "1000006": 6796,
                "progres": {
                    "total": 118,
                    "persen": 99.15,
                    "progres": 117
                },
                "status_progress": true
            },
            "1373": {
                "psu": "Reguler",
                "1000005": 32783,
                "1000006": 5784,
                "progres": {
                    "total": 111,
                    "persen": 100.0,
                    "progres": 111
                },
                "status_progress": true
            },
            "1374": {
                "psu": "Reguler",
                "1000005": 24556,
                "1000006": 4520,
                "progres": {
                    "total": 96,
                    "persen": 100.0,
                    "progres": 96
                },
                "status_progress": true
            },
            "1375": {
                "psu": "Reguler",
                "1000005": 54074,
                "1000006": 6370,
                "progres": {
                    "total": 206,
                    "persen": 100.0,
                    "progres": 206
                },
                "status_progress": true
            },
            "1376": {
                "psu": "Reguler",
                "1000005": 49130,
                "1000006": 11124,
                "progres": {
                    "total": 200,
                    "persen": 100.0,
                    "progres": 200
                },
                "status_progress": true
            },
            "1377": {
                "psu": "Reguler",
                "1000005": 40825,
                "1000006": 7798,
                "progres": {
                    "total": 163,
                    "persen": 98.77,
                    "progres": 161
                },
                "status_progress": true
            }
        }
    },
    "psu": "Reguler",
    "progres": {
        "total": 10846,
        "progres": 10779
    },
    "ts": "2024-11-28 09:00:00"
}