{
    "mode": "hhcw",
    "tungsura": {
        "chart": {
            "1000007": 1193791,
            "1000008": 851391,
            "1000009": 644640,
            "progres": {
                "total": 11480,
                "persen": 97.44,
                "progres": 11186
            }
        },
        "table": {
            "1401": {
                "psu": "Reguler",
                "1000007": 102409,
                "1000008": 143694,
                "1000009": 91809,
                "progres": {
                    "total": 1280,
                    "persen": 95.86,
                    "progres": 1227
                },
                "status_progress": true
            },
            "1402": {
                "psu": "Reguler",
                "1000007": 97184,
                "1000008": 53331,
                "1000009": 31557,
                "progres": {
                    "total": 853,
                    "persen": 97.89,
                    "progres": 835
                },
                "status_progress": true
            },
            "1403": {
                "psu": "Reguler",
                "1000007": 127566,
                "1000008": 87057,
                "1000009": 51840,
                "progres": {
                    "total": 1154,
                    "persen": 98.61,
                    "progres": 1138
                },
                "status_progress": true
            },
            "1404": {
                "psu": "Reguler",
                "1000007": 136235,
                "1000008": 92803,
                "1000009": 38289,
                "progres": {
                    "total": 1558,
                    "persen": 96.47,
                    "progres": 1503
                },
                "status_progress": true
            },
            "1405": {
                "psu": "Reguler",
                "1000007": 75636,
                "1000008": 46564,
                "1000009": 37557,
                "progres": {
                    "total": 618,
                    "persen": 100.0,
                    "progres": 618
                },
                "status_progress": true
            },
            "1406": {
                "psu": "Reguler",
                "1000007": 88206,
                "1000008": 113037,
                "1000009": 51473,
                "progres": {
                    "total": 1151,
                    "persen": 95.74,
                    "progres": 1102
                },
                "status_progress": true
            },
            "1407": {
                "psu": "Reguler",
                "1000007": 122221,
                "1000008": 88148,
                "1000009": 74482,
                "progres": {
                    "total": 1147,
                    "persen": 97.04,
                    "progres": 1113
                },
                "status_progress": true
            },
            "1408": {
                "psu": "Reguler",
                "1000007": 63081,
                "1000008": 43261,
                "1000009": 88805,
                "progres": {
                    "total": 829,
                    "persen": 97.95,
                    "progres": 812
                },
                "status_progress": true
            },
            "1409": {
                "psu": "Reguler",
                "1000007": 102860,
                "1000008": 44403,
                "1000009": 35796,
                "progres": {
                    "total": 608,
                    "persen": 96.88,
                    "progres": 589
                },
                "status_progress": true
            },
            "1410": {
                "psu": "Reguler",
                "1000007": 40288,
                "1000008": 17573,
                "1000009": 27704,
                "progres": {
                    "total": 368,
                    "persen": 99.18,
                    "progres": 365
                },
                "status_progress": true
            },
            "1471": {
                "psu": "Reguler",
                "1000007": 177705,
                "1000008": 88621,
                "1000009": 78254,
                "progres": {
                    "total": 1389,
                    "persen": 99.42,
                    "progres": 1381
                },
                "status_progress": true
            },
            "1472": {
                "psu": "Reguler",
                "1000007": 60400,
                "1000008": 32899,
                "1000009": 37074,
                "progres": {
                    "total": 525,
                    "persen": 95.81,
                    "progres": 503
                },
                "status_progress": true
            }
        }
    },
    "psu": "Reguler",
    "progres": {
        "total": 11480,
        "progres": 11186
    },
    "ts": "2024-11-28 09:00:00"
}