{
    "mode": "hhcw",
    "tungsura": {
        "chart": {
            "1000010": 695557,
            "1000011": 1087001,
            "progres": {
                "total": 6391,
                "persen": 99.61,
                "progres": 6366
            }
        },
        "table": {
            "1501": {
                "psu": "Reguler",
                "1000010": 62408,
                "1000011": 81743,
                "progres": {
                    "total": 483,
                    "persen": 100.0,
                    "progres": 483
                },
                "status_progress": true
            },
            "1502": {
                "psu": "Reguler",
                "1000010": 49580,
                "1000011": 138948,
                "progres": {
                    "total": 634,
                    "persen": 99.84,
                    "progres": 633
                },
                "status_progress": true
            },
            "1503": {
                "psu": "Reguler",
                "1000010": 40114,
                "1000011": 108317,
                "progres": {
                    "total": 544,
                    "persen": 99.08,
                    "progres": 539
                },
                "status_progress": true
            },
            "1504": {
                "psu": "Reguler",
                "1000010": 49725,
                "1000011": 87950,
                "progres": {
                    "total": 540,
                    "persen": 99.81,
                    "progres": 539
                },
                "status_progress": true
            },
            "1505": {
                "psu": "Reguler",
                "1000010": 88892,
                "1000011": 127842,
                "progres": {
                    "total": 796,
                    "persen": 100.0,
                    "progres": 796
                },
                "status_progress": true
            },
            "1506": {
                "psu": "Reguler",
                "1000010": 58042,
                "1000011": 98936,
                "progres": {
                    "total": 592,
                    "persen": 99.83,
                    "progres": 591
                },
                "status_progress": true
            },
            "1507": {
                "psu": "Reguler",
                "1000010": 80169,
                "1000011": 52713,
                "progres": {
                    "total": 507,
                    "persen": 99.01,
                    "progres": 502
                },
                "status_progress": true
            },
            "1508": {
                "psu": "Reguler",
                "1000010": 67902,
                "1000011": 112642,
                "progres": {
                    "total": 627,
                    "persen": 99.52,
                    "progres": 624
                },
                "status_progress": true
            },
            "1509": {
                "psu": "Reguler",
                "1000010": 58400,
                "1000011": 109898,
                "progres": {
                    "total": 569,
                    "persen": 100.0,
                    "progres": 569
                },
                "status_progress": true
            },
            "1571": {
                "psu": "Reguler",
                "1000010": 122150,
                "1000011": 136889,
                "progres": {
                    "total": 943,
                    "persen": 100.0,
                    "progres": 943
                },
                "status_progress": true
            },
            "1572": {
                "psu": "Reguler",
                "1000010": 18175,
                "1000011": 31123,
                "progres": {
                    "total": 156,
                    "persen": 94.23,
                    "progres": 147
                },
                "status_progress": true
            }
        }
    },
    "psu": "Reguler",
    "progres": {
        "total": 6391,
        "progres": 6366
    },
    "ts": "2024-11-28 09:00:00"
}