{
    "mode": "hhcw",
    "tungsura": {
        "chart": {
            "1000012": 2168846,
            "1000013": 1061782,
            "1000014": 981947,
            "progres": {
                "total": 13206,
                "persen": 98.22,
                "progres": 12971
            }
        },
        "table": {
            "1601": {
                "psu": "Reguler",
                "1000012": 145550,
                "1000013": 24729,
                "1000014": 26778,
                "progres": {
                    "total": 565,
                    "persen": 98.94,
                    "progres": 559
                },
                "status_progress": true
            },
            "1602": {
                "psu": "Reguler",
                "1000012": 240855,
                "1000013": 63973,
                "1000014": 97920,
                "progres": {
                    "total": 1249,
                    "persen": 99.44,
                    "progres": 1242
                },
                "status_progress": true
            },
            "1603": {
                "psu": "Reguler",
                "1000012": 130432,
                "1000013": 68333,
                "1000014": 83010,
                "progres": {
                    "total": 954,
                    "persen": 99.48,
                    "progres": 949
                },
                "status_progress": true
            },
            "1604": {
                "psu": "Reguler",
                "1000012": 121847,
                "1000013": 45281,
                "1000014": 41099,
                "progres": {
                    "total": 754,
                    "persen": 89.92,
                    "progres": 678
                },
                "status_progress": true
            },
            "1605": {
                "psu": "Reguler",
                "1000012": 107682,
                "1000013": 61777,
                "1000014": 39762,
                "progres": {
                    "total": 638,
                    "persen": 98.59,
                    "progres": 629
                },
                "status_progress": true
            },
            "1606": {
                "psu": "Reguler",
                "1000012": 138182,
                "1000013": 111194,
                "1000014": 77163,
                "progres": {
                    "total": 1024,
                    "persen": 98.83,
                    "progres": 1012
                },
                "status_progress": true
            },
            "1607": {
                "psu": "Reguler",
                "1000012": 180599,
                "1000013": 105058,
                "1000014": 107689,
                "progres": {
                    "total": 1389,
                    "persen": 99.93,
                    "progres": 1388
                },
                "status_progress": true
            },
            "1608": {
                "psu": "Reguler",
                "1000012": 334081,
                "1000013": 24870,
                "1000014": 20268,
                "progres": {
                    "total": 1012,
                    "persen": 100.0,
                    "progres": 1012
                },
                "status_progress": true
            },
            "1609": {
                "psu": "Reguler",
                "1000012": 133973,
                "1000013": 36524,
                "1000014": 32927,
                "progres": {
                    "total": 688,
                    "persen": 96.08,
                    "progres": 661
                },
                "status_progress": true
            },
            "1610": {
                "psu": "Reguler",
                "1000012": 36987,
                "1000013": 24858,
                "1000014": 131772,
                "progres": {
                    "total": 667,
                    "persen": 100.0,
                    "progres": 667
                },
                "status_progress": true
            },
            "1611": {
                "psu": "Reguler",
                "1000012": 77377,
                "1000013": 39045,
                "1000014": 34286,
                "progres": {
                    "total": 531,
                    "persen": 89.27,
                    "progres": 474
                },
                "status_progress": true
            },
            "1612": {
                "psu": "Reguler",
                "1000012": 58772,
                "1000013": 23758,
                "1000014": 22588,
                "progres": {
                    "total": 292,
                    "persen": 100.0,
                    "progres": 292
                },
                "status_progress": true
            },
            "1613": {
                "psu": "Reguler",
                "1000012": 60944,
                "1000013": 20644,
                "1000014": 24156,
                "progres": {
                    "total": 316,
                    "persen": 100.0,
                    "progres": 316
                },
                "status_progress": true
            },
            "1671": {
                "psu": "Reguler",
                "1000012": 228796,
                "1000013": 333612,
                "1000014": 174983,
                "progres": {
                    "total": 2272,
                    "persen": 98.46,
                    "progres": 2237
                },
                "status_progress": true
            },
            "1672": {
                "psu": "Reguler",
                "1000012": 64692,
                "1000013": 10767,
                "1000014": 11835,
                "progres": {
                    "total": 248,
                    "persen": 100.0,
                    "progres": 248
                },
                "status_progress": true
            },
            "1673": {
                "psu": "Reguler",
                "1000012": 58304,
                "1000013": 36741,
                "1000014": 28633,
                "progres": {
                    "total": 326,
                    "persen": 100.0,
                    "progres": 326
                },
                "status_progress": true
            },
            "1674": {
                "psu": "Reguler",
                "1000012": 49773,
                "1000013": 30618,
                "1000014": 27078,
                "progres": {
                    "total": 281,
                    "persen": 100.0,
                    "progres": 281
                },
                "status_progress": true
            }
        }
    },
    "psu": "Reguler",
    "progres": {
        "total": 13206,
        "progres": 12971
    },
    "ts": "2024-11-28 09:00:00"
}