{
    "mode": "hhcw",
    "tungsura": {
        "chart": {
            "1000017": 691007,
            "1000018": 3299331,
            "progres": {
                "total": 13282,
                "persen": 99.95,
                "progres": 13275
            }
        },
        "table": {
            "1801": {
                "psu": "Reguler",
                "1000017": 77822,
                "1000018": 399233,
                "progres": {
                    "total": 1592,
                    "persen": 100.0,
                    "progres": 1592
                },
                "status_progress": true
            },
            "1802": {
                "psu": "Reguler",
                "1000017": 85130,
                "1000018": 492800,
                "progres": {
                    "total": 1998,
                    "persen": 100.0,
                    "progres": 1998
                },
                "status_progress": true
            },
            "1803": {
                "psu": "Reguler",
                "1000017": 46940,
                "1000018": 263311,
                "progres": {
                    "total": 1065,
                    "persen": 100.0,
                    "progres": 1065
                },
                "status_progress": true
            },
            "1804": {
                "psu": "Reguler",
                "1000017": 27910,
                "1000018": 116994,
                "progres": {
                    "total": 518,
                    "persen": 100.0,
                    "progres": 518
                },
                "status_progress": true
            },
            "1805": {
                "psu": "Reguler",
                "1000017": 29499,
                "1000018": 159116,
                "progres": {
                    "total": 670,
                    "persen": 100.0,
                    "progres": 670
                },
                "status_progress": true
            },
            "1806": {
                "psu": "Reguler",
                "1000017": 37275,
                "1000018": 264936,
                "progres": {
                    "total": 981,
                    "persen": 100.0,
                    "progres": 981
                },
                "status_progress": true
            },
            "1807": {
                "psu": "Reguler",
                "1000017": 101476,
                "1000018": 386739,
                "progres": {
                    "total": 1621,
                    "persen": 100.0,
                    "progres": 1621
                },
                "status_progress": true
            },
            "1808": {
                "psu": "Reguler",
                "1000017": 56519,
                "1000018": 183052,
                "progres": {
                    "total": 711,
                    "persen": 100.0,
                    "progres": 711
                },
                "status_progress": true
            },
            "1809": {
                "psu": "Reguler",
                "1000017": 62568,
                "1000018": 168545,
                "progres": {
                    "total": 760,
                    "persen": 100.0,
                    "progres": 760
                },
                "status_progress": true
            },
            "1810": {
                "psu": "Reguler",
                "1000017": 35744,
                "1000018": 179475,
                "progres": {
                    "total": 628,
                    "persen": 100.0,
                    "progres": 628
                },
                "status_progress": true
            },
            "1811": {
                "psu": "Reguler",
                "1000017": 11390,
                "1000018": 106470,
                "progres": {
                    "total": 346,
                    "persen": 98.55,
                    "progres": 341
                },
                "status_progress": true
            },
            "1812": {
                "psu": "Reguler",
                "1000017": 33238,
                "1000018": 114661,
                "progres": {
                    "total": 431,
                    "persen": 100.0,
                    "progres": 431
                },
                "status_progress": true
            },
            "1813": {
                "psu": "Reguler",
                "1000017": 19851,
                "1000018": 72006,
                "progres": {
                    "total": 293,
                    "persen": 99.66,
                    "progres": 292
                },
                "status_progress": true
            },
            "1871": {
                "psu": "Reguler",
                "1000017": 49646,
                "1000018": 322453,
                "progres": {
                    "total": 1433,
                    "persen": 99.93,
                    "progres": 1432
                },
                "status_progress": true
            },
            "1872": {
                "psu": "Reguler",
                "1000017": 15999,
                "1000018": 69540,
                "progres": {
                    "total": 235,
                    "persen": 100.0,
                    "progres": 235
                },
                "status_progress": true
            }
        }
    },
    "psu": "Reguler",
    "progres": {
        "total": 13282,
        "progres": 13275
    },
    "ts": "2024-11-28 08:00:00"
}