{
    "mode": "hhcw",
    "tungsura": {
        "chart": {
            "1000021": 448141,
            "1000022": 366458,
            "progres": {
                "total": 3327,
                "persen": 99.58,
                "progres": 3313
            }
        },
        "table": {
            "2101": {
                "psu": "Reguler",
                "1000021": 41049,
                "1000022": 31439,
                "progres": {
                    "total": 270,
                    "persen": 99.63,
                    "progres": 269
                },
                "status_progress": true
            },
            "2102": {
                "psu": "Reguler",
                "1000021": 49774,
                "1000022": 52899,
                "progres": {
                    "total": 426,
                    "persen": 100.0,
                    "progres": 426
                },
                "status_progress": true
            },
            "2103": {
                "psu": "Reguler",
                "1000021": 31742,
                "1000022": 13624,
                "progres": {
                    "total": 142,
                    "persen": 97.18,
                    "progres": 138
                },
                "status_progress": true
            },
            "2104": {
                "psu": "Reguler",
                "1000021": 35316,
                "1000022": 16767,
                "progres": {
                    "total": 233,
                    "persen": 99.57,
                    "progres": 232
                },
                "status_progress": true
            },
            "2105": {
                "psu": "Reguler",
                "1000021": 17515,
                "1000022": 9100,
                "progres": {
                    "total": 112,
                    "persen": 93.75,
                    "progres": 105
                },
                "status_progress": true
            },
            "2171": {
                "psu": "Reguler",
                "1000021": 217846,
                "1000022": 203734,
                "progres": {
                    "total": 1821,
                    "persen": 100.0,
                    "progres": 1821
                },
                "status_progress": true
            },
            "2172": {
                "psu": "Reguler",
                "1000021": 54899,
                "1000022": 38895,
                "progres": {
                    "total": 323,
                    "persen": 99.69,
                    "progres": 322
                },
                "status_progress": true
            }
        }
    },
    "psu": "Reguler",
    "progres": {
        "total": 3327,
        "progres": 3313
    },
    "ts": "2024-11-28 09:00:00"
}