{
    "mode": "hhcw",
    "tungsura": {
        "chart": {
            "1000026": 2159711,
            "1000027": 2073224,
            "1000028": 4138480,
            "1000029": 13830709,
            "progres": {
                "total": 73862,
                "persen": 98.9,
                "progres": 73046
            }
        },
        "table": {
            "3201": {
                "psu": "Reguler",
                "1000026": 240569,
                "1000027": 166988,
                "1000028": 371076,
                "1000029": 1304896,
                "progres": {
                    "total": 7908,
                    "persen": 98.01,
                    "progres": 7751
                },
                "status_progress": true
            },
            "3202": {
                "psu": "Reguler",
                "1000026": 112999,
                "1000027": 139225,
                "1000028": 161344,
                "1000029": 646044,
                "progres": {
                    "total": 4318,
                    "persen": 99.93,
                    "progres": 4315
                },
                "status_progress": true
            },
            "3203": {
                "psu": "Reguler",
                "1000026": 148547,
                "1000027": 93644,
                "1000028": 151062,
                "1000029": 657518,
                "progres": {
                    "total": 4054,
                    "persen": 98.99,
                    "progres": 4013
                },
                "status_progress": true
            },
            "3204": {
                "psu": "Reguler",
                "1000026": 160182,
                "1000027": 169548,
                "1000028": 262418,
                "1000029": 1254340,
                "progres": {
                    "total": 5859,
                    "persen": 99.98,
                    "progres": 5858
                },
                "status_progress": true
            },
            "3205": {
                "psu": "Reguler",
                "1000026": 205335,
                "1000027": 120305,
                "1000028": 181465,
                "1000029": 854809,
                "progres": {
                    "total": 4418,
                    "persen": 100.0,
                    "progres": 4418
                },
                "status_progress": true
            },
            "3206": {
                "psu": "Reguler",
                "1000026": 167017,
                "1000027": 61147,
                "1000028": 176682,
                "1000029": 527027,
                "progres": {
                    "total": 2847,
                    "persen": 99.61,
                    "progres": 2836
                },
                "status_progress": true
            },
            "3207": {
                "psu": "Reguler",
                "1000026": 56081,
                "1000027": 75095,
                "1000028": 151103,
                "1000029": 376105,
                "progres": {
                    "total": 2084,
                    "persen": 99.76,
                    "progres": 2079
                },
                "status_progress": true
            },
            "3208": {
                "psu": "Reguler",
                "1000026": 61319,
                "1000027": 53652,
                "1000028": 119369,
                "1000029": 320873,
                "progres": {
                    "total": 1927,
                    "persen": 99.9,
                    "progres": 1925
                },
                "status_progress": true
            },
            "3209": {
                "psu": "Reguler",
                "1000026": 91189,
                "1000027": 150609,
                "1000028": 172646,
                "1000029": 536148,
                "progres": {
                    "total": 3318,
                    "persen": 100.0,
                    "progres": 3318
                },
                "status_progress": true
            },
            "3210": {
                "psu": "Reguler",
                "1000026": 71397,
                "1000027": 68961,
                "1000028": 95497,
                "1000029": 483743,
                "progres": {
                    "total": 2111,
                    "persen": 99.05,
                    "progres": 2091
                },
                "status_progress": true
            },
            "3211": {
                "psu": "Reguler",
                "1000026": 50235,
                "1000027": 49103,
                "1000028": 72790,
                "1000029": 466299,
                "progres": {
                    "total": 2012,
                    "persen": 99.7,
                    "progres": 2006
                },
                "status_progress": true
            },
            "3212": {
                "psu": "Reguler",
                "1000026": 95000,
                "1000027": 126679,
                "1000028": 137605,
                "1000029": 497038,
                "progres": {
                    "total": 2780,
                    "persen": 97.99,
                    "progres": 2724
                },
                "status_progress": true
            },
            "3213": {
                "psu": "Reguler",
                "1000026": 51710,
                "1000027": 86186,
                "1000028": 55940,
                "1000029": 610563,
                "progres": {
                    "total": 2652,
                    "persen": 99.62,
                    "progres": 2642
                },
                "status_progress": true
            },
            "3214": {
                "psu": "Reguler",
                "1000026": 27013,
                "1000027": 25226,
                "1000028": 80863,
                "1000029": 382654,
                "progres": {
                    "total": 1462,
                    "persen": 99.32,
                    "progres": 1452
                },
                "status_progress": true
            },
            "3215": {
                "psu": "Reguler",
                "1000026": 108057,
                "1000027": 117067,
                "1000028": 107989,
                "1000029": 829564,
                "progres": {
                    "total": 3793,
                    "persen": 98.92,
                    "progres": 3752
                },
                "status_progress": true
            },
            "3216": {
                "psu": "Reguler",
                "1000026": 83235,
                "1000027": 121084,
                "1000028": 329024,
                "1000029": 762098,
                "progres": {
                    "total": 4236,
                    "persen": 94.1,
                    "progres": 3986
                },
                "status_progress": true
            },
            "3217": {
                "psu": "Reguler",
                "1000026": 55373,
                "1000027": 93954,
                "1000028": 126904,
                "1000029": 636179,
                "progres": {
                    "total": 2562,
                    "persen": 99.73,
                    "progres": 2555
                },
                "status_progress": true
            },
            "3218": {
                "psu": "Reguler",
                "1000026": 26728,
                "1000027": 57881,
                "1000028": 24253,
                "1000029": 140132,
                "progres": {
                    "total": 774,
                    "persen": 99.48,
                    "progres": 770
                },
                "status_progress": true
            },
            "3271": {
                "psu": "Reguler",
                "1000026": 35636,
                "1000027": 36928,
                "1000028": 146031,
                "1000029": 275998,
                "progres": {
                    "total": 1530,
                    "persen": 99.28,
                    "progres": 1519
                },
                "status_progress": true
            },
            "3272": {
                "psu": "Reguler",
                "1000026": 10140,
                "1000027": 12619,
                "1000028": 40539,
                "1000029": 111361,
                "progres": {
                    "total": 551,
                    "persen": 100.0,
                    "progres": 551
                },
                "status_progress": true
            },
            "3273": {
                "psu": "Reguler",
                "1000026": 53671,
                "1000027": 64159,
                "1000028": 371960,
                "1000029": 698232,
                "progres": {
                    "total": 3590,
                    "persen": 100.0,
                    "progres": 3590
                },
                "status_progress": true
            },
            "3274": {
                "psu": "Reguler",
                "1000026": 13463,
                "1000027": 11721,
                "1000028": 40420,
                "1000029": 90142,
                "progres": {
                    "total": 547,
                    "persen": 98.35,
                    "progres": 538
                },
                "status_progress": true
            },
            "3275": {
                "psu": "Reguler",
                "1000026": 63263,
                "1000027": 60815,
                "1000028": 341418,
                "1000029": 450806,
                "progres": {
                    "total": 3673,
                    "persen": 97.33,
                    "progres": 3575
                },
                "status_progress": true
            },
            "3276": {
                "psu": "Reguler",
                "1000026": 90869,
                "1000027": 70770,
                "1000028": 236858,
                "1000029": 430398,
                "progres": {
                    "total": 2763,
                    "persen": 98.23,
                    "progres": 2714
                },
                "status_progress": true
            },
            "3277": {
                "psu": "Reguler",
                "1000026": 17002,
                "1000027": 15001,
                "1000028": 87114,
                "1000029": 168790,
                "progres": {
                    "total": 823,
                    "persen": 98.06,
                    "progres": 807
                },
                "status_progress": true
            },
            "3278": {
                "psu": "Reguler",
                "1000026": 55052,
                "1000027": 18498,
                "1000028": 76869,
                "1000029": 250891,
                "progres": {
                    "total": 985,
                    "persen": 99.9,
                    "progres": 984
                },
                "status_progress": true
            },
            "3279": {
                "psu": "Reguler",
                "1000026": 8629,
                "1000027": 6359,
                "1000028": 19241,
                "1000029": 68061,
                "progres": {
                    "total": 285,
                    "persen": 97.19,
                    "progres": 277
                },
                "status_progress": true
            }
        }
    },
    "psu": "Reguler",
    "progres": {
        "total": 73862,
        "progres": 73046
    },
    "ts": "2024-11-28 09:00:00"
}