{
    "mode": "hhcw",
    "tungsura": {
        "chart": {
            "1000042": 806905,
            "1000043": 914668,
            "1000044": 720747,
            "progres": {
                "total": 9877,
                "persen": 90.84,
                "progres": 8972
            }
        },
        "table": {
            "5301": {
                "psu": "Reguler",
                "1000042": 20122,
                "1000043": 47475,
                "1000044": 89518,
                "progres": {
                    "total": 612,
                    "persen": 90.85,
                    "progres": 556
                },
                "status_progress": true
            },
            "5302": {
                "psu": "Reguler",
                "1000042": 13936,
                "1000043": 23474,
                "1000044": 133622,
                "progres": {
                    "total": 770,
                    "persen": 77.92,
                    "progres": 600
                },
                "status_progress": true
            },
            "5303": {
                "psu": "Reguler",
                "1000042": 36468,
                "1000043": 35178,
                "1000044": 47698,
                "progres": {
                    "total": 445,
                    "persen": 92.58,
                    "progres": 412
                },
                "status_progress": true
            },
            "5304": {
                "psu": "Reguler",
                "1000042": 41229,
                "1000043": 35200,
                "1000044": 23061,
                "progres": {
                    "total": 374,
                    "persen": 98.93,
                    "progres": 370
                },
                "status_progress": true
            },
            "5305": {
                "psu": "Reguler",
                "1000042": 12911,
                "1000043": 69626,
                "1000044": 15430,
                "progres": {
                    "total": 510,
                    "persen": 79.02,
                    "progres": 403
                },
                "status_progress": true
            },
            "5306": {
                "psu": "Reguler",
                "1000042": 42881,
                "1000043": 58795,
                "1000044": 18533,
                "progres": {
                    "total": 487,
                    "persen": 96.92,
                    "progres": 472
                },
                "status_progress": true
            },
            "5307": {
                "psu": "Reguler",
                "1000042": 73964,
                "1000043": 65616,
                "1000044": 13739,
                "progres": {
                    "total": 557,
                    "persen": 90.84,
                    "progres": 506
                },
                "status_progress": true
            },
            "5308": {
                "psu": "Reguler",
                "1000042": 63002,
                "1000043": 68275,
                "1000044": 8760,
                "progres": {
                    "total": 637,
                    "persen": 94.19,
                    "progres": 600
                },
                "status_progress": true
            },
            "5309": {
                "psu": "Reguler",
                "1000042": 40254,
                "1000043": 30602,
                "1000044": 14214,
                "progres": {
                    "total": 330,
                    "persen": 97.88,
                    "progres": 323
                },
                "status_progress": true
            },
            "5310": {
                "psu": "Reguler",
                "1000042": 59725,
                "1000043": 44973,
                "1000044": 52683,
                "progres": {
                    "total": 636,
                    "persen": 94.65,
                    "progres": 602
                },
                "status_progress": true
            },
            "5311": {
                "psu": "Reguler",
                "1000042": 65107,
                "1000043": 54432,
                "1000044": 18218,
                "progres": {
                    "total": 507,
                    "persen": 95.46,
                    "progres": 484
                },
                "status_progress": true
            },
            "5312": {
                "psu": "Reguler",
                "1000042": 17969,
                "1000043": 25241,
                "1000044": 13770,
                "progres": {
                    "total": 240,
                    "persen": 89.17,
                    "progres": 214
                },
                "status_progress": true
            },
            "5313": {
                "psu": "Reguler",
                "1000042": 31007,
                "1000043": 28418,
                "1000044": 8382,
                "progres": {
                    "total": 267,
                    "persen": 94.38,
                    "progres": 252
                },
                "status_progress": true
            },
            "5314": {
                "psu": "Reguler",
                "1000042": 18278,
                "1000043": 25137,
                "1000044": 24706,
                "progres": {
                    "total": 273,
                    "persen": 90.11,
                    "progres": 246
                },
                "status_progress": true
            },
            "5315": {
                "psu": "Reguler",
                "1000042": 51647,
                "1000043": 44003,
                "1000044": 34456,
                "progres": {
                    "total": 587,
                    "persen": 91.48,
                    "progres": 537
                },
                "status_progress": true
            },
            "5316": {
                "psu": "Reguler",
                "1000042": 43523,
                "1000043": 26456,
                "1000044": 10033,
                "progres": {
                    "total": 308,
                    "persen": 97.08,
                    "progres": 299
                },
                "status_progress": true
            },
            "5317": {
                "psu": "Reguler",
                "1000042": 12105,
                "1000043": 12417,
                "1000044": 11690,
                "progres": {
                    "total": 156,
                    "persen": 88.46,
                    "progres": 138
                },
                "status_progress": true
            },
            "5318": {
                "psu": "Reguler",
                "1000042": 32657,
                "1000043": 53185,
                "1000044": 34693,
                "progres": {
                    "total": 506,
                    "persen": 80.43,
                    "progres": 407
                },
                "status_progress": true
            },
            "5319": {
                "psu": "Reguler",
                "1000042": 51799,
                "1000043": 45949,
                "1000044": 24222,
                "progres": {
                    "total": 596,
                    "persen": 84.56,
                    "progres": 504
                },
                "status_progress": true
            },
            "5320": {
                "psu": "Reguler",
                "1000042": 14149,
                "1000043": 18836,
                "1000044": 12424,
                "progres": {
                    "total": 190,
                    "persen": 100.0,
                    "progres": 190
                },
                "status_progress": true
            },
            "5321": {
                "psu": "Reguler",
                "1000042": 28981,
                "1000043": 35827,
                "1000044": 29358,
                "progres": {
                    "total": 337,
                    "persen": 95.85,
                    "progres": 323
                },
                "status_progress": true
            },
            "5371": {
                "psu": "Reguler",
                "1000042": 35191,
                "1000043": 65553,
                "1000044": 81537,
                "progres": {
                    "total": 552,
                    "persen": 96.74,
                    "progres": 534
                },
                "status_progress": true
            }
        }
    },
    "psu": "Reguler",
    "progres": {
        "total": 9877,
        "progres": 8972
    },
    "ts": "2024-11-28 09:00:00"
}