{
    "mode": "hhcw",
    "tungsura": {
        "chart": {
            "1000045": 935509,
            "1000046": 1307437,
            "1000047": 247238,
            "progres": {
                "total": 10451,
                "persen": 95.98,
                "progres": 10031
            }
        },
        "table": {
            "6101": {
                "psu": "Reguler",
                "1000045": 153910,
                "1000046": 114470,
                "1000047": 18011,
                "progres": {
                    "total": 1007,
                    "persen": 99.8,
                    "progres": 1005
                },
                "status_progress": true
            },
            "6102": {
                "psu": "Reguler",
                "1000045": 47587,
                "1000046": 60093,
                "1000047": 9884,
                "progres": {
                    "total": 476,
                    "persen": 100.0,
                    "progres": 476
                },
                "status_progress": true
            },
            "6103": {
                "psu": "Reguler",
                "1000045": 66750,
                "1000046": 141224,
                "1000047": 25141,
                "progres": {
                    "total": 1103,
                    "persen": 98.19,
                    "progres": 1083
                },
                "status_progress": true
            },
            "6104": {
                "psu": "Reguler",
                "1000045": 94220,
                "1000046": 113404,
                "1000047": 23993,
                "progres": {
                    "total": 981,
                    "persen": 94.8,
                    "progres": 930
                },
                "status_progress": true
            },
            "6105": {
                "psu": "Reguler",
                "1000045": 63519,
                "1000046": 149919,
                "1000047": 25344,
                "progres": {
                    "total": 1038,
                    "persen": 95.57,
                    "progres": 992
                },
                "status_progress": true
            },
            "6106": {
                "psu": "Reguler",
                "1000045": 56675,
                "1000046": 82212,
                "1000047": 5891,
                "progres": {
                    "total": 685,
                    "persen": 93.87,
                    "progres": 643
                },
                "status_progress": true
            },
            "6107": {
                "psu": "Reguler",
                "1000045": 32618,
                "1000046": 62458,
                "1000047": 11213,
                "progres": {
                    "total": 615,
                    "persen": 98.54,
                    "progres": 606
                },
                "status_progress": true
            },
            "6108": {
                "psu": "Reguler",
                "1000045": 44995,
                "1000046": 122202,
                "1000047": 33337,
                "progres": {
                    "total": 1003,
                    "persen": 90.43,
                    "progres": 907
                },
                "status_progress": true
            },
            "6109": {
                "psu": "Reguler",
                "1000045": 43362,
                "1000046": 55972,
                "1000047": 3915,
                "progres": {
                    "total": 489,
                    "persen": 84.46,
                    "progres": 413
                },
                "status_progress": true
            },
            "6110": {
                "psu": "Reguler",
                "1000045": 43268,
                "1000046": 70578,
                "1000047": 4404,
                "progres": {
                    "total": 527,
                    "persen": 88.24,
                    "progres": 465
                },
                "status_progress": true
            },
            "6111": {
                "psu": "Reguler",
                "1000045": 26277,
                "1000046": 25266,
                "1000047": 2991,
                "progres": {
                    "total": 206,
                    "persen": 100.0,
                    "progres": 206
                },
                "status_progress": true
            },
            "6112": {
                "psu": "Reguler",
                "1000045": 106450,
                "1000046": 142095,
                "1000047": 61164,
                "progres": {
                    "total": 1090,
                    "persen": 99.17,
                    "progres": 1081
                },
                "status_progress": true
            },
            "6171": {
                "psu": "Reguler",
                "1000045": 116928,
                "1000046": 118600,
                "1000047": 14847,
                "progres": {
                    "total": 904,
                    "persen": 99.23,
                    "progres": 897
                },
                "status_progress": true
            },
            "6172": {
                "psu": "Reguler",
                "1000045": 38950,
                "1000046": 48944,
                "1000047": 7103,
                "progres": {
                    "total": 327,
                    "persen": 100.0,
                    "progres": 327
                },
                "status_progress": true
            }
        }
    },
    "psu": "Reguler",
    "progres": {
        "total": 10451,
        "progres": 10031
    },
    "ts": "2024-11-28 09:00:00"
}