{
    "mode": "hhcw",
    "tungsura": {
        "chart": {
            "1000048": 272937,
            "1000049": 460447,
            "1000050": 476293,
            "1000051": 66718,
            "progres": {
                "total": 4446,
                "persen": 97.68,
                "progres": 4343
            }
        },
        "table": {
            "6201": {
                "psu": "Reguler",
                "1000048": 9731,
                "1000049": 47671,
                "1000050": 74231,
                "1000051": 7816,
                "progres": {
                    "total": 413,
                    "persen": 98.31,
                    "progres": 406
                },
                "status_progress": true
            },
            "6202": {
                "psu": "Reguler",
                "1000048": 17809,
                "1000049": 84230,
                "1000050": 85119,
                "1000051": 8673,
                "progres": {
                    "total": 667,
                    "persen": 96.7,
                    "progres": 645
                },
                "status_progress": true
            },
            "6203": {
                "psu": "Reguler",
                "1000048": 35791,
                "1000049": 69237,
                "1000050": 55020,
                "1000051": 10778,
                "progres": {
                    "total": 718,
                    "persen": 96.8,
                    "progres": 695
                },
                "status_progress": true
            },
            "6204": {
                "psu": "Reguler",
                "1000048": 11370,
                "1000049": 32716,
                "1000050": 20875,
                "1000051": 2556,
                "progres": {
                    "total": 234,
                    "persen": 97.44,
                    "progres": 228
                },
                "status_progress": true
            },
            "6205": {
                "psu": "Reguler",
                "1000048": 13990,
                "1000049": 50047,
                "1000050": 16401,
                "1000051": 1908,
                "progres": {
                    "total": 270,
                    "persen": 98.15,
                    "progres": 265
                },
                "status_progress": true
            },
            "6206": {
                "psu": "Reguler",
                "1000048": 20838,
                "1000049": 19191,
                "1000050": 33344,
                "1000051": 3498,
                "progres": {
                    "total": 308,
                    "persen": 95.13,
                    "progres": 293
                },
                "status_progress": true
            },
            "6207": {
                "psu": "Reguler",
                "1000048": 8339,
                "1000049": 21128,
                "1000050": 43173,
                "1000051": 2263,
                "progres": {
                    "total": 277,
                    "persen": 98.56,
                    "progres": 273
                },
                "status_progress": true
            },
            "6208": {
                "psu": "Reguler",
                "1000048": 4904,
                "1000049": 10233,
                "1000050": 16968,
                "1000051": 2336,
                "progres": {
                    "total": 98,
                    "persen": 100.0,
                    "progres": 98
                },
                "status_progress": true
            },
            "6209": {
                "psu": "Reguler",
                "1000048": 16446,
                "1000049": 15384,
                "1000050": 18809,
                "1000051": 3160,
                "progres": {
                    "total": 181,
                    "persen": 97.24,
                    "progres": 176
                },
                "status_progress": true
            },
            "6210": {
                "psu": "Reguler",
                "1000048": 32583,
                "1000049": 9870,
                "1000050": 14657,
                "1000051": 1546,
                "progres": {
                    "total": 219,
                    "persen": 99.54,
                    "progres": 218
                },
                "status_progress": true
            },
            "6211": {
                "psu": "Reguler",
                "1000048": 14623,
                "1000049": 24428,
                "1000050": 32258,
                "1000051": 2261,
                "progres": {
                    "total": 239,
                    "persen": 100.0,
                    "progres": 239
                },
                "status_progress": true
            },
            "6212": {
                "psu": "Reguler",
                "1000048": 26103,
                "1000049": 21440,
                "1000050": 11175,
                "1000051": 897,
                "progres": {
                    "total": 211,
                    "persen": 95.26,
                    "progres": 201
                },
                "status_progress": true
            },
            "6213": {
                "psu": "Reguler",
                "1000048": 21201,
                "1000049": 23902,
                "1000050": 14640,
                "1000051": 2697,
                "progres": {
                    "total": 196,
                    "persen": 100.0,
                    "progres": 196
                },
                "status_progress": true
            },
            "6271": {
                "psu": "Reguler",
                "1000048": 39209,
                "1000049": 30970,
                "1000050": 39623,
                "1000051": 16329,
                "progres": {
                    "total": 415,
                    "persen": 98.8,
                    "progres": 410
                },
                "status_progress": true
            }
        }
    },
    "psu": "Reguler",
    "progres": {
        "total": 4446,
        "progres": 4343
    },
    "ts": "2024-11-28 09:00:00"
}