{
    "mode": "hhcw",
    "tungsura": {
        "chart": {
            "1000052": 1608487,
            "1000053": 345008,
            "progres": {
                "total": 7382,
                "persen": 99.2,
                "progres": 7323
            }
        },
        "table": {
            "6301": {
                "psu": "Reguler",
                "1000052": 142819,
                "1000053": 37072,
                "progres": {
                    "total": 572,
                    "persen": 100.0,
                    "progres": 572
                },
                "status_progress": true
            },
            "6302": {
                "psu": "Reguler",
                "1000052": 104111,
                "1000053": 44716,
                "progres": {
                    "total": 551,
                    "persen": 98.73,
                    "progres": 544
                },
                "status_progress": true
            },
            "6303": {
                "psu": "Reguler",
                "1000052": 206593,
                "1000053": 52442,
                "progres": {
                    "total": 1101,
                    "persen": 99.36,
                    "progres": 1094
                },
                "status_progress": true
            },
            "6304": {
                "psu": "Reguler",
                "1000052": 117854,
                "1000053": 35974,
                "progres": {
                    "total": 568,
                    "persen": 99.82,
                    "progres": 567
                },
                "status_progress": true
            },
            "6305": {
                "psu": "Reguler",
                "1000052": 94046,
                "1000053": 11545,
                "progres": {
                    "total": 355,
                    "persen": 100.0,
                    "progres": 355
                },
                "status_progress": true
            },
            "6306": {
                "psu": "Reguler",
                "1000052": 104258,
                "1000053": 18609,
                "progres": {
                    "total": 483,
                    "persen": 100.0,
                    "progres": 483
                },
                "status_progress": true
            },
            "6307": {
                "psu": "Reguler",
                "1000052": 112590,
                "1000053": 25311,
                "progres": {
                    "total": 533,
                    "persen": 99.25,
                    "progres": 529
                },
                "status_progress": true
            },
            "6308": {
                "psu": "Reguler",
                "1000052": 88865,
                "1000053": 19680,
                "progres": {
                    "total": 489,
                    "persen": 100.0,
                    "progres": 489
                },
                "status_progress": true
            },
            "6309": {
                "psu": "Reguler",
                "1000052": 105860,
                "1000053": 24077,
                "progres": {
                    "total": 550,
                    "persen": 99.45,
                    "progres": 547
                },
                "status_progress": true
            },
            "6310": {
                "psu": "Reguler",
                "1000052": 130157,
                "1000053": 28251,
                "progres": {
                    "total": 550,
                    "persen": 98.55,
                    "progres": 542
                },
                "status_progress": true
            },
            "6311": {
                "psu": "Reguler",
                "1000052": 69435,
                "1000053": 6108,
                "progres": {
                    "total": 262,
                    "persen": 98.85,
                    "progres": 259
                },
                "status_progress": true
            },
            "6371": {
                "psu": "Reguler",
                "1000052": 240430,
                "1000053": 27002,
                "progres": {
                    "total": 965,
                    "persen": 97.31,
                    "progres": 939
                },
                "status_progress": true
            },
            "6372": {
                "psu": "Reguler",
                "1000052": 91469,
                "1000053": 14221,
                "progres": {
                    "total": 403,
                    "persen": 100.0,
                    "progres": 403
                },
                "status_progress": true
            }
        }
    },
    "psu": "Reguler",
    "progres": {
        "total": 7382,
        "progres": 7323
    },
    "ts": "2024-11-28 09:00:00"
}