{
    "mode": "hhcw",
    "tungsura": {
        "chart": {
            "1000054": 765370,
            "1000055": 961142,
            "progres": {
                "total": 6274,
                "persen": 96.22,
                "progres": 6037
            }
        },
        "table": {
            "6401": {
                "psu": "Reguler",
                "1000054": 56043,
                "1000055": 77350,
                "progres": {
                    "total": 485,
                    "persen": 99.38,
                    "progres": 482
                },
                "status_progress": true
            },
            "6402": {
                "psu": "Reguler",
                "1000054": 146245,
                "1000055": 198766,
                "progres": {
                    "total": 1447,
                    "persen": 92.61,
                    "progres": 1340
                },
                "status_progress": true
            },
            "6403": {
                "psu": "Reguler",
                "1000054": 50054,
                "1000055": 73575,
                "progres": {
                    "total": 475,
                    "persen": 96.0,
                    "progres": 456
                },
                "status_progress": true
            },
            "6407": {
                "psu": "Reguler",
                "1000054": 43459,
                "1000055": 45385,
                "progres": {
                    "total": 321,
                    "persen": 95.64,
                    "progres": 307
                },
                "status_progress": true
            },
            "6408": {
                "psu": "Reguler",
                "1000054": 91027,
                "1000055": 95700,
                "progres": {
                    "total": 701,
                    "persen": 95.72,
                    "progres": 671
                },
                "status_progress": true
            },
            "6409": {
                "psu": "Reguler",
                "1000054": 34407,
                "1000055": 65986,
                "progres": {
                    "total": 293,
                    "persen": 98.98,
                    "progres": 290
                },
                "status_progress": true
            },
            "6411": {
                "psu": "Reguler",
                "1000054": 9372,
                "1000055": 8706,
                "progres": {
                    "total": 77,
                    "persen": 85.71,
                    "progres": 66
                },
                "status_progress": true
            },
            "6471": {
                "psu": "Reguler",
                "1000054": 126727,
                "1000055": 171600,
                "progres": {
                    "total": 996,
                    "persen": 99.8,
                    "progres": 994
                },
                "status_progress": true
            },
            "6472": {
                "psu": "Reguler",
                "1000054": 174922,
                "1000055": 164435,
                "progres": {
                    "total": 1202,
                    "persen": 96.34,
                    "progres": 1158
                },
                "status_progress": true
            },
            "6474": {
                "psu": "Reguler",
                "1000054": 33114,
                "1000055": 59639,
                "progres": {
                    "total": 277,
                    "persen": 98.56,
                    "progres": 273
                },
                "status_progress": true
            }
        }
    },
    "psu": "Reguler",
    "progres": {
        "total": 6274,
        "progres": 6037
    },
    "ts": "2024-11-28 09:00:00"
}