{
    "mode": "hhcw",
    "tungsura": {
        "chart": {
            "1000056": 39412,
            "1000057": 189274,
            "1000058": 92787,
            "progres": {
                "total": 1364,
                "persen": 94.72,
                "progres": 1292
            }
        },
        "table": {
            "6501": {
                "psu": "Reguler",
                "1000056": 8322,
                "1000057": 47013,
                "1000058": 16800,
                "progres": {
                    "total": 314,
                    "persen": 99.36,
                    "progres": 312
                },
                "status_progress": true
            },
            "6502": {
                "psu": "Reguler",
                "1000056": 973,
                "1000057": 18748,
                "1000058": 19422,
                "progres": {
                    "total": 178,
                    "persen": 87.08,
                    "progres": 155
                },
                "status_progress": true
            },
            "6503": {
                "psu": "Reguler",
                "1000056": 10207,
                "1000057": 58964,
                "1000058": 29080,
                "progres": {
                    "total": 504,
                    "persen": 90.87,
                    "progres": 458
                },
                "status_progress": true
            },
            "6504": {
                "psu": "Reguler",
                "1000056": 1416,
                "1000057": 9258,
                "1000058": 5541,
                "progres": {
                    "total": 49,
                    "persen": 97.96,
                    "progres": 48
                },
                "status_progress": true
            },
            "6571": {
                "psu": "Reguler",
                "1000056": 18494,
                "1000057": 55291,
                "1000058": 21944,
                "progres": {
                    "total": 319,
                    "persen": 100.0,
                    "progres": 319
                },
                "status_progress": true
            }
        }
    },
    "psu": "Reguler",
    "progres": {
        "total": 1364,
        "progres": 1292
    },
    "ts": "2024-11-28 09:00:00"
}