{
    "mode": "hhcw",
    "tungsura": {
        "chart": {
            "1000062": 599470,
            "1000063": 699681,
            "1000064": 254195,
            "progres": {
                "total": 5496,
                "persen": 95.72,
                "progres": 5261
            }
        },
        "table": {
            "7201": {
                "psu": "Reguler",
                "1000062": 94445,
                "1000063": 83393,
                "1000064": 28837,
                "progres": {
                    "total": 660,
                    "persen": 98.18,
                    "progres": 648
                },
                "status_progress": true
            },
            "7202": {
                "psu": "Reguler",
                "1000062": 39829,
                "1000063": 42270,
                "1000064": 37587,
                "progres": {
                    "total": 405,
                    "persen": 98.77,
                    "progres": 400
                },
                "status_progress": true
            },
            "7203": {
                "psu": "Reguler",
                "1000062": 66590,
                "1000063": 61216,
                "1000064": 26957,
                "progres": {
                    "total": 696,
                    "persen": 94.25,
                    "progres": 656
                },
                "status_progress": true
            },
            "7204": {
                "psu": "Reguler",
                "1000062": 42658,
                "1000063": 62549,
                "1000064": 11598,
                "progres": {
                    "total": 409,
                    "persen": 99.51,
                    "progres": 407
                },
                "status_progress": true
            },
            "7205": {
                "psu": "Reguler",
                "1000062": 27859,
                "1000063": 48455,
                "1000064": 6922,
                "progres": {
                    "total": 276,
                    "persen": 95.65,
                    "progres": 264
                },
                "status_progress": true
            },
            "7206": {
                "psu": "Reguler",
                "1000062": 32839,
                "1000063": 54762,
                "1000064": 4457,
                "progres": {
                    "total": 301,
                    "persen": 89.7,
                    "progres": 270
                },
                "status_progress": true
            },
            "7207": {
                "psu": "Reguler",
                "1000062": 32159,
                "1000063": 26079,
                "1000064": 8736,
                "progres": {
                    "total": 246,
                    "persen": 94.72,
                    "progres": 233
                },
                "status_progress": true
            },
            "7208": {
                "psu": "Reguler",
                "1000062": 83969,
                "1000063": 106410,
                "1000064": 25080,
                "progres": {
                    "total": 818,
                    "persen": 95.48,
                    "progres": 781
                },
                "status_progress": true
            },
            "7209": {
                "psu": "Reguler",
                "1000062": 40905,
                "1000063": 40409,
                "1000064": 6932,
                "progres": {
                    "total": 311,
                    "persen": 91.96,
                    "progres": 286
                },
                "status_progress": true
            },
            "7210": {
                "psu": "Reguler",
                "1000062": 44691,
                "1000063": 47653,
                "1000064": 34388,
                "progres": {
                    "total": 471,
                    "persen": 90.02,
                    "progres": 424
                },
                "status_progress": true
            },
            "7211": {
                "psu": "Reguler",
                "1000062": 17671,
                "1000063": 19798,
                "1000064": 4301,
                "progres": {
                    "total": 129,
                    "persen": 99.22,
                    "progres": 128
                },
                "status_progress": true
            },
            "7212": {
                "psu": "Reguler",
                "1000062": 22406,
                "1000063": 34733,
                "1000064": 14001,
                "progres": {
                    "total": 267,
                    "persen": 96.25,
                    "progres": 257
                },
                "status_progress": true
            },
            "7271": {
                "psu": "Reguler",
                "1000062": 53449,
                "1000063": 71954,
                "1000064": 44399,
                "progres": {
                    "total": 507,
                    "persen": 100.0,
                    "progres": 507
                },
                "status_progress": true
            }
        }
    },
    "psu": "Reguler",
    "progres": {
        "total": 5496,
        "progres": 5261
    },
    "ts": "2024-11-28 09:00:00"
}