{
    "mode": "hhcw",
    "tungsura": {
        "chart": {
            "1000065": 1588467,
            "1000066": 2992790,
            "progres": {
                "total": 14548,
                "persen": 99.17,
                "progres": 14427
            }
        },
        "table": {
            "7301": {
                "psu": "Reguler",
                "1000065": 23230,
                "1000066": 47275,
                "progres": {
                    "total": 301,
                    "persen": 93.36,
                    "progres": 281
                },
                "status_progress": true
            },
            "7302": {
                "psu": "Reguler",
                "1000065": 67964,
                "1000066": 149827,
                "progres": {
                    "total": 684,
                    "persen": 99.71,
                    "progres": 682
                },
                "status_progress": true
            },
            "7303": {
                "psu": "Reguler",
                "1000065": 65412,
                "1000066": 50664,
                "progres": {
                    "total": 341,
                    "persen": 99.71,
                    "progres": 340
                },
                "status_progress": true
            },
            "7304": {
                "psu": "Reguler",
                "1000065": 72514,
                "1000066": 133444,
                "progres": {
                    "total": 567,
                    "persen": 100.0,
                    "progres": 567
                },
                "status_progress": true
            },
            "7305": {
                "psu": "Reguler",
                "1000065": 61670,
                "1000066": 92833,
                "progres": {
                    "total": 458,
                    "persen": 100.0,
                    "progres": 458
                },
                "status_progress": true
            },
            "7306": {
                "psu": "Reguler",
                "1000065": 132434,
                "1000066": 275566,
                "progres": {
                    "total": 1186,
                    "persen": 99.33,
                    "progres": 1178
                },
                "status_progress": true
            },
            "7307": {
                "psu": "Reguler",
                "1000065": 38153,
                "1000066": 102681,
                "progres": {
                    "total": 427,
                    "persen": 100.0,
                    "progres": 427
                },
                "status_progress": true
            },
            "7308": {
                "psu": "Reguler",
                "1000065": 74738,
                "1000066": 320952,
                "progres": {
                    "total": 1326,
                    "persen": 98.64,
                    "progres": 1308
                },
                "status_progress": true
            },
            "7309": {
                "psu": "Reguler",
                "1000065": 50740,
                "1000066": 133789,
                "progres": {
                    "total": 604,
                    "persen": 99.67,
                    "progres": 602
                },
                "status_progress": true
            },
            "7310": {
                "psu": "Reguler",
                "1000065": 54878,
                "1000066": 123386,
                "progres": {
                    "total": 557,
                    "persen": 97.13,
                    "progres": 541
                },
                "status_progress": true
            },
            "7311": {
                "psu": "Reguler",
                "1000065": 34223,
                "1000066": 68867,
                "progres": {
                    "total": 329,
                    "persen": 99.39,
                    "progres": 327
                },
                "status_progress": true
            },
            "7312": {
                "psu": "Reguler",
                "1000065": 34228,
                "1000066": 106257,
                "progres": {
                    "total": 467,
                    "persen": 100.0,
                    "progres": 467
                },
                "status_progress": true
            },
            "7313": {
                "psu": "Reguler",
                "1000065": 50457,
                "1000066": 161037,
                "progres": {
                    "total": 712,
                    "persen": 100.0,
                    "progres": 712
                },
                "status_progress": true
            },
            "7314": {
                "psu": "Reguler",
                "1000065": 26807,
                "1000066": 146692,
                "progres": {
                    "total": 486,
                    "persen": 100.0,
                    "progres": 486
                },
                "status_progress": true
            },
            "7315": {
                "psu": "Reguler",
                "1000065": 98790,
                "1000066": 113856,
                "progres": {
                    "total": 665,
                    "persen": 98.5,
                    "progres": 655
                },
                "status_progress": true
            },
            "7316": {
                "psu": "Reguler",
                "1000065": 39475,
                "1000066": 91486,
                "progres": {
                    "total": 497,
                    "persen": 98.19,
                    "progres": 488
                },
                "status_progress": true
            },
            "7317": {
                "psu": "Reguler",
                "1000065": 69827,
                "1000066": 134205,
                "progres": {
                    "total": 691,
                    "persen": 99.28,
                    "progres": 686
                },
                "status_progress": true
            },
            "7318": {
                "psu": "Reguler",
                "1000065": 90954,
                "1000066": 39830,
                "progres": {
                    "total": 462,
                    "persen": 99.35,
                    "progres": 459
                },
                "status_progress": true
            },
            "7322": {
                "psu": "Reguler",
                "1000065": 62737,
                "1000066": 104872,
                "progres": {
                    "total": 572,
                    "persen": 98.43,
                    "progres": 563
                },
                "status_progress": true
            },
            "7324": {
                "psu": "Reguler",
                "1000065": 52203,
                "1000066": 115126,
                "progres": {
                    "total": 457,
                    "persen": 100.0,
                    "progres": 457
                },
                "status_progress": true
            },
            "7326": {
                "psu": "Reguler",
                "1000065": 99465,
                "1000066": 26540,
                "progres": {
                    "total": 424,
                    "persen": 97.17,
                    "progres": 412
                },
                "status_progress": true
            },
            "7371": {
                "psu": "Reguler",
                "1000065": 222847,
                "1000066": 343739,
                "progres": {
                    "total": 1877,
                    "persen": 99.79,
                    "progres": 1873
                },
                "status_progress": true
            },
            "7372": {
                "psu": "Reguler",
                "1000065": 29744,
                "1000066": 54481,
                "progres": {
                    "total": 198,
                    "persen": 100.0,
                    "progres": 198
                },
                "status_progress": true
            },
            "7373": {
                "psu": "Reguler",
                "1000065": 34977,
                "1000066": 55385,
                "progres": {
                    "total": 260,
                    "persen": 100.0,
                    "progres": 260
                },
                "status_progress": true
            }
        }
    },
    "psu": "Reguler",
    "progres": {
        "total": 14548,
        "progres": 14427
    },
    "ts": "2024-11-28 09:00:00"
}