{
    "mode": "hhcw",
    "tungsura": {
        "chart": {
            "1000067": 147946,
            "1000068": 766019,
            "1000069": 243129,
            "1000070": 304916,
            "progres": {
                "total": 4611,
                "persen": 98.7,
                "progres": 4551
            }
        },
        "table": {
            "7401": {
                "psu": "Reguler",
                "1000067": 6312,
                "1000068": 86761,
                "1000069": 18078,
                "1000070": 21611,
                "progres": {
                    "total": 380,
                    "persen": 98.68,
                    "progres": 375
                },
                "status_progress": true
            },
            "7402": {
                "psu": "Reguler",
                "1000067": 21591,
                "1000068": 40298,
                "1000069": 49010,
                "1000070": 37576,
                "progres": {
                    "total": 466,
                    "persen": 97.64,
                    "progres": 455
                },
                "status_progress": true
            },
            "7403": {
                "psu": "Reguler",
                "1000067": 14571,
                "1000068": 47306,
                "1000069": 20022,
                "1000070": 30893,
                "progres": {
                    "total": 357,
                    "persen": 97.48,
                    "progres": 348
                },
                "status_progress": true
            },
            "7404": {
                "psu": "Reguler",
                "1000067": 7212,
                "1000068": 38506,
                "1000069": 5464,
                "1000070": 10759,
                "progres": {
                    "total": 232,
                    "persen": 99.57,
                    "progres": 231
                },
                "status_progress": true
            },
            "7405": {
                "psu": "Reguler",
                "1000067": 12359,
                "1000068": 74997,
                "1000069": 29867,
                "1000070": 59737,
                "progres": {
                    "total": 566,
                    "persen": 98.94,
                    "progres": 560
                },
                "status_progress": true
            },
            "7406": {
                "psu": "Reguler",
                "1000067": 6188,
                "1000068": 65233,
                "1000069": 9953,
                "1000070": 11691,
                "progres": {
                    "total": 273,
                    "persen": 99.27,
                    "progres": 271
                },
                "status_progress": true
            },
            "7407": {
                "psu": "Reguler",
                "1000067": 2336,
                "1000068": 41420,
                "1000069": 6961,
                "1000070": 7654,
                "progres": {
                    "total": 224,
                    "persen": 97.32,
                    "progres": 218
                },
                "status_progress": true
            },
            "7408": {
                "psu": "Reguler",
                "1000067": 4014,
                "1000068": 58086,
                "1000069": 7182,
                "1000070": 11431,
                "progres": {
                    "total": 262,
                    "persen": 99.24,
                    "progres": 260
                },
                "status_progress": true
            },
            "7409": {
                "psu": "Reguler",
                "1000067": 22496,
                "1000068": 12588,
                "1000069": 7753,
                "1000070": 6478,
                "progres": {
                    "total": 180,
                    "persen": 100.0,
                    "progres": 180
                },
                "status_progress": true
            },
            "7410": {
                "psu": "Reguler",
                "1000067": 2920,
                "1000068": 28904,
                "1000069": 4295,
                "1000070": 6423,
                "progres": {
                    "total": 130,
                    "persen": 100.0,
                    "progres": 130
                },
                "status_progress": true
            },
            "7411": {
                "psu": "Reguler",
                "1000067": 3750,
                "1000068": 43902,
                "1000069": 7031,
                "1000070": 16742,
                "progres": {
                    "total": 224,
                    "persen": 100.0,
                    "progres": 224
                },
                "status_progress": true
            },
            "7412": {
                "psu": "Reguler",
                "1000067": 1822,
                "1000068": 13610,
                "1000069": 5329,
                "1000070": 5147,
                "progres": {
                    "total": 99,
                    "persen": 100.0,
                    "progres": 99
                },
                "status_progress": true
            },
            "7413": {
                "psu": "Reguler",
                "1000067": 3077,
                "1000068": 22416,
                "1000069": 8228,
                "1000070": 11018,
                "progres": {
                    "total": 146,
                    "persen": 97.26,
                    "progres": 142
                },
                "status_progress": true
            },
            "7414": {
                "psu": "Reguler",
                "1000067": 9557,
                "1000068": 32461,
                "1000069": 6435,
                "1000070": 4600,
                "progres": {
                    "total": 174,
                    "persen": 98.28,
                    "progres": 171
                },
                "status_progress": true
            },
            "7415": {
                "psu": "Reguler",
                "1000067": 4563,
                "1000068": 24936,
                "1000069": 3889,
                "1000070": 10415,
                "progres": {
                    "total": 157,
                    "persen": 95.54,
                    "progres": 150
                },
                "status_progress": true
            },
            "7471": {
                "psu": "Reguler",
                "1000067": 11960,
                "1000068": 88539,
                "1000069": 46770,
                "1000070": 38853,
                "progres": {
                    "total": 525,
                    "persen": 99.81,
                    "progres": 524
                },
                "status_progress": true
            },
            "7472": {
                "psu": "Reguler",
                "1000067": 13218,
                "1000068": 46056,
                "1000069": 6862,
                "1000070": 13888,
                "progres": {
                    "total": 216,
                    "persen": 98.61,
                    "progres": 213
                },
                "status_progress": true
            }
        }
    },
    "psu": "Reguler",
    "progres": {
        "total": 4611,
        "progres": 4551
    },
    "ts": "2024-11-28 09:00:00"
}