{
    "mode": "hhcw",
    "tungsura": {
        "chart": {
            "1000075": 143395,
            "1000076": 134739,
            "1000077": 331413,
            "1000078": 110607,
            "progres": {
                "total": 2921,
                "persen": 97.81,
                "progres": 2857
            }
        },
        "table": {
            "7601": {
                "psu": "Reguler",
                "1000075": 15259,
                "1000076": 17568,
                "1000077": 29242,
                "1000078": 10775,
                "progres": {
                    "total": 298,
                    "persen": 97.65,
                    "progres": 291
                },
                "status_progress": true
            },
            "7602": {
                "psu": "Reguler",
                "1000075": 7802,
                "1000076": 21564,
                "1000077": 82002,
                "1000078": 23093,
                "progres": {
                    "total": 618,
                    "persen": 94.5,
                    "progres": 584
                },
                "status_progress": true
            },
            "7603": {
                "psu": "Reguler",
                "1000075": 19445,
                "1000076": 9456,
                "1000077": 40148,
                "1000078": 14994,
                "progres": {
                    "total": 525,
                    "persen": 97.9,
                    "progres": 514
                },
                "status_progress": true
            },
            "7604": {
                "psu": "Reguler",
                "1000075": 68740,
                "1000076": 38494,
                "1000077": 105424,
                "1000078": 41410,
                "progres": {
                    "total": 806,
                    "persen": 99.5,
                    "progres": 802
                },
                "status_progress": true
            },
            "7605": {
                "psu": "Reguler",
                "1000075": 26870,
                "1000076": 15725,
                "1000077": 46300,
                "1000078": 13880,
                "progres": {
                    "total": 399,
                    "persen": 100.0,
                    "progres": 399
                },
                "status_progress": true
            },
            "7606": {
                "psu": "Reguler",
                "1000075": 5279,
                "1000076": 31932,
                "1000077": 28297,
                "1000078": 6455,
                "progres": {
                    "total": 275,
                    "persen": 97.09,
                    "progres": 267
                },
                "status_progress": true
            }
        }
    },
    "psu": "Reguler",
    "progres": {
        "total": 2921,
        "progres": 2857
    },
    "ts": "2024-11-28 09:00:00"
}