{
    "mode": "hhcw",
    "tungsura": {
        "chart": {
            "1000082": 156468,
            "1000083": 69344,
            "1000084": 75884,
            "1000085": 326074,
            "progres": {
                "total": 2378,
                "persen": 89.74,
                "progres": 2134
            }
        },
        "table": {
            "8201": {
                "psu": "Reguler",
                "1000082": 14240,
                "1000083": 3310,
                "1000084": 3777,
                "1000085": 42854,
                "progres": {
                    "total": 262,
                    "persen": 94.66,
                    "progres": 248
                },
                "status_progress": true
            },
            "8202": {
                "psu": "Reguler",
                "1000082": 14207,
                "1000083": 3159,
                "1000084": 4240,
                "1000085": 21433,
                "progres": {
                    "total": 158,
                    "persen": 88.61,
                    "progres": 140
                },
                "status_progress": true
            },
            "8203": {
                "psu": "Reguler",
                "1000082": 10183,
                "1000083": 8600,
                "1000084": 14295,
                "1000085": 70208,
                "progres": {
                    "total": 348,
                    "persen": 97.41,
                    "progres": 339
                },
                "status_progress": true
            },
            "8204": {
                "psu": "Reguler",
                "1000082": 14733,
                "1000083": 6706,
                "1000084": 23919,
                "1000085": 38138,
                "progres": {
                    "total": 466,
                    "persen": 66.74,
                    "progres": 311
                },
                "status_progress": true
            },
            "8205": {
                "psu": "Reguler",
                "1000082": 5290,
                "1000083": 15744,
                "1000084": 3222,
                "1000085": 23521,
                "progres": {
                    "total": 171,
                    "persen": 91.23,
                    "progres": 156
                },
                "status_progress": true
            },
            "8206": {
                "psu": "Reguler",
                "1000082": 10836,
                "1000083": 5054,
                "1000084": 4368,
                "1000085": 33113,
                "progres": {
                    "total": 179,
                    "persen": 97.21,
                    "progres": 174
                },
                "status_progress": true
            },
            "8207": {
                "psu": "Reguler",
                "1000082": 8049,
                "1000083": 5991,
                "1000084": 4309,
                "1000085": 20606,
                "progres": {
                    "total": 140,
                    "persen": 88.57,
                    "progres": 124
                },
                "status_progress": true
            },
            "8208": {
                "psu": "Reguler",
                "1000082": 1764,
                "1000083": 10876,
                "1000084": 1010,
                "1000085": 20202,
                "progres": {
                    "total": 129,
                    "persen": 97.67,
                    "progres": 126
                },
                "status_progress": true
            },
            "8271": {
                "psu": "Reguler",
                "1000082": 38147,
                "1000083": 6548,
                "1000084": 11604,
                "1000085": 35622,
                "progres": {
                    "total": 302,
                    "persen": 97.02,
                    "progres": 293
                },
                "status_progress": true
            },
            "8272": {
                "psu": "Reguler",
                "1000082": 39019,
                "1000083": 3356,
                "1000084": 5140,
                "1000085": 20377,
                "progres": {
                    "total": 223,
                    "persen": 100.0,
                    "progres": 223
                },
                "status_progress": true
            }
        }
    },
    "psu": "Reguler",
    "progres": {
        "total": 2378,
        "progres": 2134
    },
    "ts": "2024-11-28 09:00:00"
}