{
    "mode": "hhcw",
    "tungsura": {
        "chart": {
            "1000086": 177042,
            "1000087": 181464,
            "progres": {
                "total": 2023,
                "persen": 66.98,
                "progres": 1355
            }
        },
        "table": {
            "9103": {
                "psu": "Reguler",
                "1000086": 30106,
                "1000087": 21123,
                "progres": {
                    "total": 328,
                    "persen": 65.85,
                    "progres": 216
                },
                "status_progress": true
            },
            "9105": {
                "psu": "Reguler",
                "1000086": 15712,
                "1000087": 10408,
                "progres": {
                    "total": 230,
                    "persen": 44.35,
                    "progres": 102
                },
                "status_progress": true
            },
            "9106": {
                "psu": "Reguler",
                "1000086": 25534,
                "1000087": 30401,
                "progres": {
                    "total": 345,
                    "persen": 86.67,
                    "progres": 299
                },
                "status_progress": true
            },
            "9110": {
                "psu": "Reguler",
                "1000086": 5420,
                "1000087": 4826,
                "progres": {
                    "total": 113,
                    "persen": 37.17,
                    "progres": 42
                },
                "status_progress": true
            },
            "9111": {
                "psu": "Reguler",
                "1000086": 12439,
                "1000087": 18223,
                "progres": {
                    "total": 141,
                    "persen": 61.7,
                    "progres": 87
                },
                "status_progress": true
            },
            "9115": {
                "psu": "Reguler",
                "1000086": 6506,
                "1000087": 6699,
                "progres": {
                    "total": 121,
                    "persen": 69.42,
                    "progres": 84
                },
                "status_progress": true
            },
            "9119": {
                "psu": "Reguler",
                "1000086": 8645,
                "1000087": 5563,
                "progres": {
                    "total": 48,
                    "persen": 95.83,
                    "progres": 46
                },
                "status_progress": true
            },
            "9120": {
                "psu": "Reguler",
                "1000086": 92,
                "1000087": 2,
                "progres": {
                    "total": 122,
                    "persen": 0.82,
                    "progres": 1
                },
                "status_progress": true
            },
            "9171": {
                "psu": "Reguler",
                "1000086": 72588,
                "1000087": 84219,
                "progres": {
                    "total": 575,
                    "persen": 83.13,
                    "progres": 478
                },
                "status_progress": true
            }
        }
    },
    "psu": "Reguler",
    "progres": {
        "total": 2023,
        "progres": 1355
    },
    "ts": "2024-11-28 09:00:00"
}