{
    "mode": "hhcw",
    "tungsura": {
        "chart": {
            "1000094": 35373,
            "1000095": 17688,
            "1000096": 34304,
            "1000097": 38434,
            "progres": {
                "total": 2617,
                "persen": 11.54,
                "progres": 302
            }
        },
        "table": {
            "9401": {
                "psu": "Reguler",
                "1000094": 14214,
                "1000095": 8418,
                "1000096": 14846,
                "1000097": 13482,
                "progres": {
                    "total": 317,
                    "persen": 42.59,
                    "progres": 135
                },
                "status_progress": true
            },
            "9402": {
                "psu": "Reguler",
                "progres": {
                    "total": 494,
                    "persen": 0.0,
                    "progres": 0
                },
                "status_progress": false
            },
            "9403": {
                "psu": "Reguler",
                "progres": {
                    "total": 307,
                    "persen": 0.0,
                    "progres": 0
                },
                "status_progress": false
            },
            "9404": {
                "psu": "Reguler",
                "1000094": 21159,
                "1000095": 9270,
                "1000096": 19458,
                "1000097": 24952,
                "progres": {
                    "total": 497,
                    "persen": 33.6,
                    "progres": 167
                },
                "status_progress": true
            },
            "9405": {
                "psu": "Reguler",
                "progres": {
                    "total": 367,
                    "persen": 0.0,
                    "progres": 0
                },
                "status_progress": false
            },
            "9406": {
                "psu": "Reguler",
                "progres": {
                    "total": 212,
                    "persen": 0.0,
                    "progres": 0
                },
                "status_progress": false
            },
            "9407": {
                "psu": "Reguler",
                "progres": {
                    "total": 259,
                    "persen": 0.0,
                    "progres": 0
                },
                "status_progress": false
            },
            "9408": {
                "psu": "Reguler",
                "progres": {
                    "total": 164,
                    "persen": 0.0,
                    "progres": 0
                },
                "status_progress": false
            }
        }
    },
    "psu": "Reguler",
    "progres": {
        "total": 2617,
        "progres": 302
    },
    "ts": "2024-11-28 09:00:00"
}