{
    "mode": "hhcw",
    "tungsura": {
        "chart": {
            "1000098": 1242,
            "1000099": 2798,
            "progres": {
                "total": 3429,
                "persen": 0.38,
                "progres": 13
            }
        },
        "table": {
            "9501": {
                "psu": "Reguler",
                "1000098": 911,
                "1000099": 292,
                "progres": {
                    "total": 547,
                    "persen": 0.73,
                    "progres": 4
                },
                "status_progress": true
            },
            "9502": {
                "psu": "Reguler",
                "1000098": 261,
                "1000099": 290,
                "progres": {
                    "total": 318,
                    "persen": 0.63,
                    "progres": 2
                },
                "status_progress": true
            },
            "9503": {
                "psu": "Reguler",
                "progres": {
                    "total": 761,
                    "persen": 0.0,
                    "progres": 0
                },
                "status_progress": false
            },
            "9504": {
                "psu": "Reguler",
                "progres": {
                    "total": 677,
                    "persen": 0.0,
                    "progres": 0
                },
                "status_progress": false
            },
            "9505": {
                "psu": "Reguler",
                "progres": {
                    "total": 87,
                    "persen": 0.0,
                    "progres": 0
                },
                "status_progress": false
            },
            "9506": {
                "psu": "Reguler",
                "1000098": 10,
                "1000099": 102,
                "progres": {
                    "total": 301,
                    "persen": 0.33,
                    "progres": 1
                },
                "status_progress": true
            },
            "9507": {
                "psu": "Reguler",
                "1000098": 60,
                "1000099": 2114,
                "progres": {
                    "total": 453,
                    "persen": 1.32,
                    "progres": 6
                },
                "status_progress": true
            },
            "9508": {
                "psu": "Reguler",
                "progres": {
                    "total": 285,
                    "persen": 0.0,
                    "progres": 0
                },
                "status_progress": false
            }
        }
    },
    "psu": "Reguler",
    "progres": {
        "total": 3429,
        "progres": 13
    },
    "ts": "2024-11-28 09:00:00"
}