{
    "mode": "hhcw",
    "tungsura": {
        "chart": {
            "1001005": 76828,
            "1001006": 68926,
            "1001007": 48685,
            "progres": {
                "total": 667,
                "persen": 96.4,
                "progres": 643
            }
        },
        "table": {
            "620201": {
                "psu": "Reguler",
                "1001005": 4531,
                "1001006": 2463,
                "1001007": 1988,
                "progres": {
                    "total": 31,
                    "persen": 93.55,
                    "progres": 29
                },
                "status_progress": true
            },
            "620202": {
                "psu": "Reguler",
                "1001005": 5015,
                "1001006": 3224,
                "1001007": 3689,
                "progres": {
                    "total": 33,
                    "persen": 100.0,
                    "progres": 33
                },
                "status_progress": true
            },
            "620203": {
                "psu": "Reguler",
                "1001005": 2373,
                "1001006": 2509,
                "1001007": 3541,
                "progres": {
                    "total": 41,
                    "persen": 97.56,
                    "progres": 40
                },
                "status_progress": true
            },
            "620204": {
                "psu": "Reguler",
                "1001005": 4216,
                "1001006": 7304,
                "1001007": 2748,
                "progres": {
                    "total": 44,
                    "persen": 100.0,
                    "progres": 44
                },
                "status_progress": true
            },
            "620205": {
                "psu": "Reguler",
                "1001005": 11824,
                "1001006": 13440,
                "1001007": 6639,
                "progres": {
                    "total": 92,
                    "persen": 100.0,
                    "progres": 92
                },
                "status_progress": true
            },
            "620206": {
                "psu": "Reguler",
                "1001005": 16516,
                "1001006": 17714,
                "1001007": 9473,
                "progres": {
                    "total": 133,
                    "persen": 97.74,
                    "progres": 130
                },
                "status_progress": true
            },
            "620207": {
                "psu": "Reguler",
                "1001005": 3214,
                "1001006": 2553,
                "1001007": 1391,
                "progres": {
                    "total": 27,
                    "persen": 100.0,
                    "progres": 27
                },
                "status_progress": true
            },
            "620208": {
                "psu": "Reguler",
                "1001005": 5276,
                "1001006": 4022,
                "1001007": 2365,
                "progres": {
                    "total": 36,
                    "persen": 97.22,
                    "progres": 35
                },
                "status_progress": true
            },
            "620209": {
                "psu": "Reguler",
                "1001005": 2812,
                "1001006": 2624,
                "1001007": 1451,
                "progres": {
                    "total": 32,
                    "persen": 84.38,
                    "progres": 27
                },
                "status_progress": true
            },
            "620210": {
                "psu": "Reguler",
                "1001005": 2188,
                "1001006": 1243,
                "1001007": 1735,
                "progres": {
                    "total": 26,
                    "persen": 88.46,
                    "progres": 23
                },
                "status_progress": true
            },
            "620211": {
                "psu": "Reguler",
                "1001005": 2301,
                "1001006": 2085,
                "1001007": 1362,
                "progres": {
                    "total": 20,
                    "persen": 100.0,
                    "progres": 20
                },
                "status_progress": true
            },
            "620212": {
                "psu": "Reguler",
                "1001005": 1959,
                "1001006": 2843,
                "1001007": 1215,
                "progres": {
                    "total": 19,
                    "persen": 94.74,
                    "progres": 18
                },
                "status_progress": true
            },
            "620213": {
                "psu": "Reguler",
                "1001005": 2632,
                "1001006": 1569,
                "1001007": 4819,
                "progres": {
                    "total": 34,
                    "persen": 94.12,
                    "progres": 32
                },
                "status_progress": true
            },
            "620214": {
                "psu": "Reguler",
                "1001005": 4054,
                "1001006": 1329,
                "1001007": 1682,
                "progres": {
                    "total": 30,
                    "persen": 100.0,
                    "progres": 30
                },
                "status_progress": true
            },
            "620215": {
                "psu": "Reguler",
                "1001005": 1393,
                "1001006": 486,
                "1001007": 861,
                "progres": {
                    "total": 19,
                    "persen": 78.95,
                    "progres": 15
                },
                "status_progress": true
            },
            "620216": {
                "psu": "Reguler",
                "1001005": 1532,
                "1001006": 1011,
                "1001007": 1138,
                "progres": {
                    "total": 15,
                    "persen": 93.33,
                    "progres": 14
                },
                "status_progress": true
            },
            "620217": {
                "psu": "Reguler",
                "1001005": 4992,
                "1001006": 2507,
                "1001007": 2588,
                "progres": {
                    "total": 35,
                    "persen": 97.14,
                    "progres": 34
                },
                "status_progress": true
            }
        }
    },
    "psu": "Reguler",
    "progres": {
        "total": 667,
        "progres": 643
    },
    "ts": "2024-11-28 09:00:00"
}