{
    "mode": "hhcw",
    "tungsura": {
        "chart": {
            "1001016": 41139,
            "1001017": 41254,
            "progres": {
                "total": 270,
                "persen": 97.41,
                "progres": 263
            }
        },
        "table": {
            "620501": {
                "psu": "Reguler",
                "1001016": 4094,
                "1001017": 2744,
                "progres": {
                    "total": 21,
                    "persen": 100.0,
                    "progres": 21
                },
                "status_progress": true
            },
            "620502": {
                "psu": "Reguler",
                "1001016": 3347,
                "1001017": 3644,
                "progres": {
                    "total": 25,
                    "persen": 100.0,
                    "progres": 25
                },
                "status_progress": true
            },
            "620503": {
                "psu": "Reguler",
                "1001016": 862,
                "1001017": 919,
                "progres": {
                    "total": 11,
                    "persen": 100.0,
                    "progres": 11
                },
                "status_progress": true
            },
            "620504": {
                "psu": "Reguler",
                "1001016": 1790,
                "1001017": 2195,
                "progres": {
                    "total": 16,
                    "persen": 100.0,
                    "progres": 16
                },
                "status_progress": true
            },
            "620505": {
                "psu": "Reguler",
                "1001016": 15052,
                "1001017": 13965,
                "progres": {
                    "total": 84,
                    "persen": 97.62,
                    "progres": 82
                },
                "status_progress": true
            },
            "620506": {
                "psu": "Reguler",
                "1001016": 3192,
                "1001017": 4109,
                "progres": {
                    "total": 27,
                    "persen": 88.89,
                    "progres": 24
                },
                "status_progress": true
            },
            "620507": {
                "psu": "Reguler",
                "1001016": 5769,
                "1001017": 5905,
                "progres": {
                    "total": 36,
                    "persen": 97.22,
                    "progres": 35
                },
                "status_progress": true
            },
            "620508": {
                "psu": "Reguler",
                "1001016": 3972,
                "1001017": 4397,
                "progres": {
                    "total": 27,
                    "persen": 96.3,
                    "progres": 26
                },
                "status_progress": true
            },
            "620509": {
                "psu": "Reguler",
                "1001016": 3061,
                "1001017": 3376,
                "progres": {
                    "total": 23,
                    "persen": 100.0,
                    "progres": 23
                },
                "status_progress": true
            }
        }
    },
    "psu": "Reguler",
    "progres": {
        "total": 270,
        "progres": 263
    },
    "ts": "2024-11-28 09:00:00"
}