{
    "mode": "hhcw",
    "tungsura": {
        "chart": {
            "1001031": 45473,
            "1001032": 29035,
            "progres": {
                "total": 239,
                "persen": 99.58,
                "progres": 238
            }
        },
        "table": {
            "621101": {
                "psu": "Reguler",
                "1001031": 6313,
                "1001032": 5953,
                "progres": {
                    "total": 36,
                    "persen": 97.22,
                    "progres": 35
                },
                "status_progress": true
            },
            "621102": {
                "psu": "Reguler",
                "1001031": 7356,
                "1001032": 3199,
                "progres": {
                    "total": 37,
                    "persen": 100.0,
                    "progres": 37
                },
                "status_progress": true
            },
            "621103": {
                "psu": "Reguler",
                "1001031": 3179,
                "1001032": 1569,
                "progres": {
                    "total": 18,
                    "persen": 100.0,
                    "progres": 18
                },
                "status_progress": true
            },
            "621104": {
                "psu": "Reguler",
                "1001031": 3314,
                "1001032": 2023,
                "progres": {
                    "total": 23,
                    "persen": 100.0,
                    "progres": 23
                },
                "status_progress": true
            },
            "621105": {
                "psu": "Reguler",
                "1001031": 11053,
                "1001032": 6413,
                "progres": {
                    "total": 46,
                    "persen": 100.0,
                    "progres": 46
                },
                "status_progress": true
            },
            "621106": {
                "psu": "Reguler",
                "1001031": 8660,
                "1001032": 6928,
                "progres": {
                    "total": 42,
                    "persen": 100.0,
                    "progres": 42
                },
                "status_progress": true
            },
            "621107": {
                "psu": "Reguler",
                "1001031": 2984,
                "1001032": 2153,
                "progres": {
                    "total": 20,
                    "persen": 100.0,
                    "progres": 20
                },
                "status_progress": true
            },
            "621108": {
                "psu": "Reguler",
                "1001031": 2614,
                "1001032": 797,
                "progres": {
                    "total": 17,
                    "persen": 100.0,
                    "progres": 17
                },
                "status_progress": true
            }
        }
    },
    "psu": "Reguler",
    "progres": {
        "total": 239,
        "progres": 238
    },
    "ts": "2024-11-28 01:00:00"
}