{
    "mode": "hhcw",
    "tungsura": {
        "chart": {
            "1001035": 38623,
            "1001036": 10748,
            "1001037": 14272,
            "progres": {
                "total": 196,
                "persen": 100.0,
                "progres": 196
            }
        },
        "table": {
            "621301": {
                "psu": "Reguler",
                "1001035": 9983,
                "1001036": 2272,
                "1001037": 3263,
                "progres": {
                    "total": 44,
                    "persen": 100.0,
                    "progres": 44
                },
                "status_progress": true
            },
            "621302": {
                "psu": "Reguler",
                "1001035": 2827,
                "1001036": 350,
                "1001037": 531,
                "progres": {
                    "total": 11,
                    "persen": 100.0,
                    "progres": 11
                },
                "status_progress": true
            },
            "621303": {
                "psu": "Reguler",
                "1001035": 2693,
                "1001036": 283,
                "1001037": 893,
                "progres": {
                    "total": 14,
                    "persen": 100.0,
                    "progres": 14
                },
                "status_progress": true
            },
            "621304": {
                "psu": "Reguler",
                "1001035": 1885,
                "1001036": 799,
                "1001037": 1108,
                "progres": {
                    "total": 14,
                    "persen": 100.0,
                    "progres": 14
                },
                "status_progress": true
            },
            "621305": {
                "psu": "Reguler",
                "1001035": 7514,
                "1001036": 2245,
                "1001037": 3076,
                "progres": {
                    "total": 36,
                    "persen": 100.0,
                    "progres": 36
                },
                "status_progress": true
            },
            "621306": {
                "psu": "Reguler",
                "1001035": 5411,
                "1001036": 804,
                "1001037": 1309,
                "progres": {
                    "total": 23,
                    "persen": 100.0,
                    "progres": 23
                },
                "status_progress": true
            },
            "621307": {
                "psu": "Reguler",
                "1001035": 1873,
                "1001036": 1193,
                "1001037": 625,
                "progres": {
                    "total": 13,
                    "persen": 100.0,
                    "progres": 13
                },
                "status_progress": true
            },
            "621308": {
                "psu": "Reguler",
                "1001035": 2566,
                "1001036": 860,
                "1001037": 1475,
                "progres": {
                    "total": 14,
                    "persen": 100.0,
                    "progres": 14
                },
                "status_progress": true
            },
            "621309": {
                "psu": "Reguler",
                "1001035": 2451,
                "1001036": 1113,
                "1001037": 1403,
                "progres": {
                    "total": 17,
                    "persen": 100.0,
                    "progres": 17
                },
                "status_progress": true
            },
            "621310": {
                "psu": "Reguler",
                "1001035": 1420,
                "1001036": 829,
                "1001037": 589,
                "progres": {
                    "total": 10,
                    "persen": 100.0,
                    "progres": 10
                },
                "status_progress": true
            }
        }
    },
    "psu": "Reguler",
    "progres": {
        "total": 196,
        "progres": 196
    },
    "ts": "2024-11-28 00:15:00"
}