{
    "mode": "hhcw",
    "tungsura": {
        "chart": {
            "1001038": 45085,
            "1001039": 79092,
            "progres": {
                "total": 415,
                "persen": 99.28,
                "progres": 412
            }
        },
        "table": {
            "627101": {
                "psu": "Reguler",
                "1001038": 14991,
                "1001039": 28130,
                "progres": {
                    "total": 129,
                    "persen": 100.0,
                    "progres": 129
                },
                "status_progress": true
            },
            "627102": {
                "psu": "Reguler",
                "1001038": 2014,
                "1001039": 4274,
                "progres": {
                    "total": 29,
                    "persen": 100.0,
                    "progres": 29
                },
                "status_progress": true
            },
            "627103": {
                "psu": "Reguler",
                "1001038": 23524,
                "1001039": 38307,
                "progres": {
                    "total": 208,
                    "persen": 98.56,
                    "progres": 205
                },
                "status_progress": true
            },
            "627104": {
                "psu": "Reguler",
                "1001038": 4061,
                "1001039": 7302,
                "progres": {
                    "total": 39,
                    "persen": 100.0,
                    "progres": 39
                },
                "status_progress": true
            },
            "627105": {
                "psu": "Reguler",
                "1001038": 495,
                "1001039": 1079,
                "progres": {
                    "total": 10,
                    "persen": 100.0,
                    "progres": 10
                },
                "status_progress": true
            }
        }
    },
    "psu": "Reguler",
    "progres": {
        "total": 415,
        "progres": 412
    },
    "ts": "2024-11-28 08:30:00"
}