{
    "mode": "hhcw",
    "tungsura": {
        "chart": {
            "1000547": 1490299,
            "1000548": 572886,
            "progres": {
                "total": 7908,
                "persen": 98.22,
                "progres": 7767
            }
        },
        "table": {
            "320101": {
                "psu": "Reguler",
                "1000547": 116596,
                "1000548": 26992,
                "progres": {
                    "total": 536,
                    "persen": 99.44,
                    "progres": 533
                },
                "status_progress": true
            },
            "320102": {
                "psu": "Reguler",
                "1000547": 74479,
                "1000548": 28365,
                "progres": {
                    "total": 456,
                    "persen": 97.37,
                    "progres": 444
                },
                "status_progress": true
            },
            "320103": {
                "psu": "Reguler",
                "1000547": 68053,
                "1000548": 14279,
                "progres": {
                    "total": 286,
                    "persen": 100.0,
                    "progres": 286
                },
                "status_progress": true
            },
            "320104": {
                "psu": "Reguler",
                "1000547": 56898,
                "1000548": 13689,
                "progres": {
                    "total": 257,
                    "persen": 94.55,
                    "progres": 243
                },
                "status_progress": true
            },
            "320105": {
                "psu": "Reguler",
                "1000547": 36021,
                "1000548": 7321,
                "progres": {
                    "total": 160,
                    "persen": 96.88,
                    "progres": 155
                },
                "status_progress": true
            },
            "320106": {
                "psu": "Reguler",
                "1000547": 40456,
                "1000548": 19638,
                "progres": {
                    "total": 215,
                    "persen": 97.67,
                    "progres": 210
                },
                "status_progress": true
            },
            "320107": {
                "psu": "Reguler",
                "1000547": 67105,
                "1000548": 32421,
                "progres": {
                    "total": 386,
                    "persen": 97.15,
                    "progres": 375
                },
                "status_progress": true
            },
            "320108": {
                "psu": "Reguler",
                "1000547": 17094,
                "1000548": 8769,
                "progres": {
                    "total": 99,
                    "persen": 100.0,
                    "progres": 99
                },
                "status_progress": true
            },
            "320109": {
                "psu": "Reguler",
                "1000547": 24107,
                "1000548": 9964,
                "progres": {
                    "total": 125,
                    "persen": 96.8,
                    "progres": 121
                },
                "status_progress": true
            },
            "320110": {
                "psu": "Reguler",
                "1000547": 29171,
                "1000548": 14720,
                "progres": {
                    "total": 182,
                    "persen": 98.9,
                    "progres": 180
                },
                "status_progress": true
            },
            "320111": {
                "psu": "Reguler",
                "1000547": 26406,
                "1000548": 15161,
                "progres": {
                    "total": 161,
                    "persen": 97.52,
                    "progres": 157
                },
                "status_progress": true
            },
            "320112": {
                "psu": "Reguler",
                "1000547": 27340,
                "1000548": 12529,
                "progres": {
                    "total": 152,
                    "persen": 100.0,
                    "progres": 152
                },
                "status_progress": true
            },
            "320113": {
                "psu": "Reguler",
                "1000547": 58249,
                "1000548": 23542,
                "progres": {
                    "total": 384,
                    "persen": 96.88,
                    "progres": 372
                },
                "status_progress": true
            },
            "320114": {
                "psu": "Reguler",
                "1000547": 35701,
                "1000548": 14273,
                "progres": {
                    "total": 200,
                    "persen": 100.0,
                    "progres": 200
                },
                "status_progress": true
            },
            "320115": {
                "psu": "Reguler",
                "1000547": 47507,
                "1000548": 19486,
                "progres": {
                    "total": 253,
                    "persen": 100.0,
                    "progres": 253
                },
                "status_progress": true
            },
            "320116": {
                "psu": "Reguler",
                "1000547": 41781,
                "1000548": 17143,
                "progres": {
                    "total": 216,
                    "persen": 100.0,
                    "progres": 216
                },
                "status_progress": true
            },
            "320117": {
                "psu": "Reguler",
                "1000547": 45849,
                "1000548": 14160,
                "progres": {
                    "total": 246,
                    "persen": 100.0,
                    "progres": 246
                },
                "status_progress": true
            },
            "320118": {
                "psu": "Reguler",
                "1000547": 40113,
                "1000548": 18743,
                "progres": {
                    "total": 251,
                    "persen": 97.61,
                    "progres": 245
                },
                "status_progress": true
            },
            "320119": {
                "psu": "Reguler",
                "1000547": 25836,
                "1000548": 11901,
                "progres": {
                    "total": 153,
                    "persen": 96.73,
                    "progres": 148
                },
                "status_progress": true
            },
            "320120": {
                "psu": "Reguler",
                "1000547": 28520,
                "1000548": 15288,
                "progres": {
                    "total": 179,
                    "persen": 100.0,
                    "progres": 179
                },
                "status_progress": true
            },
            "320121": {
                "psu": "Reguler",
                "1000547": 29375,
                "1000548": 8724,
                "progres": {
                    "total": 145,
                    "persen": 98.62,
                    "progres": 143
                },
                "status_progress": true
            },
            "320122": {
                "psu": "Reguler",
                "1000547": 35664,
                "1000548": 11442,
                "progres": {
                    "total": 197,
                    "persen": 90.86,
                    "progres": 179
                },
                "status_progress": true
            },
            "320123": {
                "psu": "Reguler",
                "1000547": 17782,
                "1000548": 10388,
                "progres": {
                    "total": 105,
                    "persen": 100.0,
                    "progres": 105
                },
                "status_progress": true
            },
            "320124": {
                "psu": "Reguler",
                "1000547": 36891,
                "1000548": 10123,
                "progres": {
                    "total": 161,
                    "persen": 98.14,
                    "progres": 158
                },
                "status_progress": true
            },
            "320125": {
                "psu": "Reguler",
                "1000547": 39524,
                "1000548": 11092,
                "progres": {
                    "total": 210,
                    "persen": 97.14,
                    "progres": 204
                },
                "status_progress": true
            },
            "320126": {
                "psu": "Reguler",
                "1000547": 32998,
                "1000548": 12351,
                "progres": {
                    "total": 161,
                    "persen": 96.89,
                    "progres": 156
                },
                "status_progress": true
            },
            "320127": {
                "psu": "Reguler",
                "1000547": 37329,
                "1000548": 12899,
                "progres": {
                    "total": 190,
                    "persen": 99.47,
                    "progres": 189
                },
                "status_progress": true
            },
            "320128": {
                "psu": "Reguler",
                "1000547": 22761,
                "1000548": 10955,
                "progres": {
                    "total": 133,
                    "persen": 97.74,
                    "progres": 130
                },
                "status_progress": true
            },
            "320129": {
                "psu": "Reguler",
                "1000547": 41782,
                "1000548": 22256,
                "progres": {
                    "total": 212,
                    "persen": 99.53,
                    "progres": 211
                },
                "status_progress": true
            },
            "320130": {
                "psu": "Reguler",
                "1000547": 28490,
                "1000548": 14700,
                "progres": {
                    "total": 160,
                    "persen": 100.0,
                    "progres": 160
                },
                "status_progress": true
            },
            "320131": {
                "psu": "Reguler",
                "1000547": 30559,
                "1000548": 17604,
                "progres": {
                    "total": 173,
                    "persen": 100.0,
                    "progres": 173
                },
                "status_progress": true
            },
            "320132": {
                "psu": "Reguler",
                "1000547": 32869,
                "1000548": 17169,
                "progres": {
                    "total": 160,
                    "persen": 100.0,
                    "progres": 160
                },
                "status_progress": true
            },
            "320133": {
                "psu": "Reguler",
                "1000547": 28528,
                "1000548": 12342,
                "progres": {
                    "total": 162,
                    "persen": 99.38,
                    "progres": 161
                },
                "status_progress": true
            },
            "320134": {
                "psu": "Reguler",
                "1000547": 18522,
                "1000548": 6748,
                "progres": {
                    "total": 100,
                    "persen": 100.0,
                    "progres": 100
                },
                "status_progress": true
            },
            "320135": {
                "psu": "Reguler",
                "1000547": 33742,
                "1000548": 3129,
                "progres": {
                    "total": 121,
                    "persen": 85.95,
                    "progres": 104
                },
                "status_progress": true
            },
            "320136": {
                "psu": "Reguler",
                "1000547": 18275,
                "1000548": 9741,
                "progres": {
                    "total": 93,
                    "persen": 98.92,
                    "progres": 92
                },
                "status_progress": true
            },
            "320137": {
                "psu": "Reguler",
                "1000547": 32636,
                "1000548": 13247,
                "progres": {
                    "total": 165,
                    "persen": 100.0,
                    "progres": 165
                },
                "status_progress": true
            },
            "320138": {
                "psu": "Reguler",
                "1000547": 25513,
                "1000548": 13267,
                "progres": {
                    "total": 135,
                    "persen": 100.0,
                    "progres": 135
                },
                "status_progress": true
            },
            "320139": {
                "psu": "Reguler",
                "1000547": 21424,
                "1000548": 7243,
                "progres": {
                    "total": 121,
                    "persen": 100.0,
                    "progres": 121
                },
                "status_progress": true
            },
            "320140": {
                "psu": "Reguler",
                "1000547": 18353,
                "1000548": 9082,
                "progres": {
                    "total": 107,
                    "persen": 100.0,
                    "progres": 107
                },
                "status_progress": true
            }
        }
    },
    "psu": "Reguler",
    "progres": {
        "total": 7908,
        "progres": 7767
    },
    "ts": "2024-11-28 09:00:00"
}