{
    "mode": "hhcw",
    "tungsura": {
        "chart": {
            "1000549": 498701,
            "1000550": 564422,
            "progres": {
                "total": 4318,
                "persen": 99.91,
                "progres": 4314
            }
        },
        "table": {
            "320201": {
                "psu": "Reguler",
                "1000549": 23026,
                "1000550": 20231,
                "progres": {
                    "total": 189,
                    "persen": 100.0,
                    "progres": 189
                },
                "status_progress": true
            },
            "320202": {
                "psu": "Reguler",
                "1000549": 10420,
                "1000550": 11045,
                "progres": {
                    "total": 98,
                    "persen": 100.0,
                    "progres": 98
                },
                "status_progress": true
            },
            "320203": {
                "psu": "Reguler",
                "1000549": 7657,
                "1000550": 8770,
                "progres": {
                    "total": 73,
                    "persen": 100.0,
                    "progres": 73
                },
                "status_progress": true
            },
            "320204": {
                "psu": "Reguler",
                "1000549": 5299,
                "1000550": 9650,
                "progres": {
                    "total": 66,
                    "persen": 100.0,
                    "progres": 66
                },
                "status_progress": true
            },
            "320205": {
                "psu": "Reguler",
                "1000549": 12176,
                "1000550": 16894,
                "progres": {
                    "total": 118,
                    "persen": 100.0,
                    "progres": 118
                },
                "status_progress": true
            },
            "320206": {
                "psu": "Reguler",
                "1000549": 11583,
                "1000550": 12067,
                "progres": {
                    "total": 107,
                    "persen": 100.0,
                    "progres": 107
                },
                "status_progress": true
            },
            "320207": {
                "psu": "Reguler",
                "1000549": 5720,
                "1000550": 5443,
                "progres": {
                    "total": 49,
                    "persen": 100.0,
                    "progres": 49
                },
                "status_progress": true
            },
            "320208": {
                "psu": "Reguler",
                "1000549": 11747,
                "1000550": 15660,
                "progres": {
                    "total": 115,
                    "persen": 100.0,
                    "progres": 115
                },
                "status_progress": true
            },
            "320209": {
                "psu": "Reguler",
                "1000549": 11636,
                "1000550": 12612,
                "progres": {
                    "total": 108,
                    "persen": 97.22,
                    "progres": 105
                },
                "status_progress": true
            },
            "320210": {
                "psu": "Reguler",
                "1000549": 18239,
                "1000550": 18776,
                "progres": {
                    "total": 138,
                    "persen": 100.0,
                    "progres": 138
                },
                "status_progress": true
            },
            "320211": {
                "psu": "Reguler",
                "1000549": 25563,
                "1000550": 23166,
                "progres": {
                    "total": 188,
                    "persen": 100.0,
                    "progres": 188
                },
                "status_progress": true
            },
            "320212": {
                "psu": "Reguler",
                "1000549": 17998,
                "1000550": 22994,
                "progres": {
                    "total": 141,
                    "persen": 100.0,
                    "progres": 141
                },
                "status_progress": true
            },
            "320213": {
                "psu": "Reguler",
                "1000549": 18258,
                "1000550": 13409,
                "progres": {
                    "total": 114,
                    "persen": 100.0,
                    "progres": 114
                },
                "status_progress": true
            },
            "320214": {
                "psu": "Reguler",
                "1000549": 7844,
                "1000550": 8876,
                "progres": {
                    "total": 64,
                    "persen": 100.0,
                    "progres": 64
                },
                "status_progress": true
            },
            "320215": {
                "psu": "Reguler",
                "1000549": 7648,
                "1000550": 12263,
                "progres": {
                    "total": 67,
                    "persen": 100.0,
                    "progres": 67
                },
                "status_progress": true
            },
            "320216": {
                "psu": "Reguler",
                "1000549": 25136,
                "1000550": 31883,
                "progres": {
                    "total": 213,
                    "persen": 100.0,
                    "progres": 213
                },
                "status_progress": true
            },
            "320217": {
                "psu": "Reguler",
                "1000549": 8731,
                "1000550": 21291,
                "progres": {
                    "total": 112,
                    "persen": 100.0,
                    "progres": 112
                },
                "status_progress": true
            },
            "320218": {
                "psu": "Reguler",
                "1000549": 11835,
                "1000550": 10121,
                "progres": {
                    "total": 82,
                    "persen": 100.0,
                    "progres": 82
                },
                "status_progress": true
            },
            "320219": {
                "psu": "Reguler",
                "1000549": 8142,
                "1000550": 8323,
                "progres": {
                    "total": 75,
                    "persen": 100.0,
                    "progres": 75
                },
                "status_progress": true
            },
            "320220": {
                "psu": "Reguler",
                "1000549": 4301,
                "1000550": 7170,
                "progres": {
                    "total": 51,
                    "persen": 100.0,
                    "progres": 51
                },
                "status_progress": true
            },
            "320221": {
                "psu": "Reguler",
                "1000549": 7017,
                "1000550": 11908,
                "progres": {
                    "total": 75,
                    "persen": 100.0,
                    "progres": 75
                },
                "status_progress": true
            },
            "320222": {
                "psu": "Reguler",
                "1000549": 6532,
                "1000550": 15021,
                "progres": {
                    "total": 93,
                    "persen": 100.0,
                    "progres": 93
                },
                "status_progress": true
            },
            "320223": {
                "psu": "Reguler",
                "1000549": 3745,
                "1000550": 7902,
                "progres": {
                    "total": 55,
                    "persen": 100.0,
                    "progres": 55
                },
                "status_progress": true
            },
            "320224": {
                "psu": "Reguler",
                "1000549": 15655,
                "1000550": 16552,
                "progres": {
                    "total": 133,
                    "persen": 100.0,
                    "progres": 133
                },
                "status_progress": true
            },
            "320225": {
                "psu": "Reguler",
                "1000549": 4406,
                "1000550": 6268,
                "progres": {
                    "total": 45,
                    "persen": 100.0,
                    "progres": 45
                },
                "status_progress": true
            },
            "320226": {
                "psu": "Reguler",
                "1000549": 10466,
                "1000550": 10714,
                "progres": {
                    "total": 86,
                    "persen": 100.0,
                    "progres": 86
                },
                "status_progress": true
            },
            "320227": {
                "psu": "Reguler",
                "1000549": 11192,
                "1000550": 11727,
                "progres": {
                    "total": 91,
                    "persen": 100.0,
                    "progres": 91
                },
                "status_progress": true
            },
            "320228": {
                "psu": "Reguler",
                "1000549": 14429,
                "1000550": 10907,
                "progres": {
                    "total": 91,
                    "persen": 100.0,
                    "progres": 91
                },
                "status_progress": true
            },
            "320229": {
                "psu": "Reguler",
                "1000549": 30333,
                "1000550": 24399,
                "progres": {
                    "total": 188,
                    "persen": 99.47,
                    "progres": 187
                },
                "status_progress": true
            },
            "320230": {
                "psu": "Reguler",
                "1000549": 13277,
                "1000550": 11593,
                "progres": {
                    "total": 102,
                    "persen": 100.0,
                    "progres": 102
                },
                "status_progress": true
            },
            "320231": {
                "psu": "Reguler",
                "1000549": 8021,
                "1000550": 11836,
                "progres": {
                    "total": 87,
                    "persen": 100.0,
                    "progres": 87
                },
                "status_progress": true
            },
            "320232": {
                "psu": "Reguler",
                "1000549": 10215,
                "1000550": 11847,
                "progres": {
                    "total": 78,
                    "persen": 100.0,
                    "progres": 78
                },
                "status_progress": true
            },
            "320233": {
                "psu": "Reguler",
                "1000549": 18467,
                "1000550": 17176,
                "progres": {
                    "total": 151,
                    "persen": 100.0,
                    "progres": 151
                },
                "status_progress": true
            },
            "320234": {
                "psu": "Reguler",
                "1000549": 7076,
                "1000550": 6856,
                "progres": {
                    "total": 59,
                    "persen": 100.0,
                    "progres": 59
                },
                "status_progress": true
            },
            "320235": {
                "psu": "Reguler",
                "1000549": 6513,
                "1000550": 7002,
                "progres": {
                    "total": 58,
                    "persen": 100.0,
                    "progres": 58
                },
                "status_progress": true
            },
            "320236": {
                "psu": "Reguler",
                "1000549": 6845,
                "1000550": 8754,
                "progres": {
                    "total": 74,
                    "persen": 100.0,
                    "progres": 74
                },
                "status_progress": true
            },
            "320237": {
                "psu": "Reguler",
                "1000549": 6657,
                "1000550": 9908,
                "progres": {
                    "total": 77,
                    "persen": 100.0,
                    "progres": 77
                },
                "status_progress": true
            },
            "320238": {
                "psu": "Reguler",
                "1000549": 6926,
                "1000550": 9844,
                "progres": {
                    "total": 74,
                    "persen": 100.0,
                    "progres": 74
                },
                "status_progress": true
            },
            "320239": {
                "psu": "Reguler",
                "1000549": 8292,
                "1000550": 11659,
                "progres": {
                    "total": 74,
                    "persen": 100.0,
                    "progres": 74
                },
                "status_progress": true
            },
            "320240": {
                "psu": "Reguler",
                "1000549": 9187,
                "1000550": 7130,
                "progres": {
                    "total": 75,
                    "persen": 100.0,
                    "progres": 75
                },
                "status_progress": true
            },
            "320241": {
                "psu": "Reguler",
                "1000549": 8910,
                "1000550": 10099,
                "progres": {
                    "total": 75,
                    "persen": 100.0,
                    "progres": 75
                },
                "status_progress": true
            },
            "320242": {
                "psu": "Reguler",
                "1000549": 4028,
                "1000550": 7691,
                "progres": {
                    "total": 55,
                    "persen": 100.0,
                    "progres": 55
                },
                "status_progress": true
            },
            "320243": {
                "psu": "Reguler",
                "1000549": 3688,
                "1000550": 2470,
                "progres": {
                    "total": 27,
                    "persen": 100.0,
                    "progres": 27
                },
                "status_progress": true
            },
            "320244": {
                "psu": "Reguler",
                "1000549": 3457,
                "1000550": 3930,
                "progres": {
                    "total": 46,
                    "persen": 100.0,
                    "progres": 46
                },
                "status_progress": true
            },
            "320245": {
                "psu": "Reguler",
                "1000549": 7095,
                "1000550": 6626,
                "progres": {
                    "total": 63,
                    "persen": 100.0,
                    "progres": 63
                },
                "status_progress": true
            },
            "320246": {
                "psu": "Reguler",
                "1000549": 4499,
                "1000550": 4578,
                "progres": {
                    "total": 42,
                    "persen": 100.0,
                    "progres": 42
                },
                "status_progress": true
            },
            "320247": {
                "psu": "Reguler",
                "1000549": 8814,
                "1000550": 9381,
                "progres": {
                    "total": 76,
                    "persen": 100.0,
                    "progres": 76
                },
                "status_progress": true
            }
        }
    },
    "psu": "Reguler",
    "progres": {
        "total": 4318,
        "progres": 4314
    },
    "ts": "2024-11-28 03:45:00"
}