{
    "mode": "hhcw",
    "tungsura": {
        "chart": {
            "1000561": 586834,
            "1000562": 70169,
            "progres": {
                "total": 2084,
                "persen": 99.57,
                "progres": 2075
            }
        },
        "table": {
            "320701": {
                "psu": "Reguler",
                "1000561": 45843,
                "1000562": 9662,
                "progres": {
                    "total": 158,
                    "persen": 98.1,
                    "progres": 155
                },
                "status_progress": true
            },
            "320702": {
                "psu": "Reguler",
                "1000561": 23535,
                "1000562": 4514,
                "progres": {
                    "total": 90,
                    "persen": 98.89,
                    "progres": 89
                },
                "status_progress": true
            },
            "320703": {
                "psu": "Reguler",
                "1000561": 26666,
                "1000562": 3768,
                "progres": {
                    "total": 91,
                    "persen": 100.0,
                    "progres": 91
                },
                "status_progress": true
            },
            "320704": {
                "psu": "Reguler",
                "1000561": 18641,
                "1000562": 2356,
                "progres": {
                    "total": 62,
                    "persen": 100.0,
                    "progres": 62
                },
                "status_progress": true
            },
            "320705": {
                "psu": "Reguler",
                "1000561": 9942,
                "1000562": 698,
                "progres": {
                    "total": 34,
                    "persen": 100.0,
                    "progres": 34
                },
                "status_progress": true
            },
            "320706": {
                "psu": "Reguler",
                "1000561": 23862,
                "1000562": 2627,
                "progres": {
                    "total": 85,
                    "persen": 100.0,
                    "progres": 85
                },
                "status_progress": true
            },
            "320707": {
                "psu": "Reguler",
                "1000561": 28386,
                "1000562": 3281,
                "progres": {
                    "total": 100,
                    "persen": 100.0,
                    "progres": 100
                },
                "status_progress": true
            },
            "320708": {
                "psu": "Reguler",
                "1000561": 23615,
                "1000562": 2222,
                "progres": {
                    "total": 75,
                    "persen": 100.0,
                    "progres": 75
                },
                "status_progress": true
            },
            "320709": {
                "psu": "Reguler",
                "1000561": 22449,
                "1000562": 1827,
                "progres": {
                    "total": 72,
                    "persen": 100.0,
                    "progres": 72
                },
                "status_progress": true
            },
            "320710": {
                "psu": "Reguler",
                "1000561": 24996,
                "1000562": 2054,
                "progres": {
                    "total": 92,
                    "persen": 100.0,
                    "progres": 92
                },
                "status_progress": true
            },
            "320711": {
                "psu": "Reguler",
                "1000561": 32174,
                "1000562": 2220,
                "progres": {
                    "total": 111,
                    "persen": 100.0,
                    "progres": 111
                },
                "status_progress": true
            },
            "320712": {
                "psu": "Reguler",
                "1000561": 13513,
                "1000562": 1066,
                "progres": {
                    "total": 48,
                    "persen": 97.92,
                    "progres": 47
                },
                "status_progress": true
            },
            "320713": {
                "psu": "Reguler",
                "1000561": 26111,
                "1000562": 1576,
                "progres": {
                    "total": 87,
                    "persen": 100.0,
                    "progres": 87
                },
                "status_progress": true
            },
            "320714": {
                "psu": "Reguler",
                "1000561": 12384,
                "1000562": 808,
                "progres": {
                    "total": 44,
                    "persen": 100.0,
                    "progres": 44
                },
                "status_progress": true
            },
            "320715": {
                "psu": "Reguler",
                "1000561": 29389,
                "1000562": 2433,
                "progres": {
                    "total": 95,
                    "persen": 100.0,
                    "progres": 95
                },
                "status_progress": true
            },
            "320716": {
                "psu": "Reguler",
                "1000561": 10189,
                "1000562": 1423,
                "progres": {
                    "total": 38,
                    "persen": 100.0,
                    "progres": 38
                },
                "status_progress": true
            },
            "320717": {
                "psu": "Reguler",
                "1000561": 23069,
                "1000562": 3587,
                "progres": {
                    "total": 91,
                    "persen": 100.0,
                    "progres": 91
                },
                "status_progress": true
            },
            "320718": {
                "psu": "Reguler",
                "1000561": 29130,
                "1000562": 4778,
                "progres": {
                    "total": 113,
                    "persen": 100.0,
                    "progres": 113
                },
                "status_progress": true
            },
            "320719": {
                "psu": "Reguler",
                "1000561": 30962,
                "1000562": 3719,
                "progres": {
                    "total": 114,
                    "persen": 100.0,
                    "progres": 114
                },
                "status_progress": true
            },
            "320729": {
                "psu": "Reguler",
                "1000561": 8181,
                "1000562": 988,
                "progres": {
                    "total": 28,
                    "persen": 100.0,
                    "progres": 28
                },
                "status_progress": true
            },
            "320730": {
                "psu": "Reguler",
                "1000561": 18908,
                "1000562": 2132,
                "progres": {
                    "total": 67,
                    "persen": 100.0,
                    "progres": 67
                },
                "status_progress": true
            },
            "320731": {
                "psu": "Reguler",
                "1000561": 22171,
                "1000562": 3206,
                "progres": {
                    "total": 82,
                    "persen": 96.34,
                    "progres": 79
                },
                "status_progress": true
            },
            "320732": {
                "psu": "Reguler",
                "1000561": 22131,
                "1000562": 2903,
                "progres": {
                    "total": 71,
                    "persen": 100.0,
                    "progres": 71
                },
                "status_progress": true
            },
            "320733": {
                "psu": "Reguler",
                "1000561": 10004,
                "1000562": 688,
                "progres": {
                    "total": 40,
                    "persen": 100.0,
                    "progres": 40
                },
                "status_progress": true
            },
            "320734": {
                "psu": "Reguler",
                "1000561": 14951,
                "1000562": 1115,
                "progres": {
                    "total": 52,
                    "persen": 100.0,
                    "progres": 52
                },
                "status_progress": true
            },
            "320735": {
                "psu": "Reguler",
                "1000561": 15977,
                "1000562": 3100,
                "progres": {
                    "total": 73,
                    "persen": 98.63,
                    "progres": 72
                },
                "status_progress": true
            },
            "320737": {
                "psu": "Reguler",
                "1000561": 19655,
                "1000562": 1418,
                "progres": {
                    "total": 71,
                    "persen": 100.0,
                    "progres": 71
                },
                "status_progress": true
            }
        }
    },
    "psu": "Reguler",
    "progres": {
        "total": 2084,
        "progres": 2075
    },
    "ts": "2024-11-28 08:15:00"
}