{
    "mode": "hhcw",
    "tungsura": {
        "chart": {
            "1000579": 298479,
            "1000580": 429220,
            "1000581": 72931,
            "progres": {
                "total": 2652,
                "persen": 99.62,
                "progres": 2642
            }
        },
        "table": {
            "321301": {
                "psu": "Reguler",
                "1000579": 8177,
                "1000580": 9161,
                "1000581": 711,
                "progres": {
                    "total": 54,
                    "persen": 100.0,
                    "progres": 54
                },
                "status_progress": true
            },
            "321302": {
                "psu": "Reguler",
                "1000579": 9194,
                "1000580": 11096,
                "1000581": 2380,
                "progres": {
                    "total": 68,
                    "persen": 100.0,
                    "progres": 68
                },
                "status_progress": true
            },
            "321303": {
                "psu": "Reguler",
                "1000579": 25114,
                "1000580": 37488,
                "1000581": 5995,
                "progres": {
                    "total": 230,
                    "persen": 100.0,
                    "progres": 230
                },
                "status_progress": true
            },
            "321304": {
                "psu": "Reguler",
                "1000579": 12437,
                "1000580": 16618,
                "1000581": 2844,
                "progres": {
                    "total": 103,
                    "persen": 99.03,
                    "progres": 102
                },
                "status_progress": true
            },
            "321305": {
                "psu": "Reguler",
                "1000579": 11499,
                "1000580": 16928,
                "1000581": 2974,
                "progres": {
                    "total": 100,
                    "persen": 100.0,
                    "progres": 100
                },
                "status_progress": true
            },
            "321306": {
                "psu": "Reguler",
                "1000579": 12532,
                "1000580": 15118,
                "1000581": 3045,
                "progres": {
                    "total": 102,
                    "persen": 100.0,
                    "progres": 102
                },
                "status_progress": true
            },
            "321307": {
                "psu": "Reguler",
                "1000579": 10746,
                "1000580": 18426,
                "1000581": 3023,
                "progres": {
                    "total": 103,
                    "persen": 100.0,
                    "progres": 103
                },
                "status_progress": true
            },
            "321308": {
                "psu": "Reguler",
                "1000579": 9437,
                "1000580": 12384,
                "1000581": 1935,
                "progres": {
                    "total": 77,
                    "persen": 100.0,
                    "progres": 77
                },
                "status_progress": true
            },
            "321309": {
                "psu": "Reguler",
                "1000579": 15834,
                "1000580": 26675,
                "1000581": 6694,
                "progres": {
                    "total": 186,
                    "persen": 100.0,
                    "progres": 186
                },
                "status_progress": true
            },
            "321310": {
                "psu": "Reguler",
                "1000579": 6023,
                "1000580": 11212,
                "1000581": 1916,
                "progres": {
                    "total": 75,
                    "persen": 100.0,
                    "progres": 75
                },
                "status_progress": true
            },
            "321311": {
                "psu": "Reguler",
                "1000579": 9588,
                "1000580": 14995,
                "1000581": 3474,
                "progres": {
                    "total": 99,
                    "persen": 100.0,
                    "progres": 99
                },
                "status_progress": true
            },
            "321312": {
                "psu": "Reguler",
                "1000579": 9707,
                "1000580": 13688,
                "1000581": 2035,
                "progres": {
                    "total": 73,
                    "persen": 100.0,
                    "progres": 73
                },
                "status_progress": true
            },
            "321313": {
                "psu": "Reguler",
                "1000579": 8236,
                "1000580": 18678,
                "1000581": 2265,
                "progres": {
                    "total": 107,
                    "persen": 99.07,
                    "progres": 106
                },
                "status_progress": true
            },
            "321314": {
                "psu": "Reguler",
                "1000579": 9186,
                "1000580": 16142,
                "1000581": 1543,
                "progres": {
                    "total": 74,
                    "persen": 100.0,
                    "progres": 74
                },
                "status_progress": true
            },
            "321315": {
                "psu": "Reguler",
                "1000579": 7782,
                "1000580": 10539,
                "1000581": 2283,
                "progres": {
                    "total": 78,
                    "persen": 96.15,
                    "progres": 75
                },
                "status_progress": true
            },
            "321316": {
                "psu": "Reguler",
                "1000579": 11569,
                "1000580": 17938,
                "1000581": 8544,
                "progres": {
                    "total": 125,
                    "persen": 100.0,
                    "progres": 125
                },
                "status_progress": true
            },
            "321317": {
                "psu": "Reguler",
                "1000579": 8954,
                "1000580": 15016,
                "1000581": 1264,
                "progres": {
                    "total": 76,
                    "persen": 98.68,
                    "progres": 75
                },
                "status_progress": true
            },
            "321318": {
                "psu": "Reguler",
                "1000579": 12799,
                "1000580": 16800,
                "1000581": 1871,
                "progres": {
                    "total": 109,
                    "persen": 97.25,
                    "progres": 106
                },
                "status_progress": true
            },
            "321319": {
                "psu": "Reguler",
                "1000579": 8650,
                "1000580": 13804,
                "1000581": 1232,
                "progres": {
                    "total": 71,
                    "persen": 100.0,
                    "progres": 71
                },
                "status_progress": true
            },
            "321320": {
                "psu": "Reguler",
                "1000579": 11337,
                "1000580": 11912,
                "1000581": 1898,
                "progres": {
                    "total": 77,
                    "persen": 100.0,
                    "progres": 77
                },
                "status_progress": true
            },
            "321321": {
                "psu": "Reguler",
                "1000579": 5017,
                "1000580": 5678,
                "1000581": 948,
                "progres": {
                    "total": 42,
                    "persen": 100.0,
                    "progres": 42
                },
                "status_progress": true
            },
            "321322": {
                "psu": "Reguler",
                "1000579": 10143,
                "1000580": 12738,
                "1000581": 1586,
                "progres": {
                    "total": 82,
                    "persen": 98.78,
                    "progres": 81
                },
                "status_progress": true
            },
            "321323": {
                "psu": "Reguler",
                "1000579": 7929,
                "1000580": 6425,
                "1000581": 599,
                "progres": {
                    "total": 55,
                    "persen": 100.0,
                    "progres": 55
                },
                "status_progress": true
            },
            "321324": {
                "psu": "Reguler",
                "1000579": 6943,
                "1000580": 10506,
                "1000581": 2276,
                "progres": {
                    "total": 67,
                    "persen": 100.0,
                    "progres": 67
                },
                "status_progress": true
            },
            "321325": {
                "psu": "Reguler",
                "1000579": 6824,
                "1000580": 13289,
                "1000581": 1864,
                "progres": {
                    "total": 80,
                    "persen": 100.0,
                    "progres": 80
                },
                "status_progress": true
            },
            "321326": {
                "psu": "Reguler",
                "1000579": 9942,
                "1000580": 11401,
                "1000581": 1892,
                "progres": {
                    "total": 69,
                    "persen": 100.0,
                    "progres": 69
                },
                "status_progress": true
            },
            "321327": {
                "psu": "Reguler",
                "1000579": 7753,
                "1000580": 13352,
                "1000581": 1820,
                "progres": {
                    "total": 73,
                    "persen": 100.0,
                    "progres": 73
                },
                "status_progress": true
            },
            "321328": {
                "psu": "Reguler",
                "1000579": 10966,
                "1000580": 9185,
                "1000581": 733,
                "progres": {
                    "total": 63,
                    "persen": 100.0,
                    "progres": 63
                },
                "status_progress": true
            },
            "321329": {
                "psu": "Reguler",
                "1000579": 6049,
                "1000580": 10583,
                "1000581": 1348,
                "progres": {
                    "total": 58,
                    "persen": 100.0,
                    "progres": 58
                },
                "status_progress": true
            },
            "321330": {
                "psu": "Reguler",
                "1000579": 8112,
                "1000580": 11445,
                "1000581": 1939,
                "progres": {
                    "total": 76,
                    "persen": 100.0,
                    "progres": 76
                },
                "status_progress": true
            }
        }
    },
    "psu": "Reguler",
    "progres": {
        "total": 2652,
        "progres": 2642
    },
    "ts": "2024-11-28 08:15:00"
}