{
    "mode": "hhcw",
    "tungsura": {
        "chart": {
            "1000606": 83498,
            "1000607": 427448,
            "1000608": 523000,
            "1000609": 137672,
            "progres": {
                "total": 3590,
                "persen": 100.0,
                "progres": 3590
            }
        },
        "table": {
            "327301": {
                "psu": "Reguler",
                "1000606": 2663,
                "1000607": 12734,
                "1000608": 15397,
                "1000609": 3510,
                "progres": {
                    "total": 103,
                    "persen": 100.0,
                    "progres": 103
                },
                "status_progress": true
            },
            "327302": {
                "psu": "Reguler",
                "1000606": 4217,
                "1000607": 21180,
                "1000608": 21218,
                "1000609": 6450,
                "progres": {
                    "total": 182,
                    "persen": 100.0,
                    "progres": 182
                },
                "status_progress": true
            },
            "327303": {
                "psu": "Reguler",
                "1000606": 5644,
                "1000607": 18754,
                "1000608": 31204,
                "1000609": 8490,
                "progres": {
                    "total": 185,
                    "persen": 100.0,
                    "progres": 185
                },
                "status_progress": true
            },
            "327304": {
                "psu": "Reguler",
                "1000606": 3714,
                "1000607": 17306,
                "1000608": 31150,
                "1000609": 6192,
                "progres": {
                    "total": 176,
                    "persen": 100.0,
                    "progres": 176
                },
                "status_progress": true
            },
            "327305": {
                "psu": "Reguler",
                "1000606": 3588,
                "1000607": 15271,
                "1000608": 20893,
                "1000609": 5238,
                "progres": {
                    "total": 138,
                    "persen": 100.0,
                    "progres": 138
                },
                "status_progress": true
            },
            "327306": {
                "psu": "Reguler",
                "1000606": 3373,
                "1000607": 15537,
                "1000608": 19316,
                "1000609": 4714,
                "progres": {
                    "total": 136,
                    "persen": 100.0,
                    "progres": 136
                },
                "status_progress": true
            },
            "327307": {
                "psu": "Reguler",
                "1000606": 3456,
                "1000607": 16061,
                "1000608": 21217,
                "1000609": 5214,
                "progres": {
                    "total": 149,
                    "persen": 100.0,
                    "progres": 149
                },
                "status_progress": true
            },
            "327308": {
                "psu": "Reguler",
                "1000606": 1745,
                "1000607": 9499,
                "1000608": 11228,
                "1000609": 2541,
                "progres": {
                    "total": 78,
                    "persen": 100.0,
                    "progres": 78
                },
                "status_progress": true
            },
            "327309": {
                "psu": "Reguler",
                "1000606": 988,
                "1000607": 4790,
                "1000608": 5201,
                "1000609": 1143,
                "progres": {
                    "total": 40,
                    "persen": 100.0,
                    "progres": 40
                },
                "status_progress": true
            },
            "327310": {
                "psu": "Reguler",
                "1000606": 2408,
                "1000607": 10461,
                "1000608": 16214,
                "1000609": 3830,
                "progres": {
                    "total": 98,
                    "persen": 100.0,
                    "progres": 98
                },
                "status_progress": true
            },
            "327311": {
                "psu": "Reguler",
                "1000606": 2900,
                "1000607": 12828,
                "1000608": 17036,
                "1000609": 4167,
                "progres": {
                    "total": 109,
                    "persen": 100.0,
                    "progres": 109
                },
                "status_progress": true
            },
            "327312": {
                "psu": "Reguler",
                "1000606": 4594,
                "1000607": 19190,
                "1000608": 24779,
                "1000609": 7090,
                "progres": {
                    "total": 161,
                    "persen": 100.0,
                    "progres": 161
                },
                "status_progress": true
            },
            "327313": {
                "psu": "Reguler",
                "1000606": 2835,
                "1000607": 10197,
                "1000608": 14368,
                "1000609": 3451,
                "progres": {
                    "total": 99,
                    "persen": 100.0,
                    "progres": 99
                },
                "status_progress": true
            },
            "327314": {
                "psu": "Reguler",
                "1000606": 3480,
                "1000607": 21655,
                "1000608": 22273,
                "1000609": 5761,
                "progres": {
                    "total": 153,
                    "persen": 100.0,
                    "progres": 153
                },
                "status_progress": true
            },
            "327315": {
                "psu": "Reguler",
                "1000606": 4850,
                "1000607": 19508,
                "1000608": 30399,
                "1000609": 7998,
                "progres": {
                    "total": 180,
                    "persen": 100.0,
                    "progres": 180
                },
                "status_progress": true
            },
            "327316": {
                "psu": "Reguler",
                "1000606": 3937,
                "1000607": 19794,
                "1000608": 32468,
                "1000609": 6669,
                "progres": {
                    "total": 180,
                    "persen": 100.0,
                    "progres": 180
                },
                "status_progress": true
            },
            "327317": {
                "psu": "Reguler",
                "1000606": 2819,
                "1000607": 13955,
                "1000608": 19004,
                "1000609": 4573,
                "progres": {
                    "total": 129,
                    "persen": 100.0,
                    "progres": 129
                },
                "status_progress": true
            },
            "327318": {
                "psu": "Reguler",
                "1000606": 2967,
                "1000607": 12485,
                "1000608": 13646,
                "1000609": 4044,
                "progres": {
                    "total": 106,
                    "persen": 100.0,
                    "progres": 106
                },
                "status_progress": true
            },
            "327319": {
                "psu": "Reguler",
                "1000606": 1394,
                "1000607": 6360,
                "1000608": 6233,
                "1000609": 1703,
                "progres": {
                    "total": 54,
                    "persen": 100.0,
                    "progres": 54
                },
                "status_progress": true
            },
            "327320": {
                "psu": "Reguler",
                "1000606": 2546,
                "1000607": 16277,
                "1000608": 15928,
                "1000609": 3490,
                "progres": {
                    "total": 122,
                    "persen": 100.0,
                    "progres": 122
                },
                "status_progress": true
            },
            "327321": {
                "psu": "Reguler",
                "1000606": 1918,
                "1000607": 12060,
                "1000608": 10838,
                "1000609": 3960,
                "progres": {
                    "total": 84,
                    "persen": 100.0,
                    "progres": 84
                },
                "status_progress": true
            },
            "327322": {
                "psu": "Reguler",
                "1000606": 2830,
                "1000607": 17492,
                "1000608": 22280,
                "1000609": 6533,
                "progres": {
                    "total": 171,
                    "persen": 100.0,
                    "progres": 171
                },
                "status_progress": true
            },
            "327323": {
                "psu": "Reguler",
                "1000606": 2479,
                "1000607": 16453,
                "1000608": 17311,
                "1000609": 4523,
                "progres": {
                    "total": 123,
                    "persen": 100.0,
                    "progres": 123
                },
                "status_progress": true
            },
            "327324": {
                "psu": "Reguler",
                "1000606": 2630,
                "1000607": 14942,
                "1000608": 16282,
                "1000609": 4594,
                "progres": {
                    "total": 125,
                    "persen": 100.0,
                    "progres": 125
                },
                "status_progress": true
            },
            "327325": {
                "psu": "Reguler",
                "1000606": 2320,
                "1000607": 17226,
                "1000608": 12853,
                "1000609": 5395,
                "progres": {
                    "total": 115,
                    "persen": 100.0,
                    "progres": 115
                },
                "status_progress": true
            },
            "327326": {
                "psu": "Reguler",
                "1000606": 2388,
                "1000607": 18247,
                "1000608": 17856,
                "1000609": 6023,
                "progres": {
                    "total": 145,
                    "persen": 100.0,
                    "progres": 145
                },
                "status_progress": true
            },
            "327327": {
                "psu": "Reguler",
                "1000606": 1157,
                "1000607": 8031,
                "1000608": 8472,
                "1000609": 2527,
                "progres": {
                    "total": 58,
                    "persen": 100.0,
                    "progres": 58
                },
                "status_progress": true
            },
            "327328": {
                "psu": "Reguler",
                "1000606": 1095,
                "1000607": 7700,
                "1000608": 8492,
                "1000609": 2723,
                "progres": {
                    "total": 55,
                    "persen": 100.0,
                    "progres": 55
                },
                "status_progress": true
            },
            "327329": {
                "psu": "Reguler",
                "1000606": 747,
                "1000607": 5046,
                "1000608": 4787,
                "1000609": 1800,
                "progres": {
                    "total": 39,
                    "persen": 100.0,
                    "progres": 39
                },
                "status_progress": true
            },
            "327330": {
                "psu": "Reguler",
                "1000606": 1816,
                "1000607": 16409,
                "1000608": 14657,
                "1000609": 3326,
                "progres": {
                    "total": 97,
                    "persen": 100.0,
                    "progres": 97
                },
                "status_progress": true
            }
        }
    },
    "psu": "Reguler",
    "progres": {
        "total": 3590,
        "progres": 3590
    },
    "ts": "2024-11-28 08:45:00"
}