{
    "mode": "hhcw",
    "tungsura": {
        "chart": {
            "1000613": 425576,
            "1000614": 60690,
            "1000615": 432400,
            "progres": {
                "total": 3673,
                "persen": 98.12,
                "progres": 3604
            }
        },
        "table": {
            "327501": {
                "psu": "Reguler",
                "1000613": 42561,
                "1000614": 7506,
                "1000615": 48827,
                "progres": {
                    "total": 386,
                    "persen": 99.22,
                    "progres": 383
                },
                "status_progress": true
            },
            "327502": {
                "psu": "Reguler",
                "1000613": 47579,
                "1000614": 6110,
                "1000615": 40229,
                "progres": {
                    "total": 395,
                    "persen": 98.73,
                    "progres": 390
                },
                "status_progress": true
            },
            "327503": {
                "psu": "Reguler",
                "1000613": 57538,
                "1000614": 6506,
                "1000615": 60977,
                "progres": {
                    "total": 484,
                    "persen": 98.35,
                    "progres": 476
                },
                "status_progress": true
            },
            "327504": {
                "psu": "Reguler",
                "1000613": 36787,
                "1000614": 5184,
                "1000615": 36428,
                "progres": {
                    "total": 328,
                    "persen": 99.09,
                    "progres": 325
                },
                "status_progress": true
            },
            "327505": {
                "psu": "Reguler",
                "1000613": 32842,
                "1000614": 5338,
                "1000615": 39474,
                "progres": {
                    "total": 324,
                    "persen": 97.22,
                    "progres": 315
                },
                "status_progress": true
            },
            "327506": {
                "psu": "Reguler",
                "1000613": 27685,
                "1000614": 2959,
                "1000615": 26880,
                "progres": {
                    "total": 240,
                    "persen": 97.08,
                    "progres": 233
                },
                "status_progress": true
            },
            "327507": {
                "psu": "Reguler",
                "1000613": 17901,
                "1000614": 3763,
                "1000615": 22222,
                "progres": {
                    "total": 153,
                    "persen": 97.39,
                    "progres": 149
                },
                "status_progress": true
            },
            "327508": {
                "psu": "Reguler",
                "1000613": 37966,
                "1000614": 5222,
                "1000615": 40222,
                "progres": {
                    "total": 344,
                    "persen": 100.0,
                    "progres": 344
                },
                "status_progress": true
            },
            "327509": {
                "psu": "Reguler",
                "1000613": 45740,
                "1000614": 4193,
                "1000615": 35714,
                "progres": {
                    "total": 354,
                    "persen": 94.92,
                    "progres": 336
                },
                "status_progress": true
            },
            "327510": {
                "psu": "Reguler",
                "1000613": 16219,
                "1000614": 3374,
                "1000615": 21774,
                "progres": {
                    "total": 173,
                    "persen": 99.42,
                    "progres": 172
                },
                "status_progress": true
            },
            "327511": {
                "psu": "Reguler",
                "1000613": 37641,
                "1000614": 7692,
                "1000615": 35791,
                "progres": {
                    "total": 298,
                    "persen": 96.31,
                    "progres": 287
                },
                "status_progress": true
            },
            "327512": {
                "psu": "Reguler",
                "1000613": 25117,
                "1000614": 2843,
                "1000615": 23862,
                "progres": {
                    "total": 194,
                    "persen": 100.0,
                    "progres": 194
                },
                "status_progress": true
            }
        }
    },
    "psu": "Reguler",
    "progres": {
        "total": 3673,
        "progres": 3604
    },
    "ts": "2024-11-28 09:00:00"
}