{
    "mode": "hhcw",
    "tungsura": {
        "chart": {
            "1000616": 391115,
            "1000617": 445669,
            "progres": {
                "total": 2763,
                "persen": 98.66,
                "progres": 2726
            }
        },
        "table": {
            "327601": {
                "psu": "Reguler",
                "1000616": 45444,
                "1000617": 58966,
                "progres": {
                    "total": 343,
                    "persen": 99.13,
                    "progres": 340
                },
                "status_progress": true
            },
            "327602": {
                "psu": "Reguler",
                "1000616": 44361,
                "1000617": 54444,
                "progres": {
                    "total": 337,
                    "persen": 97.92,
                    "progres": 330
                },
                "status_progress": true
            },
            "327603": {
                "psu": "Reguler",
                "1000616": 38170,
                "1000617": 41180,
                "progres": {
                    "total": 230,
                    "persen": 100.0,
                    "progres": 230
                },
                "status_progress": true
            },
            "327604": {
                "psu": "Reguler",
                "1000616": 23146,
                "1000617": 20870,
                "progres": {
                    "total": 142,
                    "persen": 96.48,
                    "progres": 137
                },
                "status_progress": true
            },
            "327605": {
                "psu": "Reguler",
                "1000616": 44486,
                "1000617": 58846,
                "progres": {
                    "total": 363,
                    "persen": 98.9,
                    "progres": 359
                },
                "status_progress": true
            },
            "327606": {
                "psu": "Reguler",
                "1000616": 34338,
                "1000617": 34262,
                "progres": {
                    "total": 228,
                    "persen": 99.56,
                    "progres": 227
                },
                "status_progress": true
            },
            "327607": {
                "psu": "Reguler",
                "1000616": 28847,
                "1000617": 39736,
                "progres": {
                    "total": 215,
                    "persen": 100.0,
                    "progres": 215
                },
                "status_progress": true
            },
            "327608": {
                "psu": "Reguler",
                "1000616": 26910,
                "1000617": 38909,
                "progres": {
                    "total": 229,
                    "persen": 96.94,
                    "progres": 222
                },
                "status_progress": true
            },
            "327609": {
                "psu": "Reguler",
                "1000616": 17338,
                "1000617": 17193,
                "progres": {
                    "total": 127,
                    "persen": 100.0,
                    "progres": 127
                },
                "status_progress": true
            },
            "327610": {
                "psu": "Reguler",
                "1000616": 56344,
                "1000617": 54708,
                "progres": {
                    "total": 372,
                    "persen": 97.31,
                    "progres": 362
                },
                "status_progress": true
            },
            "327611": {
                "psu": "Reguler",
                "1000616": 31731,
                "1000617": 26555,
                "progres": {
                    "total": 177,
                    "persen": 100.0,
                    "progres": 177
                },
                "status_progress": true
            }
        }
    },
    "psu": "Reguler",
    "progres": {
        "total": 2763,
        "progres": 2726
    },
    "ts": "2024-11-28 07:45:00"
}