{
    "mode": "hhcw",
    "tungsura": {
        "chart": {
            "1000621": 63665,
            "1000622": 82901,
            "1000623": 19338,
            "1000624": 192901,
            "1000625": 40113,
            "progres": {
                "total": 985,
                "persen": 99.8,
                "progres": 983
            }
        },
        "table": {
            "327801": {
                "psu": "Reguler",
                "1000621": 4811,
                "1000622": 7572,
                "1000623": 1962,
                "1000624": 20418,
                "1000625": 4694,
                "progres": {
                    "total": 97,
                    "persen": 100.0,
                    "progres": 97
                },
                "status_progress": true
            },
            "327802": {
                "psu": "Reguler",
                "1000621": 5801,
                "1000622": 10395,
                "1000623": 2556,
                "1000624": 22475,
                "1000625": 3259,
                "progres": {
                    "total": 104,
                    "persen": 100.0,
                    "progres": 104
                },
                "status_progress": true
            },
            "327803": {
                "psu": "Reguler",
                "1000621": 3555,
                "1000622": 8333,
                "1000623": 1702,
                "1000624": 18255,
                "1000625": 2530,
                "progres": {
                    "total": 84,
                    "persen": 100.0,
                    "progres": 84
                },
                "status_progress": true
            },
            "327804": {
                "psu": "Reguler",
                "1000621": 5076,
                "1000622": 5370,
                "1000623": 1913,
                "1000624": 17379,
                "1000625": 2139,
                "progres": {
                    "total": 80,
                    "persen": 100.0,
                    "progres": 80
                },
                "status_progress": true
            },
            "327805": {
                "psu": "Reguler",
                "1000621": 9214,
                "1000622": 14739,
                "1000623": 3232,
                "1000624": 23730,
                "1000625": 4595,
                "progres": {
                    "total": 141,
                    "persen": 100.0,
                    "progres": 141
                },
                "status_progress": true
            },
            "327806": {
                "psu": "Reguler",
                "1000621": 7137,
                "1000622": 7195,
                "1000623": 1518,
                "1000624": 19554,
                "1000625": 4649,
                "progres": {
                    "total": 96,
                    "persen": 100.0,
                    "progres": 96
                },
                "status_progress": true
            },
            "327807": {
                "psu": "Reguler",
                "1000621": 8392,
                "1000622": 7479,
                "1000623": 1798,
                "1000624": 17884,
                "1000625": 5824,
                "progres": {
                    "total": 107,
                    "persen": 100.0,
                    "progres": 107
                },
                "status_progress": true
            },
            "327808": {
                "psu": "Reguler",
                "1000621": 9528,
                "1000622": 10277,
                "1000623": 2642,
                "1000624": 24406,
                "1000625": 6745,
                "progres": {
                    "total": 132,
                    "persen": 98.48,
                    "progres": 130
                },
                "status_progress": true
            },
            "327809": {
                "psu": "Reguler",
                "1000621": 5392,
                "1000622": 5605,
                "1000623": 1271,
                "1000624": 17346,
                "1000625": 3028,
                "progres": {
                    "total": 83,
                    "persen": 100.0,
                    "progres": 83
                },
                "status_progress": true
            },
            "327810": {
                "psu": "Reguler",
                "1000621": 4759,
                "1000622": 5936,
                "1000623": 744,
                "1000624": 11454,
                "1000625": 2650,
                "progres": {
                    "total": 61,
                    "persen": 100.0,
                    "progres": 61
                },
                "status_progress": true
            }
        }
    },
    "psu": "Reguler",
    "progres": {
        "total": 985,
        "progres": 983
    },
    "ts": "2024-11-28 06:15:00"
}