{
    "mode": "hhcw",
    "tungsura": {
        "chart": {
            "1000626": 26441,
            "1000627": 3422,
            "1000628": 39311,
            "1000629": 32661,
            "progres": {
                "total": 285,
                "persen": 97.89,
                "progres": 279
            }
        },
        "table": {
            "327901": {
                "psu": "Reguler",
                "1000626": 7496,
                "1000627": 1077,
                "1000628": 12345,
                "1000629": 9383,
                "progres": {
                    "total": 82,
                    "persen": 97.56,
                    "progres": 80
                },
                "status_progress": true
            },
            "327902": {
                "psu": "Reguler",
                "1000626": 7957,
                "1000627": 1270,
                "1000628": 12629,
                "1000629": 9761,
                "progres": {
                    "total": 86,
                    "persen": 100.0,
                    "progres": 86
                },
                "status_progress": true
            },
            "327903": {
                "psu": "Reguler",
                "1000626": 3895,
                "1000627": 276,
                "1000628": 6092,
                "1000629": 2593,
                "progres": {
                    "total": 34,
                    "persen": 100.0,
                    "progres": 34
                },
                "status_progress": true
            },
            "327904": {
                "psu": "Reguler",
                "1000626": 7093,
                "1000627": 799,
                "1000628": 8245,
                "1000629": 10924,
                "progres": {
                    "total": 83,
                    "persen": 95.18,
                    "progres": 79
                },
                "status_progress": true
            }
        }
    },
    "psu": "Reguler",
    "progres": {
        "total": 285,
        "progres": 279
    },
    "ts": "2024-11-28 05:45:00"
}