{
    "mode": "hhcw",
    "tungsura": {
        "chart": {
            "1001096": 24605,
            "1001097": 7247,
            "1001098": 20815,
            "1001099": 39465,
            "progres": {
                "total": 277,
                "persen": 96.75,
                "progres": 268
            }
        },
        "table": {
            "647401": {
                "psu": "Reguler",
                "1001096": 10637,
                "1001097": 3437,
                "1001098": 8706,
                "1001099": 19711,
                "progres": {
                    "total": 130,
                    "persen": 95.38,
                    "progres": 124
                },
                "status_progress": true
            },
            "647402": {
                "psu": "Reguler",
                "1001096": 9931,
                "1001097": 2391,
                "1001098": 8498,
                "1001099": 13908,
                "progres": {
                    "total": 105,
                    "persen": 97.14,
                    "progres": 102
                },
                "status_progress": true
            },
            "647403": {
                "psu": "Reguler",
                "1001096": 4037,
                "1001097": 1419,
                "1001098": 3611,
                "1001099": 5846,
                "progres": {
                    "total": 42,
                    "persen": 100.0,
                    "progres": 42
                },
                "status_progress": true
            }
        }
    },
    "psu": "Reguler",
    "progres": {
        "total": 277,
        "progres": 268
    },
    "ts": "2024-11-28 08:45:00"
}