{
    "mode": "hhcw",
    "tungsura": {
        "chart": {
            "1000418": 241149,
            "1000419": 159805,
            "progres": {
                "total": 1389,
                "persen": 99.86,
                "progres": 1387
            }
        },
        "table": {
            "160701": {
                "psu": "Reguler",
                "1000418": 22937,
                "1000419": 4925,
                "progres": {
                    "total": 94,
                    "persen": 100.0,
                    "progres": 94
                },
                "status_progress": true
            },
            "160702": {
                "psu": "Reguler",
                "1000418": 8180,
                "1000419": 2920,
                "progres": {
                    "total": 48,
                    "persen": 100.0,
                    "progres": 48
                },
                "status_progress": true
            },
            "160703": {
                "psu": "Reguler",
                "1000418": 17064,
                "1000419": 16451,
                "progres": {
                    "total": 110,
                    "persen": 100.0,
                    "progres": 110
                },
                "status_progress": true
            },
            "160704": {
                "psu": "Reguler",
                "1000418": 6358,
                "1000419": 5652,
                "progres": {
                    "total": 40,
                    "persen": 100.0,
                    "progres": 40
                },
                "status_progress": true
            },
            "160705": {
                "psu": "Reguler",
                "1000418": 14543,
                "1000419": 6915,
                "progres": {
                    "total": 82,
                    "persen": 100.0,
                    "progres": 82
                },
                "status_progress": true
            },
            "160706": {
                "psu": "Reguler",
                "1000418": 17352,
                "1000419": 4792,
                "progres": {
                    "total": 71,
                    "persen": 100.0,
                    "progres": 71
                },
                "status_progress": true
            },
            "160707": {
                "psu": "Reguler",
                "1000418": 10343,
                "1000419": 5393,
                "progres": {
                    "total": 51,
                    "persen": 100.0,
                    "progres": 51
                },
                "status_progress": true
            },
            "160708": {
                "psu": "Reguler",
                "1000418": 8538,
                "1000419": 10125,
                "progres": {
                    "total": 64,
                    "persen": 100.0,
                    "progres": 64
                },
                "status_progress": true
            },
            "160709": {
                "psu": "Reguler",
                "1000418": 7149,
                "1000419": 6005,
                "progres": {
                    "total": 47,
                    "persen": 100.0,
                    "progres": 47
                },
                "status_progress": true
            },
            "160710": {
                "psu": "Reguler",
                "1000418": 38621,
                "1000419": 26750,
                "progres": {
                    "total": 210,
                    "persen": 100.0,
                    "progres": 210
                },
                "status_progress": true
            },
            "160711": {
                "psu": "Reguler",
                "1000418": 11465,
                "1000419": 6025,
                "progres": {
                    "total": 74,
                    "persen": 98.65,
                    "progres": 73
                },
                "status_progress": true
            },
            "160712": {
                "psu": "Reguler",
                "1000418": 9811,
                "1000419": 9309,
                "progres": {
                    "total": 65,
                    "persen": 100.0,
                    "progres": 65
                },
                "status_progress": true
            },
            "160713": {
                "psu": "Reguler",
                "1000418": 9747,
                "1000419": 11903,
                "progres": {
                    "total": 69,
                    "persen": 98.55,
                    "progres": 68
                },
                "status_progress": true
            },
            "160714": {
                "psu": "Reguler",
                "1000418": 11647,
                "1000419": 6882,
                "progres": {
                    "total": 59,
                    "persen": 100.0,
                    "progres": 59
                },
                "status_progress": true
            },
            "160715": {
                "psu": "Reguler",
                "1000418": 7392,
                "1000419": 7776,
                "progres": {
                    "total": 68,
                    "persen": 100.0,
                    "progres": 68
                },
                "status_progress": true
            },
            "160716": {
                "psu": "Reguler",
                "1000418": 4794,
                "1000419": 5088,
                "progres": {
                    "total": 31,
                    "persen": 100.0,
                    "progres": 31
                },
                "status_progress": true
            },
            "160717": {
                "psu": "Reguler",
                "1000418": 10020,
                "1000419": 6051,
                "progres": {
                    "total": 50,
                    "persen": 100.0,
                    "progres": 50
                },
                "status_progress": true
            },
            "160718": {
                "psu": "Reguler",
                "1000418": 6243,
                "1000419": 4681,
                "progres": {
                    "total": 43,
                    "persen": 100.0,
                    "progres": 43
                },
                "status_progress": true
            },
            "160719": {
                "psu": "Reguler",
                "1000418": 7088,
                "1000419": 5925,
                "progres": {
                    "total": 49,
                    "persen": 100.0,
                    "progres": 49
                },
                "status_progress": true
            },
            "160720": {
                "psu": "Reguler",
                "1000418": 4463,
                "1000419": 1822,
                "progres": {
                    "total": 24,
                    "persen": 100.0,
                    "progres": 24
                },
                "status_progress": true
            },
            "160721": {
                "psu": "Reguler",
                "1000418": 7394,
                "1000419": 4415,
                "progres": {
                    "total": 40,
                    "persen": 100.0,
                    "progres": 40
                },
                "status_progress": true
            }
        }
    },
    "psu": "Reguler",
    "progres": {
        "total": 1389,
        "progres": 1387
    },
    "ts": "2024-11-28 09:00:00"
}