{
    "mode": "hhcw",
    "tungsura": {
        "chart": {
            "1000420": 243590,
            "1000421": 136191,
            "progres": {
                "total": 1012,
                "persen": 100.0,
                "progres": 1012
            }
        },
        "table": {
            "160801": {
                "psu": "Reguler",
                "1000420": 15496,
                "1000421": 13200,
                "progres": {
                    "total": 77,
                    "persen": 100.0,
                    "progres": 77
                },
                "status_progress": true
            },
            "160802": {
                "psu": "Reguler",
                "1000420": 13576,
                "1000421": 8510,
                "progres": {
                    "total": 58,
                    "persen": 100.0,
                    "progres": 58
                },
                "status_progress": true
            },
            "160803": {
                "psu": "Reguler",
                "1000420": 22828,
                "1000421": 8689,
                "progres": {
                    "total": 78,
                    "persen": 100.0,
                    "progres": 78
                },
                "status_progress": true
            },
            "160804": {
                "psu": "Reguler",
                "1000420": 7391,
                "1000421": 4947,
                "progres": {
                    "total": 41,
                    "persen": 100.0,
                    "progres": 41
                },
                "status_progress": true
            },
            "160805": {
                "psu": "Reguler",
                "1000420": 11489,
                "1000421": 8225,
                "progres": {
                    "total": 51,
                    "persen": 100.0,
                    "progres": 51
                },
                "status_progress": true
            },
            "160806": {
                "psu": "Reguler",
                "1000420": 8516,
                "1000421": 9533,
                "progres": {
                    "total": 50,
                    "persen": 100.0,
                    "progres": 50
                },
                "status_progress": true
            },
            "160807": {
                "psu": "Reguler",
                "1000420": 12048,
                "1000421": 8186,
                "progres": {
                    "total": 56,
                    "persen": 100.0,
                    "progres": 56
                },
                "status_progress": true
            },
            "160808": {
                "psu": "Reguler",
                "1000420": 14350,
                "1000421": 9233,
                "progres": {
                    "total": 61,
                    "persen": 100.0,
                    "progres": 61
                },
                "status_progress": true
            },
            "160809": {
                "psu": "Reguler",
                "1000420": 17300,
                "1000421": 6754,
                "progres": {
                    "total": 65,
                    "persen": 100.0,
                    "progres": 65
                },
                "status_progress": true
            },
            "160810": {
                "psu": "Reguler",
                "1000420": 15408,
                "1000421": 6490,
                "progres": {
                    "total": 58,
                    "persen": 100.0,
                    "progres": 58
                },
                "status_progress": true
            },
            "160811": {
                "psu": "Reguler",
                "1000420": 5401,
                "1000421": 3571,
                "progres": {
                    "total": 28,
                    "persen": 100.0,
                    "progres": 28
                },
                "status_progress": true
            },
            "160812": {
                "psu": "Reguler",
                "1000420": 22912,
                "1000421": 13615,
                "progres": {
                    "total": 89,
                    "persen": 100.0,
                    "progres": 89
                },
                "status_progress": true
            },
            "160813": {
                "psu": "Reguler",
                "1000420": 9330,
                "1000421": 4874,
                "progres": {
                    "total": 37,
                    "persen": 100.0,
                    "progres": 37
                },
                "status_progress": true
            },
            "160814": {
                "psu": "Reguler",
                "1000420": 7569,
                "1000421": 3362,
                "progres": {
                    "total": 31,
                    "persen": 100.0,
                    "progres": 31
                },
                "status_progress": true
            },
            "160815": {
                "psu": "Reguler",
                "1000420": 12681,
                "1000421": 6958,
                "progres": {
                    "total": 54,
                    "persen": 100.0,
                    "progres": 54
                },
                "status_progress": true
            },
            "160816": {
                "psu": "Reguler",
                "1000420": 5399,
                "1000421": 2981,
                "progres": {
                    "total": 25,
                    "persen": 100.0,
                    "progres": 25
                },
                "status_progress": true
            },
            "160817": {
                "psu": "Reguler",
                "1000420": 9844,
                "1000421": 2747,
                "progres": {
                    "total": 34,
                    "persen": 100.0,
                    "progres": 34
                },
                "status_progress": true
            },
            "160818": {
                "psu": "Reguler",
                "1000420": 19623,
                "1000421": 7631,
                "progres": {
                    "total": 66,
                    "persen": 100.0,
                    "progres": 66
                },
                "status_progress": true
            },
            "160819": {
                "psu": "Reguler",
                "1000420": 8026,
                "1000421": 3940,
                "progres": {
                    "total": 33,
                    "persen": 100.0,
                    "progres": 33
                },
                "status_progress": true
            },
            "160820": {
                "psu": "Reguler",
                "1000420": 4403,
                "1000421": 2745,
                "progres": {
                    "total": 20,
                    "persen": 100.0,
                    "progres": 20
                },
                "status_progress": true
            }
        }
    },
    "psu": "Reguler",
    "progres": {
        "total": 1012,
        "progres": 1012
    },
    "ts": "2024-11-27 23:00:06"
}