{
    "mode": "hhcw",
    "tungsura": {
        "chart": {
            "1000426": 154088,
            "1000427": 41524,
            "progres": {
                "total": 667,
                "persen": 100.0,
                "progres": 667
            }
        },
        "table": {
            "161001": {
                "psu": "Reguler",
                "1000426": 7989,
                "1000427": 1291,
                "progres": {
                    "total": 34,
                    "persen": 100.0,
                    "progres": 34
                },
                "status_progress": true
            },
            "161002": {
                "psu": "Reguler",
                "1000426": 17552,
                "1000427": 5488,
                "progres": {
                    "total": 70,
                    "persen": 100.0,
                    "progres": 70
                },
                "status_progress": true
            },
            "161003": {
                "psu": "Reguler",
                "1000426": 13350,
                "1000427": 6554,
                "progres": {
                    "total": 67,
                    "persen": 100.0,
                    "progres": 67
                },
                "status_progress": true
            },
            "161004": {
                "psu": "Reguler",
                "1000426": 14495,
                "1000427": 5120,
                "progres": {
                    "total": 60,
                    "persen": 100.0,
                    "progres": 60
                },
                "status_progress": true
            },
            "161005": {
                "psu": "Reguler",
                "1000426": 18458,
                "1000427": 2756,
                "progres": {
                    "total": 71,
                    "persen": 100.0,
                    "progres": 71
                },
                "status_progress": true
            },
            "161006": {
                "psu": "Reguler",
                "1000426": 4555,
                "1000427": 706,
                "progres": {
                    "total": 24,
                    "persen": 100.0,
                    "progres": 24
                },
                "status_progress": true
            },
            "161007": {
                "psu": "Reguler",
                "1000426": 15310,
                "1000427": 3028,
                "progres": {
                    "total": 59,
                    "persen": 100.0,
                    "progres": 59
                },
                "status_progress": true
            },
            "161008": {
                "psu": "Reguler",
                "1000426": 9366,
                "1000427": 2111,
                "progres": {
                    "total": 35,
                    "persen": 100.0,
                    "progres": 35
                },
                "status_progress": true
            },
            "161009": {
                "psu": "Reguler",
                "1000426": 7816,
                "1000427": 593,
                "progres": {
                    "total": 33,
                    "persen": 100.0,
                    "progres": 33
                },
                "status_progress": true
            },
            "161010": {
                "psu": "Reguler",
                "1000426": 6012,
                "1000427": 567,
                "progres": {
                    "total": 26,
                    "persen": 100.0,
                    "progres": 26
                },
                "status_progress": true
            },
            "161011": {
                "psu": "Reguler",
                "1000426": 6186,
                "1000427": 1216,
                "progres": {
                    "total": 28,
                    "persen": 100.0,
                    "progres": 28
                },
                "status_progress": true
            },
            "161012": {
                "psu": "Reguler",
                "1000426": 6324,
                "1000427": 3986,
                "progres": {
                    "total": 41,
                    "persen": 100.0,
                    "progres": 41
                },
                "status_progress": true
            },
            "161013": {
                "psu": "Reguler",
                "1000426": 4005,
                "1000427": 824,
                "progres": {
                    "total": 19,
                    "persen": 100.0,
                    "progres": 19
                },
                "status_progress": true
            },
            "161014": {
                "psu": "Reguler",
                "1000426": 8756,
                "1000427": 1456,
                "progres": {
                    "total": 34,
                    "persen": 100.0,
                    "progres": 34
                },
                "status_progress": true
            },
            "161015": {
                "psu": "Reguler",
                "1000426": 5129,
                "1000427": 2604,
                "progres": {
                    "total": 28,
                    "persen": 100.0,
                    "progres": 28
                },
                "status_progress": true
            },
            "161016": {
                "psu": "Reguler",
                "1000426": 8785,
                "1000427": 3224,
                "progres": {
                    "total": 38,
                    "persen": 100.0,
                    "progres": 38
                },
                "status_progress": true
            }
        }
    },
    "psu": "Reguler",
    "progres": {
        "total": 667,
        "progres": 667
    },
    "ts": "2024-11-27 22:30:00"
}