{
    "mode": "hhcw",
    "tungsura": {
        "chart": {
            "1000428": 123556,
            "1000429": 32468,
            "progres": {
                "total": 531,
                "persen": 87.57,
                "progres": 465
            }
        },
        "table": {
            "161101": {
                "psu": "Reguler",
                "1000428": 23672,
                "1000429": 2277,
                "progres": {
                    "total": 68,
                    "persen": 98.53,
                    "progres": 67
                },
                "status_progress": true
            },
            "161102": {
                "psu": "Reguler",
                "1000428": 13108,
                "1000429": 1751,
                "progres": {
                    "total": 85,
                    "persen": 48.24,
                    "progres": 41
                },
                "status_progress": true
            },
            "161103": {
                "psu": "Reguler",
                "1000428": 11466,
                "1000429": 2366,
                "progres": {
                    "total": 41,
                    "persen": 95.12,
                    "progres": 39
                },
                "status_progress": true
            },
            "161104": {
                "psu": "Reguler",
                "1000428": 13398,
                "1000429": 13575,
                "progres": {
                    "total": 104,
                    "persen": 100.0,
                    "progres": 104
                },
                "status_progress": true
            },
            "161105": {
                "psu": "Reguler",
                "1000428": 12474,
                "1000429": 3093,
                "progres": {
                    "total": 57,
                    "persen": 91.23,
                    "progres": 52
                },
                "status_progress": true
            },
            "161106": {
                "psu": "Reguler",
                "1000428": 6181,
                "1000429": 3519,
                "progres": {
                    "total": 30,
                    "persen": 100.0,
                    "progres": 30
                },
                "status_progress": true
            },
            "161107": {
                "psu": "Reguler",
                "1000428": 17227,
                "1000429": 1732,
                "progres": {
                    "total": 47,
                    "persen": 89.36,
                    "progres": 42
                },
                "status_progress": true
            },
            "161108": {
                "psu": "Reguler",
                "1000428": 8999,
                "1000429": 1491,
                "progres": {
                    "total": 35,
                    "persen": 85.71,
                    "progres": 30
                },
                "status_progress": true
            },
            "161109": {
                "psu": "Reguler",
                "1000428": 9045,
                "1000429": 907,
                "progres": {
                    "total": 31,
                    "persen": 87.1,
                    "progres": 27
                },
                "status_progress": true
            },
            "161110": {
                "psu": "Reguler",
                "1000428": 7986,
                "1000429": 1757,
                "progres": {
                    "total": 33,
                    "persen": 100.0,
                    "progres": 33
                },
                "status_progress": true
            }
        }
    },
    "psu": "Reguler",
    "progres": {
        "total": 531,
        "progres": 465
    },
    "ts": "2024-11-28 08:45:00"
}