{
    "mode": "hhcw",
    "tungsura": {
        "chart": {
            "1001354": 26880,
            "1001355": 13923,
            "1001356": 39103,
            "1001357": 24718,
            "progres": {
                "total": 276,
                "persen": 98.91,
                "progres": 273
            }
        },
        "table": {
            "757101": {
                "psu": "Reguler",
                "1001354": 3344,
                "1001355": 1297,
                "1001356": 5574,
                "1001357": 3321,
                "progres": {
                    "total": 33,
                    "persen": 100.0,
                    "progres": 33
                },
                "status_progress": true
            },
            "757102": {
                "psu": "Reguler",
                "1001354": 2800,
                "1001355": 1803,
                "1001356": 3432,
                "1001357": 2097,
                "progres": {
                    "total": 28,
                    "persen": 100.0,
                    "progres": 28
                },
                "status_progress": true
            },
            "757103": {
                "psu": "Reguler",
                "1001354": 3298,
                "1001355": 1271,
                "1001356": 4020,
                "1001357": 2680,
                "progres": {
                    "total": 31,
                    "persen": 100.0,
                    "progres": 31
                },
                "status_progress": true
            },
            "757104": {
                "psu": "Reguler",
                "1001354": 3323,
                "1001355": 1618,
                "1001356": 5597,
                "1001357": 3099,
                "progres": {
                    "total": 34,
                    "persen": 100.0,
                    "progres": 34
                },
                "status_progress": true
            },
            "757105": {
                "psu": "Reguler",
                "1001354": 3654,
                "1001355": 1981,
                "1001356": 4731,
                "1001357": 3295,
                "progres": {
                    "total": 36,
                    "persen": 97.22,
                    "progres": 35
                },
                "status_progress": true
            },
            "757106": {
                "psu": "Reguler",
                "1001354": 3745,
                "1001355": 2072,
                "1001356": 4922,
                "1001357": 2388,
                "progres": {
                    "total": 36,
                    "persen": 97.22,
                    "progres": 35
                },
                "status_progress": true
            },
            "757107": {
                "psu": "Reguler",
                "1001354": 2106,
                "1001355": 1410,
                "1001356": 3963,
                "1001357": 2180,
                "progres": {
                    "total": 27,
                    "persen": 100.0,
                    "progres": 27
                },
                "status_progress": true
            },
            "757108": {
                "psu": "Reguler",
                "1001354": 2719,
                "1001355": 1272,
                "1001356": 3217,
                "1001357": 3115,
                "progres": {
                    "total": 27,
                    "persen": 96.3,
                    "progres": 26
                },
                "status_progress": true
            },
            "757109": {
                "psu": "Reguler",
                "1001354": 1891,
                "1001355": 1199,
                "1001356": 3647,
                "1001357": 2543,
                "progres": {
                    "total": 24,
                    "persen": 100.0,
                    "progres": 24
                },
                "status_progress": true
            }
        }
    },
    "psu": "Reguler",
    "progres": {
        "total": 276,
        "progres": 273
    },
    "ts": "2024-11-28 07:30:00"
}