{
    "mode": "hhcw",
    "tungsura": {
        "chart": {
            "1001238": 61758,
            "1001239": 80266,
            "progres": {
                "total": 467,
                "persen": 100.0,
                "progres": 467
            }
        },
        "table": {
            "731201": {
                "psu": "Reguler",
                "1001238": 10200,
                "1001239": 17434,
                "progres": {
                    "total": 92,
                    "persen": 100.0,
                    "progres": 92
                },
                "status_progress": true
            },
            "731202": {
                "psu": "Reguler",
                "1001238": 6127,
                "1001239": 10721,
                "progres": {
                    "total": 57,
                    "persen": 100.0,
                    "progres": 57
                },
                "status_progress": true
            },
            "731203": {
                "psu": "Reguler",
                "1001238": 6460,
                "1001239": 16842,
                "progres": {
                    "total": 86,
                    "persen": 100.0,
                    "progres": 86
                },
                "status_progress": true
            },
            "731204": {
                "psu": "Reguler",
                "1001238": 18554,
                "1001239": 11804,
                "progres": {
                    "total": 90,
                    "persen": 100.0,
                    "progres": 90
                },
                "status_progress": true
            },
            "731205": {
                "psu": "Reguler",
                "1001238": 7188,
                "1001239": 10039,
                "progres": {
                    "total": 57,
                    "persen": 100.0,
                    "progres": 57
                },
                "status_progress": true
            },
            "731206": {
                "psu": "Reguler",
                "1001238": 7961,
                "1001239": 6967,
                "progres": {
                    "total": 50,
                    "persen": 100.0,
                    "progres": 50
                },
                "status_progress": true
            },
            "731207": {
                "psu": "Reguler",
                "1001238": 3259,
                "1001239": 3882,
                "progres": {
                    "total": 19,
                    "persen": 100.0,
                    "progres": 19
                },
                "status_progress": true
            },
            "731208": {
                "psu": "Reguler",
                "1001238": 2009,
                "1001239": 2577,
                "progres": {
                    "total": 16,
                    "persen": 100.0,
                    "progres": 16
                },
                "status_progress": true
            }
        }
    },
    "psu": "Reguler",
    "progres": {
        "total": 467,
        "progres": 467
    },
    "ts": "2024-11-28 05:00:00"
}