{
    "mode": "hhcw",
    "tungsura": {
        "chart": {
            "1001240": 130061,
            "1001241": 83433,
            "progres": {
                "total": 712,
                "persen": 100.0,
                "progres": 712
            }
        },
        "table": {
            "731301": {
                "psu": "Reguler",
                "1001240": 8404,
                "1001241": 5785,
                "progres": {
                    "total": 50,
                    "persen": 100.0,
                    "progres": 50
                },
                "status_progress": true
            },
            "731302": {
                "psu": "Reguler",
                "1001240": 9986,
                "1001241": 7691,
                "progres": {
                    "total": 59,
                    "persen": 100.0,
                    "progres": 59
                },
                "status_progress": true
            },
            "731303": {
                "psu": "Reguler",
                "1001240": 7116,
                "1001241": 3560,
                "progres": {
                    "total": 39,
                    "persen": 100.0,
                    "progres": 39
                },
                "status_progress": true
            },
            "731304": {
                "psu": "Reguler",
                "1001240": 6793,
                "1001241": 3167,
                "progres": {
                    "total": 35,
                    "persen": 100.0,
                    "progres": 35
                },
                "status_progress": true
            },
            "731305": {
                "psu": "Reguler",
                "1001240": 10760,
                "1001241": 6085,
                "progres": {
                    "total": 55,
                    "persen": 100.0,
                    "progres": 55
                },
                "status_progress": true
            },
            "731306": {
                "psu": "Reguler",
                "1001240": 18521,
                "1001241": 16246,
                "progres": {
                    "total": 99,
                    "persen": 100.0,
                    "progres": 99
                },
                "status_progress": true
            },
            "731307": {
                "psu": "Reguler",
                "1001240": 10227,
                "1001241": 7261,
                "progres": {
                    "total": 59,
                    "persen": 100.0,
                    "progres": 59
                },
                "status_progress": true
            },
            "731308": {
                "psu": "Reguler",
                "1001240": 15643,
                "1001241": 6907,
                "progres": {
                    "total": 66,
                    "persen": 100.0,
                    "progres": 66
                },
                "status_progress": true
            },
            "731309": {
                "psu": "Reguler",
                "1001240": 4889,
                "1001241": 4497,
                "progres": {
                    "total": 27,
                    "persen": 100.0,
                    "progres": 27
                },
                "status_progress": true
            },
            "731310": {
                "psu": "Reguler",
                "1001240": 14752,
                "1001241": 7942,
                "progres": {
                    "total": 81,
                    "persen": 100.0,
                    "progres": 81
                },
                "status_progress": true
            },
            "731311": {
                "psu": "Reguler",
                "1001240": 7375,
                "1001241": 3674,
                "progres": {
                    "total": 49,
                    "persen": 100.0,
                    "progres": 49
                },
                "status_progress": true
            },
            "731312": {
                "psu": "Reguler",
                "1001240": 4791,
                "1001241": 3458,
                "progres": {
                    "total": 29,
                    "persen": 100.0,
                    "progres": 29
                },
                "status_progress": true
            },
            "731313": {
                "psu": "Reguler",
                "1001240": 3651,
                "1001241": 2988,
                "progres": {
                    "total": 24,
                    "persen": 100.0,
                    "progres": 24
                },
                "status_progress": true
            },
            "731314": {
                "psu": "Reguler",
                "1001240": 7153,
                "1001241": 4172,
                "progres": {
                    "total": 40,
                    "persen": 100.0,
                    "progres": 40
                },
                "status_progress": true
            }
        }
    },
    "psu": "Reguler",
    "progres": {
        "total": 712,
        "progres": 712
    },
    "ts": "2024-11-28 09:00:00"
}