{
    "mode": "hhcw",
    "tungsura": {
        "chart": {
            "1001248": 56281,
            "1001249": 74272,
            "1001250": 1417,
            "progres": {
                "total": 497,
                "persen": 98.59,
                "progres": 490
            }
        },
        "table": {
            "731601": {
                "psu": "Reguler",
                "1001248": 6208,
                "1001249": 9894,
                "1001250": 199,
                "progres": {
                    "total": 58,
                    "persen": 100.0,
                    "progres": 58
                },
                "status_progress": true
            },
            "731602": {
                "psu": "Reguler",
                "1001248": 8296,
                "1001249": 10839,
                "1001250": 152,
                "progres": {
                    "total": 79,
                    "persen": 94.94,
                    "progres": 75
                },
                "status_progress": true
            },
            "731603": {
                "psu": "Reguler",
                "1001248": 6408,
                "1001249": 7440,
                "1001250": 67,
                "progres": {
                    "total": 53,
                    "persen": 98.11,
                    "progres": 52
                },
                "status_progress": true
            },
            "731604": {
                "psu": "Reguler",
                "1001248": 5679,
                "1001249": 11804,
                "1001250": 403,
                "progres": {
                    "total": 57,
                    "persen": 100.0,
                    "progres": 57
                },
                "status_progress": true
            },
            "731605": {
                "psu": "Reguler",
                "1001248": 6188,
                "1001249": 7806,
                "1001250": 360,
                "progres": {
                    "total": 47,
                    "persen": 97.87,
                    "progres": 46
                },
                "status_progress": true
            },
            "731606": {
                "psu": "Reguler",
                "1001248": 1348,
                "1001249": 1513,
                "1001250": 12,
                "progres": {
                    "total": 17,
                    "persen": 100.0,
                    "progres": 17
                },
                "status_progress": true
            },
            "731607": {
                "psu": "Reguler",
                "1001248": 2481,
                "1001249": 3156,
                "1001250": 40,
                "progres": {
                    "total": 25,
                    "persen": 100.0,
                    "progres": 25
                },
                "status_progress": true
            },
            "731608": {
                "psu": "Reguler",
                "1001248": 5038,
                "1001249": 5808,
                "1001250": 47,
                "progres": {
                    "total": 43,
                    "persen": 100.0,
                    "progres": 43
                },
                "status_progress": true
            },
            "731609": {
                "psu": "Reguler",
                "1001248": 2634,
                "1001249": 3041,
                "1001250": 43,
                "progres": {
                    "total": 21,
                    "persen": 100.0,
                    "progres": 21
                },
                "status_progress": true
            },
            "731610": {
                "psu": "Reguler",
                "1001248": 4816,
                "1001249": 4388,
                "1001250": 45,
                "progres": {
                    "total": 31,
                    "persen": 100.0,
                    "progres": 31
                },
                "status_progress": true
            },
            "731611": {
                "psu": "Reguler",
                "1001248": 4347,
                "1001249": 4555,
                "1001250": 26,
                "progres": {
                    "total": 39,
                    "persen": 100.0,
                    "progres": 39
                },
                "status_progress": true
            },
            "731612": {
                "psu": "Reguler",
                "1001248": 2838,
                "1001249": 4028,
                "1001250": 23,
                "progres": {
                    "total": 27,
                    "persen": 96.3,
                    "progres": 26
                },
                "status_progress": true
            }
        }
    },
    "psu": "Reguler",
    "progres": {
        "total": 497,
        "progres": 490
    },
    "ts": "2024-11-28 09:00:00"
}