{
    "mode": "hhcw",
    "tungsura": {
        "chart": {
            "1001251": 63405,
            "1001252": 96856,
            "1001253": 46164,
            "progres": {
                "total": 691,
                "persen": 98.99,
                "progres": 684
            }
        },
        "table": {
            "731701": {
                "psu": "Reguler",
                "1001251": 1367,
                "1001252": 1037,
                "1001253": 940,
                "progres": {
                    "total": 30,
                    "persen": 100.0,
                    "progres": 30
                },
                "status_progress": true
            },
            "731702": {
                "psu": "Reguler",
                "1001251": 2672,
                "1001252": 6761,
                "1001253": 3124,
                "progres": {
                    "total": 40,
                    "persen": 97.5,
                    "progres": 39
                },
                "status_progress": true
            },
            "731703": {
                "psu": "Reguler",
                "1001251": 2908,
                "1001252": 6792,
                "1001253": 2282,
                "progres": {
                    "total": 39,
                    "persen": 100.0,
                    "progres": 39
                },
                "status_progress": true
            },
            "731704": {
                "psu": "Reguler",
                "1001251": 2421,
                "1001252": 4735,
                "1001253": 2352,
                "progres": {
                    "total": 26,
                    "persen": 100.0,
                    "progres": 26
                },
                "status_progress": true
            },
            "731705": {
                "psu": "Reguler",
                "1001251": 3732,
                "1001252": 3349,
                "1001253": 1763,
                "progres": {
                    "total": 28,
                    "persen": 100.0,
                    "progres": 28
                },
                "status_progress": true
            },
            "731706": {
                "psu": "Reguler",
                "1001251": 2470,
                "1001252": 6082,
                "1001253": 2002,
                "progres": {
                    "total": 33,
                    "persen": 100.0,
                    "progres": 33
                },
                "status_progress": true
            },
            "731707": {
                "psu": "Reguler",
                "1001251": 2006,
                "1001252": 5390,
                "1001253": 3248,
                "progres": {
                    "total": 29,
                    "persen": 100.0,
                    "progres": 29
                },
                "status_progress": true
            },
            "731708": {
                "psu": "Reguler",
                "1001251": 5546,
                "1001252": 7513,
                "1001253": 5952,
                "progres": {
                    "total": 55,
                    "persen": 96.36,
                    "progres": 53
                },
                "status_progress": true
            },
            "731709": {
                "psu": "Reguler",
                "1001251": 3400,
                "1001252": 5930,
                "1001253": 2795,
                "progres": {
                    "total": 35,
                    "persen": 100.0,
                    "progres": 35
                },
                "status_progress": true
            },
            "731710": {
                "psu": "Reguler",
                "1001251": 2564,
                "1001252": 4717,
                "1001253": 2371,
                "progres": {
                    "total": 27,
                    "persen": 100.0,
                    "progres": 27
                },
                "status_progress": true
            },
            "731711": {
                "psu": "Reguler",
                "1001251": 9610,
                "1001252": 4571,
                "1001253": 1748,
                "progres": {
                    "total": 41,
                    "persen": 100.0,
                    "progres": 41
                },
                "status_progress": true
            },
            "731712": {
                "psu": "Reguler",
                "1001251": 1375,
                "1001252": 1929,
                "1001253": 279,
                "progres": {
                    "total": 28,
                    "persen": 96.43,
                    "progres": 27
                },
                "status_progress": true
            },
            "731713": {
                "psu": "Reguler",
                "1001251": 2532,
                "1001252": 3741,
                "1001253": 1156,
                "progres": {
                    "total": 19,
                    "persen": 100.0,
                    "progres": 19
                },
                "status_progress": true
            },
            "731714": {
                "psu": "Reguler",
                "1001251": 1570,
                "1001252": 4940,
                "1001253": 3453,
                "progres": {
                    "total": 28,
                    "persen": 100.0,
                    "progres": 28
                },
                "status_progress": true
            },
            "731715": {
                "psu": "Reguler",
                "1001251": 581,
                "1001252": 2306,
                "1001253": 1164,
                "progres": {
                    "total": 30,
                    "persen": 93.33,
                    "progres": 28
                },
                "status_progress": true
            },
            "731716": {
                "psu": "Reguler",
                "1001251": 4021,
                "1001252": 5289,
                "1001253": 1524,
                "progres": {
                    "total": 36,
                    "persen": 100.0,
                    "progres": 36
                },
                "status_progress": true
            },
            "731717": {
                "psu": "Reguler",
                "1001251": 1950,
                "1001252": 5161,
                "1001253": 1330,
                "progres": {
                    "total": 26,
                    "persen": 100.0,
                    "progres": 26
                },
                "status_progress": true
            },
            "731718": {
                "psu": "Reguler",
                "1001251": 2864,
                "1001252": 2251,
                "1001253": 1546,
                "progres": {
                    "total": 23,
                    "persen": 100.0,
                    "progres": 23
                },
                "status_progress": true
            },
            "731719": {
                "psu": "Reguler",
                "1001251": 1795,
                "1001252": 2842,
                "1001253": 1355,
                "progres": {
                    "total": 20,
                    "persen": 100.0,
                    "progres": 20
                },
                "status_progress": true
            },
            "731720": {
                "psu": "Reguler",
                "1001251": 2388,
                "1001252": 2864,
                "1001253": 1000,
                "progres": {
                    "total": 25,
                    "persen": 100.0,
                    "progres": 25
                },
                "status_progress": true
            },
            "731721": {
                "psu": "Reguler",
                "1001251": 3857,
                "1001252": 7539,
                "1001253": 3781,
                "progres": {
                    "total": 39,
                    "persen": 100.0,
                    "progres": 39
                },
                "status_progress": true
            },
            "731722": {
                "psu": "Reguler",
                "1001251": 1776,
                "1001252": 1117,
                "1001253": 999,
                "progres": {
                    "total": 34,
                    "persen": 97.06,
                    "progres": 33
                },
                "status_progress": true
            }
        }
    },
    "psu": "Reguler",
    "progres": {
        "total": 691,
        "progres": 684
    },
    "ts": "2024-11-28 09:00:00"
}