{
    "mode": "hhcw",
    "tungsura": {
        "chart": {
            "1001254": 82857,
            "1001255": 50533,
            "progres": {
                "total": 462,
                "persen": 99.57,
                "progres": 460
            }
        },
        "table": {
            "731801": {
                "psu": "Reguler",
                "1001254": 2963,
                "1001255": 1970,
                "progres": {
                    "total": 17,
                    "persen": 100.0,
                    "progres": 17
                },
                "status_progress": true
            },
            "731802": {
                "psu": "Reguler",
                "1001254": 5689,
                "1001255": 2940,
                "progres": {
                    "total": 33,
                    "persen": 100.0,
                    "progres": 33
                },
                "status_progress": true
            },
            "731803": {
                "psu": "Reguler",
                "1001254": 1848,
                "1001255": 1974,
                "progres": {
                    "total": 16,
                    "persen": 100.0,
                    "progres": 16
                },
                "status_progress": true
            },
            "731805": {
                "psu": "Reguler",
                "1001254": 13711,
                "1001255": 5821,
                "progres": {
                    "total": 57,
                    "persen": 100.0,
                    "progres": 57
                },
                "status_progress": true
            },
            "731809": {
                "psu": "Reguler",
                "1001254": 1646,
                "1001255": 1382,
                "progres": {
                    "total": 18,
                    "persen": 100.0,
                    "progres": 18
                },
                "status_progress": true
            },
            "731811": {
                "psu": "Reguler",
                "1001254": 4344,
                "1001255": 2408,
                "progres": {
                    "total": 23,
                    "persen": 100.0,
                    "progres": 23
                },
                "status_progress": true
            },
            "731812": {
                "psu": "Reguler",
                "1001254": 10454,
                "1001255": 7223,
                "progres": {
                    "total": 56,
                    "persen": 100.0,
                    "progres": 56
                },
                "status_progress": true
            },
            "731813": {
                "psu": "Reguler",
                "1001254": 2458,
                "1001255": 1742,
                "progres": {
                    "total": 13,
                    "persen": 100.0,
                    "progres": 13
                },
                "status_progress": true
            },
            "731819": {
                "psu": "Reguler",
                "1001254": 7049,
                "1001255": 4223,
                "progres": {
                    "total": 36,
                    "persen": 97.22,
                    "progres": 35
                },
                "status_progress": true
            },
            "731820": {
                "psu": "Reguler",
                "1001254": 7803,
                "1001255": 4180,
                "progres": {
                    "total": 36,
                    "persen": 100.0,
                    "progres": 36
                },
                "status_progress": true
            },
            "731827": {
                "psu": "Reguler",
                "1001254": 5001,
                "1001255": 2120,
                "progres": {
                    "total": 19,
                    "persen": 100.0,
                    "progres": 19
                },
                "status_progress": true
            },
            "731828": {
                "psu": "Reguler",
                "1001254": 1580,
                "1001255": 1207,
                "progres": {
                    "total": 22,
                    "persen": 100.0,
                    "progres": 22
                },
                "status_progress": true
            },
            "731829": {
                "psu": "Reguler",
                "1001254": 4196,
                "1001255": 3037,
                "progres": {
                    "total": 24,
                    "persen": 95.83,
                    "progres": 23
                },
                "status_progress": true
            },
            "731831": {
                "psu": "Reguler",
                "1001254": 2609,
                "1001255": 1194,
                "progres": {
                    "total": 16,
                    "persen": 100.0,
                    "progres": 16
                },
                "status_progress": true
            },
            "731833": {
                "psu": "Reguler",
                "1001254": 2325,
                "1001255": 2177,
                "progres": {
                    "total": 15,
                    "persen": 100.0,
                    "progres": 15
                },
                "status_progress": true
            },
            "731834": {
                "psu": "Reguler",
                "1001254": 2631,
                "1001255": 1832,
                "progres": {
                    "total": 14,
                    "persen": 100.0,
                    "progres": 14
                },
                "status_progress": true
            },
            "731835": {
                "psu": "Reguler",
                "1001254": 2855,
                "1001255": 2031,
                "progres": {
                    "total": 19,
                    "persen": 100.0,
                    "progres": 19
                },
                "status_progress": true
            },
            "731837": {
                "psu": "Reguler",
                "1001254": 1632,
                "1001255": 1894,
                "progres": {
                    "total": 13,
                    "persen": 100.0,
                    "progres": 13
                },
                "status_progress": true
            },
            "731838": {
                "psu": "Reguler",
                "1001254": 2063,
                "1001255": 1178,
                "progres": {
                    "total": 15,
                    "persen": 100.0,
                    "progres": 15
                },
                "status_progress": true
            }
        }
    },
    "psu": "Reguler",
    "progres": {
        "total": 462,
        "progres": 460
    },
    "ts": "2024-11-28 09:00:00"
}