{
    "mode": "hhcw",
    "tungsura": {
        "chart": {
            "1001265": 317517,
            "1001266": 161728,
            "1001267": 81300,
            "1001268": 20184,
            "progres": {
                "total": 1877,
                "persen": 99.68,
                "progres": 1871
            }
        },
        "table": {
            "737101": {
                "psu": "Reguler",
                "1001265": 13768,
                "1001266": 5348,
                "1001267": 4783,
                "1001268": 467,
                "progres": {
                    "total": 76,
                    "persen": 100.0,
                    "progres": 76
                },
                "status_progress": true
            },
            "737102": {
                "psu": "Reguler",
                "1001265": 12916,
                "1001266": 6022,
                "1001267": 4144,
                "1001268": 546,
                "progres": {
                    "total": 79,
                    "persen": 100.0,
                    "progres": 79
                },
                "status_progress": true
            },
            "737103": {
                "psu": "Reguler",
                "1001265": 16632,
                "1001266": 9875,
                "1001267": 6145,
                "1001268": 952,
                "progres": {
                    "total": 110,
                    "persen": 100.0,
                    "progres": 110
                },
                "status_progress": true
            },
            "737104": {
                "psu": "Reguler",
                "1001265": 4339,
                "1001266": 3793,
                "1001267": 2011,
                "1001268": 208,
                "progres": {
                    "total": 36,
                    "persen": 100.0,
                    "progres": 36
                },
                "status_progress": true
            },
            "737105": {
                "psu": "Reguler",
                "1001265": 4836,
                "1001266": 4186,
                "1001267": 2070,
                "1001268": 229,
                "progres": {
                    "total": 41,
                    "persen": 100.0,
                    "progres": 41
                },
                "status_progress": true
            },
            "737106": {
                "psu": "Reguler",
                "1001265": 12704,
                "1001266": 5570,
                "1001267": 3227,
                "1001268": 448,
                "progres": {
                    "total": 72,
                    "persen": 100.0,
                    "progres": 72
                },
                "status_progress": true
            },
            "737107": {
                "psu": "Reguler",
                "1001265": 32119,
                "1001266": 15672,
                "1001267": 8792,
                "1001268": 1178,
                "progres": {
                    "total": 186,
                    "persen": 98.92,
                    "progres": 184
                },
                "status_progress": true
            },
            "737108": {
                "psu": "Reguler",
                "1001265": 8334,
                "1001266": 3716,
                "1001267": 3214,
                "1001268": 218,
                "progres": {
                    "total": 48,
                    "persen": 100.0,
                    "progres": 48
                },
                "status_progress": true
            },
            "737109": {
                "psu": "Reguler",
                "1001265": 31400,
                "1001266": 16054,
                "1001267": 5580,
                "1001268": 1755,
                "progres": {
                    "total": 179,
                    "persen": 98.32,
                    "progres": 176
                },
                "status_progress": true
            },
            "737110": {
                "psu": "Reguler",
                "1001265": 38690,
                "1001266": 20690,
                "1001267": 11564,
                "1001268": 1587,
                "progres": {
                    "total": 236,
                    "persen": 100.0,
                    "progres": 236
                },
                "status_progress": true
            },
            "737111": {
                "psu": "Reguler",
                "1001265": 44504,
                "1001266": 24655,
                "1001267": 8519,
                "1001268": 4423,
                "progres": {
                    "total": 269,
                    "persen": 99.63,
                    "progres": 268
                },
                "status_progress": true
            },
            "737112": {
                "psu": "Reguler",
                "1001265": 36228,
                "1001266": 15174,
                "1001267": 6787,
                "1001268": 3830,
                "progres": {
                    "total": 198,
                    "persen": 100.0,
                    "progres": 198
                },
                "status_progress": true
            },
            "737113": {
                "psu": "Reguler",
                "1001265": 35653,
                "1001266": 15892,
                "1001267": 8579,
                "1001268": 2557,
                "progres": {
                    "total": 197,
                    "persen": 100.0,
                    "progres": 197
                },
                "status_progress": true
            },
            "737114": {
                "psu": "Reguler",
                "1001265": 22059,
                "1001266": 13285,
                "1001267": 4420,
                "1001268": 1681,
                "progres": {
                    "total": 129,
                    "persen": 100.0,
                    "progres": 129
                },
                "status_progress": true
            },
            "737115": {
                "psu": "Reguler",
                "1001265": 3335,
                "1001266": 1796,
                "1001267": 1465,
                "1001268": 105,
                "progres": {
                    "total": 21,
                    "persen": 100.0,
                    "progres": 21
                },
                "status_progress": true
            }
        }
    },
    "psu": "Reguler",
    "progres": {
        "total": 1877,
        "progres": 1871
    },
    "ts": "2024-11-28 09:00:00"
}