{
    "mode": "hhcw",
    "tungsura": {
        "chart": {
            "1001269": 16009,
            "1001270": 9886,
            "1001271": 38423,
            "1001272": 24785,
            "progres": {
                "total": 198,
                "persen": 100.0,
                "progres": 198
            }
        },
        "table": {
            "737201": {
                "psu": "Reguler",
                "1001269": 2244,
                "1001270": 1360,
                "1001271": 7168,
                "1001272": 4547,
                "progres": {
                    "total": 34,
                    "persen": 100.0,
                    "progres": 34
                },
                "status_progress": true
            },
            "737202": {
                "psu": "Reguler",
                "1001269": 3883,
                "1001270": 2738,
                "1001271": 7830,
                "1001272": 5641,
                "progres": {
                    "total": 45,
                    "persen": 100.0,
                    "progres": 45
                },
                "status_progress": true
            },
            "737203": {
                "psu": "Reguler",
                "1001269": 4867,
                "1001270": 2851,
                "1001271": 12127,
                "1001272": 7209,
                "progres": {
                    "total": 60,
                    "persen": 100.0,
                    "progres": 60
                },
                "status_progress": true
            },
            "737204": {
                "psu": "Reguler",
                "1001269": 5015,
                "1001270": 2937,
                "1001271": 11298,
                "1001272": 7388,
                "progres": {
                    "total": 59,
                    "persen": 100.0,
                    "progres": 59
                },
                "status_progress": true
            }
        }
    },
    "psu": "Reguler",
    "progres": {
        "total": 198,
        "progres": 198
    },
    "ts": "2024-11-28 03:00:00"
}