{
    "mode": "hhcw",
    "tungsura": {
        "chart": {
            "1000280": 56900,
            "1000281": 47274,
            "progres": {
                "total": 445,
                "persen": 98.65,
                "progres": 439
            }
        },
        "table": {
            "130303": {
                "psu": "Reguler",
                "1000280": 5884,
                "1000281": 6104,
                "progres": {
                    "total": 63,
                    "persen": 98.41,
                    "progres": 62
                },
                "status_progress": true
            },
            "130304": {
                "psu": "Reguler",
                "1000280": 11347,
                "1000281": 9800,
                "progres": {
                    "total": 93,
                    "persen": 96.77,
                    "progres": 90
                },
                "status_progress": true
            },
            "130305": {
                "psu": "Reguler",
                "1000280": 4916,
                "1000281": 2275,
                "progres": {
                    "total": 24,
                    "persen": 100.0,
                    "progres": 24
                },
                "status_progress": true
            },
            "130306": {
                "psu": "Reguler",
                "1000280": 13409,
                "1000281": 9511,
                "progres": {
                    "total": 84,
                    "persen": 100.0,
                    "progres": 84
                },
                "status_progress": true
            },
            "130307": {
                "psu": "Reguler",
                "1000280": 3870,
                "1000281": 3833,
                "progres": {
                    "total": 39,
                    "persen": 100.0,
                    "progres": 39
                },
                "status_progress": true
            },
            "130308": {
                "psu": "Reguler",
                "1000280": 7981,
                "1000281": 7850,
                "progres": {
                    "total": 65,
                    "persen": 98.46,
                    "progres": 64
                },
                "status_progress": true
            },
            "130309": {
                "psu": "Reguler",
                "1000280": 6481,
                "1000281": 5766,
                "progres": {
                    "total": 55,
                    "persen": 98.18,
                    "progres": 54
                },
                "status_progress": true
            },
            "130310": {
                "psu": "Reguler",
                "1000280": 3012,
                "1000281": 2135,
                "progres": {
                    "total": 22,
                    "persen": 100.0,
                    "progres": 22
                },
                "status_progress": true
            }
        }
    },
    "psu": "Reguler",
    "progres": {
        "total": 445,
        "progres": 439
    },
    "ts": "2024-11-28 09:00:00"
}