{
    "mode": "hhcw",
    "tungsura": {
        "chart": {
            "1000315": 5045,
            "1000316": 11439,
            "1000317": 12684,
            "progres": {
                "total": 96,
                "persen": 100.0,
                "progres": 96
            }
        },
        "table": {
            "137401": {
                "psu": "Reguler",
                "1000315": 2025,
                "1000316": 5147,
                "1000317": 5965,
                "progres": {
                    "total": 39,
                    "persen": 100.0,
                    "progres": 39
                },
                "status_progress": true
            },
            "137402": {
                "psu": "Reguler",
                "1000315": 3020,
                "1000316": 6292,
                "1000317": 6719,
                "progres": {
                    "total": 57,
                    "persen": 100.0,
                    "progres": 57
                },
                "status_progress": true
            }
        }
    },
    "psu": "Reguler",
    "progres": {
        "total": 96,
        "progres": 96
    },
    "ts": "2024-11-27 23:30:00"
}