{
    "mode": "hhcw",
    "tungsura": {
        "chart": {
            "1000322": 15458,
            "1000323": 9795,
            "1000324": 21207,
            "1000325": 2766,
            "1000326": 12205,
            "progres": {
                "total": 200,
                "persen": 100.0,
                "progres": 200
            }
        },
        "table": {
            "137601": {
                "psu": "Reguler",
                "1000322": 5444,
                "1000323": 5194,
                "1000324": 7860,
                "1000325": 1144,
                "1000326": 3074,
                "progres": {
                    "total": 77,
                    "persen": 100.0,
                    "progres": 77
                },
                "status_progress": true
            },
            "137602": {
                "psu": "Reguler",
                "1000322": 4647,
                "1000323": 2274,
                "1000324": 4937,
                "1000325": 521,
                "1000326": 2242,
                "progres": {
                    "total": 46,
                    "persen": 100.0,
                    "progres": 46
                },
                "status_progress": true
            },
            "137603": {
                "psu": "Reguler",
                "1000322": 2937,
                "1000323": 1180,
                "1000324": 5198,
                "1000325": 832,
                "1000326": 2817,
                "progres": {
                    "total": 42,
                    "persen": 100.0,
                    "progres": 42
                },
                "status_progress": true
            },
            "137604": {
                "psu": "Reguler",
                "1000322": 1233,
                "1000323": 469,
                "1000324": 1667,
                "1000325": 121,
                "1000326": 1684,
                "progres": {
                    "total": 17,
                    "persen": 100.0,
                    "progres": 17
                },
                "status_progress": true
            },
            "137605": {
                "psu": "Reguler",
                "1000322": 1197,
                "1000323": 678,
                "1000324": 1545,
                "1000325": 148,
                "1000326": 2388,
                "progres": {
                    "total": 18,
                    "persen": 100.0,
                    "progres": 18
                },
                "status_progress": true
            }
        }
    },
    "psu": "Reguler",
    "progres": {
        "total": 200,
        "progres": 200
    },
    "ts": "2024-11-27 22:15:00"
}