{
    "mode": "hhcw",
    "tungsura": {
        "chart": {
            "1001164": 9699,
            "1001165": 24884,
            "1001166": 58254,
            "1001167": 10462,
            "1001168": 49056,
            "progres": {
                "total": 696,
                "persen": 93.25,
                "progres": 649
            }
        },
        "table": {
            "720304": {
                "psu": "Reguler",
                "1001164": 985,
                "1001165": 1615,
                "1001166": 4353,
                "1001167": 422,
                "1001168": 2380,
                "progres": {
                    "total": 57,
                    "persen": 80.7,
                    "progres": 46
                },
                "status_progress": true
            },
            "720306": {
                "psu": "Reguler",
                "1001164": 752,
                "1001165": 2586,
                "1001166": 5244,
                "1001167": 1365,
                "1001168": 4873,
                "progres": {
                    "total": 73,
                    "persen": 94.52,
                    "progres": 69
                },
                "status_progress": true
            },
            "720308": {
                "psu": "Reguler",
                "1001164": 1622,
                "1001165": 7389,
                "1001166": 5238,
                "1001167": 1055,
                "1001168": 4138,
                "progres": {
                    "total": 71,
                    "persen": 100.0,
                    "progres": 71
                },
                "status_progress": true
            },
            "720309": {
                "psu": "Reguler",
                "1001164": 287,
                "1001165": 369,
                "1001166": 4513,
                "1001167": 313,
                "1001168": 2777,
                "progres": {
                    "total": 36,
                    "persen": 100.0,
                    "progres": 36
                },
                "status_progress": true
            },
            "720310": {
                "psu": "Reguler",
                "1001164": 376,
                "1001165": 281,
                "1001166": 5556,
                "1001167": 1524,
                "1001168": 4842,
                "progres": {
                    "total": 47,
                    "persen": 97.87,
                    "progres": 46
                },
                "status_progress": true
            },
            "720311": {
                "psu": "Reguler",
                "1001164": 687,
                "1001165": 1262,
                "1001166": 3734,
                "1001167": 868,
                "1001168": 4707,
                "progres": {
                    "total": 46,
                    "persen": 97.83,
                    "progres": 45
                },
                "status_progress": true
            },
            "720312": {
                "psu": "Reguler",
                "1001164": 413,
                "1001165": 698,
                "1001166": 4142,
                "1001167": 652,
                "1001168": 6687,
                "progres": {
                    "total": 49,
                    "persen": 100.0,
                    "progres": 49
                },
                "status_progress": true
            },
            "720314": {
                "psu": "Reguler",
                "1001164": 684,
                "1001165": 3069,
                "1001166": 3785,
                "1001167": 559,
                "1001168": 3309,
                "progres": {
                    "total": 59,
                    "persen": 93.22,
                    "progres": 55
                },
                "status_progress": true
            },
            "720318": {
                "psu": "Reguler",
                "1001164": 1416,
                "1001165": 3173,
                "1001166": 4429,
                "1001167": 869,
                "1001168": 2741,
                "progres": {
                    "total": 62,
                    "persen": 91.94,
                    "progres": 57
                },
                "status_progress": true
            },
            "720319": {
                "psu": "Reguler",
                "1001164": 770,
                "1001165": 761,
                "1001166": 4119,
                "1001167": 505,
                "1001168": 2814,
                "progres": {
                    "total": 42,
                    "persen": 97.62,
                    "progres": 41
                },
                "status_progress": true
            },
            "720321": {
                "psu": "Reguler",
                "1001164": 134,
                "1001165": 52,
                "1001166": 820,
                "1001167": 103,
                "1001168": 212,
                "progres": {
                    "total": 24,
                    "persen": 33.33,
                    "progres": 8
                },
                "status_progress": true
            },
            "720324": {
                "psu": "Reguler",
                "1001164": 216,
                "1001165": 135,
                "1001166": 3901,
                "1001167": 244,
                "1001168": 2235,
                "progres": {
                    "total": 32,
                    "persen": 100.0,
                    "progres": 32
                },
                "status_progress": true
            },
            "720325": {
                "psu": "Reguler",
                "1001164": 292,
                "1001165": 291,
                "1001166": 2809,
                "1001167": 212,
                "1001168": 1842,
                "progres": {
                    "total": 23,
                    "persen": 100.0,
                    "progres": 23
                },
                "status_progress": true
            },
            "720327": {
                "psu": "Reguler",
                "1001164": 602,
                "1001165": 1889,
                "1001166": 1434,
                "1001167": 1240,
                "1001168": 1359,
                "progres": {
                    "total": 24,
                    "persen": 91.67,
                    "progres": 22
                },
                "status_progress": true
            },
            "720330": {
                "psu": "Reguler",
                "1001164": 253,
                "1001165": 928,
                "1001166": 1874,
                "1001167": 314,
                "1001168": 1289,
                "progres": {
                    "total": 23,
                    "persen": 100.0,
                    "progres": 23
                },
                "status_progress": true
            },
            "720331": {
                "psu": "Reguler",
                "1001164": 210,
                "1001165": 386,
                "1001166": 2303,
                "1001167": 217,
                "1001168": 2851,
                "progres": {
                    "total": 28,
                    "persen": 92.86,
                    "progres": 26
                },
                "status_progress": true
            }
        }
    },
    "psu": "Reguler",
    "progres": {
        "total": 696,
        "progres": 649
    },
    "ts": "2024-11-28 09:00:00"
}