{
    "mode": "hhcw",
    "tungsura": {
        "chart": {
            "1001169": 17424,
            "1001170": 47526,
            "1001171": 34327,
            "1001172": 17438,
            "progres": {
                "total": 409,
                "persen": 100.0,
                "progres": 409
            }
        },
        "table": {
            "720401": {
                "psu": "Reguler",
                "1001169": 438,
                "1001170": 8031,
                "1001171": 2614,
                "1001172": 407,
                "progres": {
                    "total": 37,
                    "persen": 100.0,
                    "progres": 37
                },
                "status_progress": true
            },
            "720402": {
                "psu": "Reguler",
                "1001169": 1149,
                "1001170": 3614,
                "1001171": 1435,
                "1001172": 1141,
                "progres": {
                    "total": 33,
                    "persen": 100.0,
                    "progres": 33
                },
                "status_progress": true
            },
            "720403": {
                "psu": "Reguler",
                "1001169": 803,
                "1001170": 5196,
                "1001171": 2450,
                "1001172": 3620,
                "progres": {
                    "total": 40,
                    "persen": 100.0,
                    "progres": 40
                },
                "status_progress": true
            },
            "720404": {
                "psu": "Reguler",
                "1001169": 709,
                "1001170": 2691,
                "1001171": 1413,
                "1001172": 1080,
                "progres": {
                    "total": 25,
                    "persen": 100.0,
                    "progres": 25
                },
                "status_progress": true
            },
            "720405": {
                "psu": "Reguler",
                "1001169": 612,
                "1001170": 3072,
                "1001171": 2062,
                "1001172": 1033,
                "progres": {
                    "total": 29,
                    "persen": 100.0,
                    "progres": 29
                },
                "status_progress": true
            },
            "720406": {
                "psu": "Reguler",
                "1001169": 1195,
                "1001170": 2948,
                "1001171": 1869,
                "1001172": 813,
                "progres": {
                    "total": 34,
                    "persen": 100.0,
                    "progres": 34
                },
                "status_progress": true
            },
            "720407": {
                "psu": "Reguler",
                "1001169": 5984,
                "1001170": 10924,
                "1001171": 9964,
                "1001172": 5225,
                "progres": {
                    "total": 107,
                    "persen": 100.0,
                    "progres": 107
                },
                "status_progress": true
            },
            "720408": {
                "psu": "Reguler",
                "1001169": 3447,
                "1001170": 5161,
                "1001171": 7926,
                "1001172": 2073,
                "progres": {
                    "total": 55,
                    "persen": 100.0,
                    "progres": 55
                },
                "status_progress": true
            },
            "720409": {
                "psu": "Reguler",
                "1001169": 1871,
                "1001170": 3925,
                "1001171": 3356,
                "1001172": 1347,
                "progres": {
                    "total": 33,
                    "persen": 100.0,
                    "progres": 33
                },
                "status_progress": true
            },
            "720410": {
                "psu": "Reguler",
                "1001169": 1216,
                "1001170": 1964,
                "1001171": 1238,
                "1001172": 699,
                "progres": {
                    "total": 16,
                    "persen": 100.0,
                    "progres": 16
                },
                "status_progress": true
            }
        }
    },
    "psu": "Reguler",
    "progres": {
        "total": 409,
        "progres": 409
    },
    "ts": "2024-11-27 23:00:06"
}