{
    "mode": "hhcw",
    "tungsura": {
        "chart": {
            "1001173": 8789,
            "1001174": 33575,
            "1001175": 11777,
            "1001176": 1426,
            "1001177": 27400,
            "progres": {
                "total": 276,
                "persen": 94.57,
                "progres": 261
            }
        },
        "table": {
            "720501": {
                "psu": "Reguler",
                "1001173": 640,
                "1001174": 4080,
                "1001175": 821,
                "1001176": 118,
                "1001177": 3995,
                "progres": {
                    "total": 29,
                    "persen": 96.55,
                    "progres": 28
                },
                "status_progress": true
            },
            "720502": {
                "psu": "Reguler",
                "1001173": 666,
                "1001174": 2858,
                "1001175": 985,
                "1001176": 55,
                "1001177": 1200,
                "progres": {
                    "total": 19,
                    "persen": 89.47,
                    "progres": 17
                },
                "status_progress": true
            },
            "720503": {
                "psu": "Reguler",
                "1001173": 701,
                "1001174": 3203,
                "1001175": 1283,
                "1001176": 111,
                "1001177": 4049,
                "progres": {
                    "total": 30,
                    "persen": 100.0,
                    "progres": 30
                },
                "status_progress": true
            },
            "720504": {
                "psu": "Reguler",
                "1001173": 566,
                "1001174": 2914,
                "1001175": 804,
                "1001176": 85,
                "1001177": 1695,
                "progres": {
                    "total": 18,
                    "persen": 100.0,
                    "progres": 18
                },
                "status_progress": true
            },
            "720505": {
                "psu": "Reguler",
                "1001173": 612,
                "1001174": 3000,
                "1001175": 1925,
                "1001176": 81,
                "1001177": 2182,
                "progres": {
                    "total": 24,
                    "persen": 95.83,
                    "progres": 23
                },
                "status_progress": true
            },
            "720506": {
                "psu": "Reguler",
                "1001173": 2509,
                "1001174": 6356,
                "1001175": 1697,
                "1001176": 495,
                "1001177": 4120,
                "progres": {
                    "total": 46,
                    "persen": 93.48,
                    "progres": 43
                },
                "status_progress": true
            },
            "720507": {
                "psu": "Reguler",
                "1001173": 347,
                "1001174": 1989,
                "1001175": 432,
                "1001176": 81,
                "1001177": 2463,
                "progres": {
                    "total": 22,
                    "persen": 100.0,
                    "progres": 22
                },
                "status_progress": true
            },
            "720508": {
                "psu": "Reguler",
                "1001173": 815,
                "1001174": 3044,
                "1001175": 935,
                "1001176": 80,
                "1001177": 2820,
                "progres": {
                    "total": 33,
                    "persen": 87.88,
                    "progres": 29
                },
                "status_progress": true
            },
            "720509": {
                "psu": "Reguler",
                "1001173": 690,
                "1001174": 2970,
                "1001175": 1654,
                "1001176": 32,
                "1001177": 1437,
                "progres": {
                    "total": 22,
                    "persen": 90.91,
                    "progres": 20
                },
                "status_progress": true
            },
            "720510": {
                "psu": "Reguler",
                "1001173": 809,
                "1001174": 1534,
                "1001175": 491,
                "1001176": 183,
                "1001177": 2247,
                "progres": {
                    "total": 19,
                    "persen": 89.47,
                    "progres": 17
                },
                "status_progress": true
            },
            "720511": {
                "psu": "Reguler",
                "1001173": 434,
                "1001174": 1627,
                "1001175": 750,
                "1001176": 105,
                "1001177": 1192,
                "progres": {
                    "total": 14,
                    "persen": 100.0,
                    "progres": 14
                },
                "status_progress": true
            }
        }
    },
    "psu": "Reguler",
    "progres": {
        "total": 276,
        "progres": 261
    },
    "ts": "2024-11-28 09:00:00"
}