{
    "mode": "hhcw",
    "tungsura": {
        "chart": {
            "1000885": 38169,
            "1000886": 26338,
            "1000887": 35885,
            "1000888": 49650,
            "1000889": 3361,
            "progres": {
                "total": 612,
                "persen": 88.73,
                "progres": 543
            }
        },
        "table": {
            "530104": {
                "psu": "Reguler",
                "1000885": 886,
                "1000886": 818,
                "1000887": 525,
                "1000888": 1427,
                "1000889": 34,
                "progres": {
                    "total": 15,
                    "persen": 100.0,
                    "progres": 15
                },
                "status_progress": true
            },
            "530105": {
                "psu": "Reguler",
                "1000885": 2055,
                "1000886": 1827,
                "1000887": 1640,
                "1000888": 4103,
                "1000889": 86,
                "progres": {
                    "total": 29,
                    "persen": 100.0,
                    "progres": 29
                },
                "status_progress": true
            },
            "530106": {
                "psu": "Reguler",
                "1000885": 5440,
                "1000886": 4431,
                "1000887": 4759,
                "1000888": 7724,
                "1000889": 331,
                "progres": {
                    "total": 77,
                    "persen": 100.0,
                    "progres": 77
                },
                "status_progress": true
            },
            "530107": {
                "psu": "Reguler",
                "1000885": 1634,
                "1000886": 970,
                "1000887": 2361,
                "1000888": 2918,
                "1000889": 55,
                "progres": {
                    "total": 29,
                    "persen": 100.0,
                    "progres": 29
                },
                "status_progress": true
            },
            "530108": {
                "psu": "Reguler",
                "1000885": 3680,
                "1000886": 5559,
                "1000887": 4969,
                "1000888": 5008,
                "1000889": 227,
                "progres": {
                    "total": 62,
                    "persen": 96.77,
                    "progres": 60
                },
                "status_progress": true
            },
            "530109": {
                "psu": "Reguler",
                "1000885": 3770,
                "1000886": 2402,
                "1000887": 1624,
                "1000888": 1023,
                "1000889": 170,
                "progres": {
                    "total": 29,
                    "persen": 100.0,
                    "progres": 29
                },
                "status_progress": true
            },
            "530110": {
                "psu": "Reguler",
                "1000885": 3380,
                "1000886": 1055,
                "1000887": 1744,
                "1000888": 3619,
                "1000889": 122,
                "progres": {
                    "total": 47,
                    "persen": 82.98,
                    "progres": 39
                },
                "status_progress": true
            },
            "530111": {
                "psu": "Reguler",
                "1000885": 1487,
                "1000886": 677,
                "1000887": 1482,
                "1000888": 3068,
                "1000889": 116,
                "progres": {
                    "total": 46,
                    "persen": 67.39,
                    "progres": 31
                },
                "status_progress": true
            },
            "530112": {
                "psu": "Reguler",
                "1000885": 573,
                "1000886": 580,
                "1000887": 1589,
                "1000888": 829,
                "1000889": 54,
                "progres": {
                    "total": 18,
                    "persen": 83.33,
                    "progres": 15
                },
                "status_progress": true
            },
            "530113": {
                "psu": "Reguler",
                "1000885": 283,
                "1000886": 142,
                "1000887": 1440,
                "1000888": 342,
                "1000889": 65,
                "progres": {
                    "total": 15,
                    "persen": 66.67,
                    "progres": 10
                },
                "status_progress": true
            },
            "530116": {
                "psu": "Reguler",
                "1000885": 607,
                "1000886": 295,
                "1000887": 403,
                "1000888": 4793,
                "1000889": 29,
                "progres": {
                    "total": 21,
                    "persen": 95.24,
                    "progres": 20
                },
                "status_progress": true
            },
            "530117": {
                "psu": "Reguler",
                "1000885": 2341,
                "1000886": 1714,
                "1000887": 1113,
                "1000888": 2189,
                "1000889": 300,
                "progres": {
                    "total": 30,
                    "persen": 93.33,
                    "progres": 28
                },
                "status_progress": true
            },
            "530118": {
                "psu": "Reguler",
                "1000885": 2194,
                "1000886": 1088,
                "1000887": 484,
                "1000888": 748,
                "1000889": 576,
                "progres": {
                    "total": 20,
                    "persen": 95.0,
                    "progres": 19
                },
                "status_progress": true
            },
            "530119": {
                "psu": "Reguler",
                "1000885": 1302,
                "1000886": 535,
                "1000887": 389,
                "1000888": 839,
                "1000889": 648,
                "progres": {
                    "total": 16,
                    "persen": 93.75,
                    "progres": 15
                },
                "status_progress": true
            },
            "530120": {
                "psu": "Reguler",
                "1000885": 1913,
                "1000886": 915,
                "1000887": 1533,
                "1000888": 1552,
                "1000889": 98,
                "progres": {
                    "total": 25,
                    "persen": 92.0,
                    "progres": 23
                },
                "status_progress": true
            },
            "530121": {
                "psu": "Reguler",
                "1000885": 467,
                "1000886": 76,
                "1000887": 1885,
                "1000888": 276,
                "1000889": 8,
                "progres": {
                    "total": 9,
                    "persen": 100.0,
                    "progres": 9
                },
                "status_progress": true
            },
            "530122": {
                "psu": "Reguler",
                "1000885": 266,
                "1000886": 80,
                "1000887": 2289,
                "1000888": 326,
                "1000889": 22,
                "progres": {
                    "total": 18,
                    "persen": 66.67,
                    "progres": 12
                },
                "status_progress": true
            },
            "530123": {
                "psu": "Reguler",
                "1000885": 1143,
                "1000886": 353,
                "1000887": 273,
                "1000888": 779,
                "1000889": 94,
                "progres": {
                    "total": 12,
                    "persen": 91.67,
                    "progres": 11
                },
                "status_progress": true
            },
            "530124": {
                "psu": "Reguler",
                "1000885": 1886,
                "1000886": 1572,
                "1000887": 2040,
                "1000888": 3035,
                "1000889": 133,
                "progres": {
                    "total": 28,
                    "persen": 96.43,
                    "progres": 27
                },
                "status_progress": true
            },
            "530125": {
                "psu": "Reguler",
                "1000885": 1310,
                "1000886": 665,
                "1000887": 886,
                "1000888": 1171,
                "1000889": 68,
                "progres": {
                    "total": 13,
                    "persen": 92.31,
                    "progres": 12
                },
                "status_progress": true
            },
            "530126": {
                "psu": "Reguler",
                "1000885": 162,
                "1000886": 89,
                "1000887": 413,
                "1000888": 98,
                "1000889": 27,
                "progres": {
                    "total": 14,
                    "persen": 28.57,
                    "progres": 4
                },
                "status_progress": true
            },
            "530127": {
                "psu": "Reguler",
                "1000885": 370,
                "1000886": 91,
                "1000887": 484,
                "1000888": 1347,
                "1000889": 14,
                "progres": {
                    "total": 16,
                    "persen": 50.0,
                    "progres": 8
                },
                "status_progress": true
            },
            "530128": {
                "psu": "Reguler",
                "1000885": 732,
                "1000886": 82,
                "1000887": 150,
                "1000888": 1704,
                "1000889": 21,
                "progres": {
                    "total": 12,
                    "persen": 91.67,
                    "progres": 11
                },
                "status_progress": true
            },
            "530130": {
                "psu": "Reguler",
                "1000885": 288,
                "1000886": 322,
                "1000887": 1410,
                "1000888": 732,
                "1000889": 63,
                "progres": {
                    "total": 11,
                    "persen": 90.91,
                    "progres": 10
                },
                "status_progress": true
            }
        }
    },
    "psu": "Reguler",
    "progres": {
        "total": 612,
        "progres": 543
    },
    "ts": "2024-11-28 09:00:00"
}