{
    "mode": "hhcw",
    "tungsura": {
        "chart": {
            "1000890": 50349,
            "1000891": 8065,
            "1000892": 11642,
            "1000893": 41578,
            "1000894": 53661,
            "progres": {
                "total": 770,
                "persen": 76.36,
                "progres": 588
            }
        },
        "table": {
            "530201": {
                "psu": "Reguler",
                "1000890": 5585,
                "1000891": 470,
                "1000892": 523,
                "1000893": 4688,
                "1000894": 8126,
                "progres": {
                    "total": 58,
                    "persen": 94.83,
                    "progres": 55
                },
                "status_progress": true
            },
            "530202": {
                "psu": "Reguler",
                "1000890": 1885,
                "1000891": 338,
                "1000892": 451,
                "1000893": 2144,
                "1000894": 2592,
                "progres": {
                    "total": 31,
                    "persen": 80.65,
                    "progres": 25
                },
                "status_progress": true
            },
            "530203": {
                "psu": "Reguler",
                "1000890": 2101,
                "1000891": 1578,
                "1000892": 642,
                "1000893": 2085,
                "1000894": 3348,
                "progres": {
                    "total": 39,
                    "persen": 84.62,
                    "progres": 33
                },
                "status_progress": true
            },
            "530204": {
                "psu": "Reguler",
                "1000890": 1914,
                "1000891": 201,
                "1000892": 301,
                "1000893": 528,
                "1000894": 1307,
                "progres": {
                    "total": 28,
                    "persen": 64.29,
                    "progres": 18
                },
                "status_progress": true
            },
            "530205": {
                "psu": "Reguler",
                "1000890": 3582,
                "1000891": 213,
                "1000892": 404,
                "1000893": 1139,
                "1000894": 2007,
                "progres": {
                    "total": 27,
                    "persen": 96.3,
                    "progres": 26
                },
                "status_progress": true
            },
            "530206": {
                "psu": "Reguler",
                "1000890": 3208,
                "1000891": 545,
                "1000892": 742,
                "1000893": 2161,
                "1000894": 4272,
                "progres": {
                    "total": 40,
                    "persen": 95.0,
                    "progres": 38
                },
                "status_progress": true
            },
            "530207": {
                "psu": "Reguler",
                "1000890": 3333,
                "1000891": 633,
                "1000892": 312,
                "1000893": 2157,
                "1000894": 4874,
                "progres": {
                    "total": 36,
                    "persen": 88.89,
                    "progres": 32
                },
                "status_progress": true
            },
            "530208": {
                "psu": "Reguler",
                "1000890": 640,
                "1000891": 133,
                "1000892": 428,
                "1000893": 3400,
                "1000894": 1125,
                "progres": {
                    "total": 30,
                    "persen": 70.0,
                    "progres": 21
                },
                "status_progress": true
            },
            "530209": {
                "psu": "Reguler",
                "1000890": 1043,
                "1000891": 154,
                "1000892": 357,
                "1000893": 1988,
                "1000894": 822,
                "progres": {
                    "total": 27,
                    "persen": 70.37,
                    "progres": 19
                },
                "status_progress": true
            },
            "530210": {
                "psu": "Reguler",
                "1000890": 2737,
                "1000891": 246,
                "1000892": 427,
                "1000893": 1346,
                "1000894": 2198,
                "progres": {
                    "total": 38,
                    "persen": 68.42,
                    "progres": 26
                },
                "status_progress": true
            },
            "530211": {
                "psu": "Reguler",
                "1000890": 2737,
                "1000891": 176,
                "1000892": 432,
                "1000893": 1155,
                "1000894": 1470,
                "progres": {
                    "total": 31,
                    "persen": 70.97,
                    "progres": 22
                },
                "status_progress": true
            },
            "530212": {
                "psu": "Reguler",
                "1000890": 155,
                "1000891": 456,
                "1000892": 148,
                "1000893": 140,
                "1000894": 523,
                "progres": {
                    "total": 12,
                    "persen": 41.67,
                    "progres": 5
                },
                "status_progress": true
            },
            "530213": {
                "psu": "Reguler",
                "1000890": 787,
                "1000891": 164,
                "1000892": 459,
                "1000893": 672,
                "1000894": 2037,
                "progres": {
                    "total": 25,
                    "persen": 64.0,
                    "progres": 16
                },
                "status_progress": true
            },
            "530214": {
                "psu": "Reguler",
                "1000890": 1924,
                "1000891": 275,
                "1000892": 657,
                "1000893": 1390,
                "1000894": 2068,
                "progres": {
                    "total": 23,
                    "persen": 95.65,
                    "progres": 22
                },
                "status_progress": true
            },
            "530215": {
                "psu": "Reguler",
                "1000890": 466,
                "1000891": 89,
                "1000892": 247,
                "1000893": 1767,
                "1000894": 623,
                "progres": {
                    "total": 17,
                    "persen": 70.59,
                    "progres": 12
                },
                "status_progress": true
            },
            "530216": {
                "psu": "Reguler",
                "1000890": 1179,
                "1000891": 75,
                "1000892": 170,
                "1000893": 1659,
                "1000894": 893,
                "progres": {
                    "total": 21,
                    "persen": 80.95,
                    "progres": 17
                },
                "status_progress": true
            },
            "530217": {
                "psu": "Reguler",
                "1000890": 110,
                "1000891": 21,
                "1000892": 64,
                "1000893": 970,
                "1000894": 180,
                "progres": {
                    "total": 22,
                    "persen": 22.73,
                    "progres": 5
                },
                "status_progress": true
            },
            "530218": {
                "psu": "Reguler",
                "1000890": 1627,
                "1000891": 153,
                "1000892": 414,
                "1000893": 439,
                "1000894": 1148,
                "progres": {
                    "total": 21,
                    "persen": 76.19,
                    "progres": 16
                },
                "status_progress": true
            },
            "530219": {
                "psu": "Reguler",
                "1000890": 3919,
                "1000891": 382,
                "1000892": 774,
                "1000893": 2194,
                "1000894": 2046,
                "progres": {
                    "total": 31,
                    "persen": 96.77,
                    "progres": 30
                },
                "status_progress": true
            },
            "530220": {
                "psu": "Reguler",
                "1000890": 916,
                "1000891": 155,
                "1000892": 222,
                "1000893": 1439,
                "1000894": 1697,
                "progres": {
                    "total": 20,
                    "persen": 80.0,
                    "progres": 16
                },
                "status_progress": true
            },
            "530221": {
                "psu": "Reguler",
                "1000890": 1843,
                "1000891": 352,
                "1000892": 1564,
                "1000893": 2689,
                "1000894": 2185,
                "progres": {
                    "total": 33,
                    "persen": 90.91,
                    "progres": 30
                },
                "status_progress": true
            },
            "530222": {
                "psu": "Reguler",
                "1000890": 66,
                "1000891": 77,
                "1000892": 29,
                "1000893": 143,
                "1000894": 279,
                "progres": {
                    "total": 15,
                    "persen": 20.0,
                    "progres": 3
                },
                "status_progress": true
            },
            "530223": {
                "psu": "Reguler",
                "1000890": 294,
                "1000891": 75,
                "1000892": 61,
                "1000893": 731,
                "1000894": 263,
                "progres": {
                    "total": 8,
                    "persen": 100.0,
                    "progres": 8
                },
                "status_progress": true
            },
            "530224": {
                "psu": "Reguler",
                "1000890": 489,
                "1000891": 63,
                "1000892": 266,
                "1000893": 266,
                "1000894": 759,
                "progres": {
                    "total": 10,
                    "persen": 90.0,
                    "progres": 9
                },
                "status_progress": true
            },
            "530225": {
                "psu": "Reguler",
                "1000890": 379,
                "1000891": 36,
                "1000892": 140,
                "1000893": 725,
                "1000894": 311,
                "progres": {
                    "total": 13,
                    "persen": 61.54,
                    "progres": 8
                },
                "status_progress": true
            },
            "530226": {
                "psu": "Reguler",
                "1000890": 464,
                "1000891": 31,
                "1000892": 58,
                "1000893": 402,
                "1000894": 1014,
                "progres": {
                    "total": 20,
                    "persen": 35.0,
                    "progres": 7
                },
                "status_progress": true
            },
            "530227": {
                "psu": "Reguler",
                "1000890": 3278,
                "1000891": 295,
                "1000892": 361,
                "1000893": 1272,
                "1000894": 1938,
                "progres": {
                    "total": 29,
                    "persen": 100.0,
                    "progres": 29
                },
                "status_progress": true
            },
            "530228": {
                "psu": "Reguler",
                "1000890": 1614,
                "1000891": 104,
                "1000892": 278,
                "1000893": 244,
                "1000894": 419,
                "progres": {
                    "total": 13,
                    "persen": 76.92,
                    "progres": 10
                },
                "status_progress": true
            },
            "530229": {
                "psu": "Reguler",
                "1000890": 1103,
                "1000891": 121,
                "1000892": 248,
                "1000893": 272,
                "1000894": 483,
                "progres": {
                    "total": 11,
                    "persen": 81.82,
                    "progres": 9
                },
                "status_progress": true
            },
            "530230": {
                "psu": "Reguler",
                "1000890": 179,
                "1000891": 135,
                "1000892": 129,
                "1000893": 393,
                "1000894": 1471,
                "progres": {
                    "total": 13,
                    "persen": 61.54,
                    "progres": 8
                },
                "status_progress": true
            },
            "530231": {
                "psu": "Reguler",
                "1000890": 617,
                "1000891": 237,
                "1000892": 260,
                "1000893": 437,
                "1000894": 923,
                "progres": {
                    "total": 19,
                    "persen": 52.63,
                    "progres": 10
                },
                "status_progress": true
            },
            "530232": {
                "psu": "Reguler",
                "1000890": 175,
                "1000891": 82,
                "1000892": 74,
                "1000893": 543,
                "1000894": 260,
                "progres": {
                    "total": 9,
                    "persen": 33.33,
                    "progres": 3
                },
                "status_progress": true
            }
        }
    },
    "psu": "Reguler",
    "progres": {
        "total": 770,
        "progres": 588
    },
    "ts": "2024-11-28 09:00:00"
}