{
    "mode": "hhcw",
    "tungsura": {
        "chart": {
            "1000899": 44704,
            "1000900": 33368,
            "1000901": 4239,
            "1000902": 15749,
            "progres": {
                "total": 374,
                "persen": 97.06,
                "progres": 363
            }
        },
        "table": {
            "530401": {
                "psu": "Reguler",
                "1000899": 1601,
                "1000900": 2115,
                "1000901": 324,
                "1000902": 1990,
                "progres": {
                    "total": 24,
                    "persen": 100.0,
                    "progres": 24
                },
                "status_progress": true
            },
            "530402": {
                "psu": "Reguler",
                "1000899": 5777,
                "1000900": 4593,
                "1000901": 571,
                "1000902": 982,
                "progres": {
                    "total": 48,
                    "persen": 100.0,
                    "progres": 48
                },
                "status_progress": true
            },
            "530403": {
                "psu": "Reguler",
                "1000899": 2402,
                "1000900": 1554,
                "1000901": 922,
                "1000902": 1320,
                "progres": {
                    "total": 26,
                    "persen": 100.0,
                    "progres": 26
                },
                "status_progress": true
            },
            "530404": {
                "psu": "Reguler",
                "1000899": 5441,
                "1000900": 4723,
                "1000901": 593,
                "1000902": 1132,
                "progres": {
                    "total": 47,
                    "persen": 100.0,
                    "progres": 47
                },
                "status_progress": true
            },
            "530405": {
                "psu": "Reguler",
                "1000899": 5149,
                "1000900": 2704,
                "1000901": 238,
                "1000902": 571,
                "progres": {
                    "total": 42,
                    "persen": 83.33,
                    "progres": 35
                },
                "status_progress": true
            },
            "530412": {
                "psu": "Reguler",
                "1000899": 7798,
                "1000900": 4966,
                "1000901": 266,
                "1000902": 1167,
                "progres": {
                    "total": 47,
                    "persen": 97.87,
                    "progres": 46
                },
                "status_progress": true
            },
            "530413": {
                "psu": "Reguler",
                "1000899": 2483,
                "1000900": 1923,
                "1000901": 96,
                "1000902": 3283,
                "progres": {
                    "total": 30,
                    "persen": 96.67,
                    "progres": 29
                },
                "status_progress": true
            },
            "530417": {
                "psu": "Reguler",
                "1000899": 1169,
                "1000900": 1240,
                "1000901": 287,
                "1000902": 630,
                "progres": {
                    "total": 14,
                    "persen": 100.0,
                    "progres": 14
                },
                "status_progress": true
            },
            "530418": {
                "psu": "Reguler",
                "1000899": 696,
                "1000900": 931,
                "1000901": 97,
                "1000902": 2087,
                "progres": {
                    "total": 20,
                    "persen": 100.0,
                    "progres": 20
                },
                "status_progress": true
            },
            "530421": {
                "psu": "Reguler",
                "1000899": 5322,
                "1000900": 3875,
                "1000901": 302,
                "1000902": 1141,
                "progres": {
                    "total": 30,
                    "persen": 100.0,
                    "progres": 30
                },
                "status_progress": true
            },
            "530422": {
                "psu": "Reguler",
                "1000899": 6177,
                "1000900": 3990,
                "1000901": 401,
                "1000902": 1245,
                "progres": {
                    "total": 36,
                    "persen": 97.22,
                    "progres": 35
                },
                "status_progress": true
            },
            "530423": {
                "psu": "Reguler",
                "1000899": 689,
                "1000900": 754,
                "1000901": 142,
                "1000902": 201,
                "progres": {
                    "total": 10,
                    "persen": 90.0,
                    "progres": 9
                },
                "status_progress": true
            }
        }
    },
    "psu": "Reguler",
    "progres": {
        "total": 374,
        "progres": 363
    },
    "ts": "2024-11-28 09:00:00"
}