{
    "mode": "hhcw",
    "tungsura": {
        "chart": {
            "1000903": 22309,
            "1000904": 23976,
            "1000905": 12635,
            "1000906": 15865,
            "1000907": 21786,
            "progres": {
                "total": 510,
                "persen": 78.24,
                "progres": 399
            }
        },
        "table": {
            "530501": {
                "psu": "Reguler",
                "1000903": 6804,
                "1000904": 6790,
                "1000905": 3445,
                "1000906": 4965,
                "1000907": 5283,
                "progres": {
                    "total": 85,
                    "persen": 96.47,
                    "progres": 82
                },
                "status_progress": true
            },
            "530502": {
                "psu": "Reguler",
                "1000903": 4652,
                "1000904": 2143,
                "1000905": 970,
                "1000906": 3414,
                "1000907": 1275,
                "progres": {
                    "total": 56,
                    "persen": 96.43,
                    "progres": 54
                },
                "status_progress": true
            },
            "530503": {
                "psu": "Reguler",
                "1000903": 1354,
                "1000904": 1447,
                "1000905": 645,
                "1000906": 913,
                "1000907": 2642,
                "progres": {
                    "total": 37,
                    "persen": 64.86,
                    "progres": 24
                },
                "status_progress": true
            },
            "530504": {
                "psu": "Reguler",
                "1000903": 304,
                "1000904": 1289,
                "1000905": 93,
                "1000906": 564,
                "1000907": 627,
                "progres": {
                    "total": 30,
                    "persen": 53.33,
                    "progres": 16
                },
                "status_progress": true
            },
            "530505": {
                "psu": "Reguler",
                "1000903": 312,
                "1000904": 300,
                "1000905": 99,
                "1000906": 592,
                "1000907": 613,
                "progres": {
                    "total": 26,
                    "persen": 42.31,
                    "progres": 11
                },
                "status_progress": true
            },
            "530506": {
                "psu": "Reguler",
                "1000903": 1253,
                "1000904": 688,
                "1000905": 2775,
                "1000906": 616,
                "1000907": 460,
                "progres": {
                    "total": 22,
                    "persen": 100.0,
                    "progres": 22
                },
                "status_progress": true
            },
            "530507": {
                "psu": "Reguler",
                "1000903": 433,
                "1000904": 5347,
                "1000905": 169,
                "1000906": 238,
                "1000907": 729,
                "progres": {
                    "total": 36,
                    "persen": 91.67,
                    "progres": 33
                },
                "status_progress": true
            },
            "530508": {
                "psu": "Reguler",
                "1000903": 1842,
                "1000904": 569,
                "1000905": 189,
                "1000906": 406,
                "1000907": 829,
                "progres": {
                    "total": 30,
                    "persen": 73.33,
                    "progres": 22
                },
                "status_progress": true
            },
            "530509": {
                "psu": "Reguler",
                "1000903": 1728,
                "1000904": 374,
                "1000905": 385,
                "1000906": 515,
                "1000907": 839,
                "progres": {
                    "total": 15,
                    "persen": 93.33,
                    "progres": 14
                },
                "status_progress": true
            },
            "530510": {
                "psu": "Reguler",
                "1000903": 855,
                "1000904": 1144,
                "1000905": 497,
                "1000906": 694,
                "1000907": 1513,
                "progres": {
                    "total": 17,
                    "persen": 94.12,
                    "progres": 16
                },
                "status_progress": true
            },
            "530511": {
                "psu": "Reguler",
                "1000903": 558,
                "1000904": 557,
                "1000905": 388,
                "1000906": 399,
                "1000907": 1224,
                "progres": {
                    "total": 14,
                    "persen": 100.0,
                    "progres": 14
                },
                "status_progress": true
            },
            "530512": {
                "psu": "Reguler",
                "1000903": 28,
                "1000904": 172,
                "1000905": 15,
                "1000906": 59,
                "1000907": 52,
                "progres": {
                    "total": 20,
                    "persen": 15.0,
                    "progres": 3
                },
                "status_progress": true
            },
            "530513": {
                "psu": "Reguler",
                "1000903": 90,
                "1000904": 121,
                "1000905": 17,
                "1000906": 144,
                "1000907": 196,
                "progres": {
                    "total": 16,
                    "persen": 31.25,
                    "progres": 5
                },
                "status_progress": true
            },
            "530514": {
                "psu": "Reguler",
                "1000903": 737,
                "1000904": 343,
                "1000905": 2011,
                "1000906": 587,
                "1000907": 1745,
                "progres": {
                    "total": 30,
                    "persen": 86.67,
                    "progres": 26
                },
                "status_progress": true
            },
            "530515": {
                "psu": "Reguler",
                "1000903": 183,
                "1000904": 1643,
                "1000905": 183,
                "1000906": 87,
                "1000907": 348,
                "progres": {
                    "total": 17,
                    "persen": 94.12,
                    "progres": 16
                },
                "status_progress": true
            },
            "530516": {
                "psu": "Reguler",
                "1000903": 389,
                "1000904": 241,
                "1000905": 427,
                "1000906": 1096,
                "1000907": 1852,
                "progres": {
                    "total": 28,
                    "persen": 71.43,
                    "progres": 20
                },
                "status_progress": true
            },
            "530517": {
                "psu": "Reguler",
                "1000903": 486,
                "1000904": 88,
                "1000905": 129,
                "1000906": 188,
                "1000907": 351,
                "progres": {
                    "total": 13,
                    "persen": 46.15,
                    "progres": 6
                },
                "status_progress": true
            },
            "530518": {
                "psu": "Reguler",
                "1000903": 301,
                "1000904": 720,
                "1000905": 198,
                "1000906": 388,
                "1000907": 1208,
                "progres": {
                    "total": 18,
                    "persen": 83.33,
                    "progres": 15
                },
                "status_progress": true
            }
        }
    },
    "psu": "Reguler",
    "progres": {
        "total": 510,
        "progres": 399
    },
    "ts": "2024-11-28 09:00:00"
}