{
    "mode": "hhcw",
    "tungsura": {
        "chart": {
            "1000912": 32483,
            "1000913": 54000,
            "1000914": 6944,
            "1000915": 62286,
            "progres": {
                "total": 557,
                "persen": 91.02,
                "progres": 507
            }
        },
        "table": {
            "530701": {
                "psu": "Reguler",
                "1000912": 1007,
                "1000913": 3924,
                "1000914": 152,
                "1000915": 2853,
                "progres": {
                    "total": 33,
                    "persen": 96.97,
                    "progres": 32
                },
                "status_progress": true
            },
            "530702": {
                "psu": "Reguler",
                "1000912": 1107,
                "1000913": 1660,
                "1000914": 107,
                "1000915": 3282,
                "progres": {
                    "total": 27,
                    "persen": 88.89,
                    "progres": 24
                },
                "status_progress": true
            },
            "530703": {
                "psu": "Reguler",
                "1000912": 1529,
                "1000913": 1561,
                "1000914": 1141,
                "1000915": 1965,
                "progres": {
                    "total": 23,
                    "persen": 95.65,
                    "progres": 22
                },
                "status_progress": true
            },
            "530704": {
                "psu": "Reguler",
                "1000912": 858,
                "1000913": 4665,
                "1000914": 233,
                "1000915": 6988,
                "progres": {
                    "total": 40,
                    "persen": 100.0,
                    "progres": 40
                },
                "status_progress": true
            },
            "530705": {
                "psu": "Reguler",
                "1000912": 3673,
                "1000913": 4419,
                "1000914": 980,
                "1000915": 5432,
                "progres": {
                    "total": 44,
                    "persen": 90.91,
                    "progres": 40
                },
                "status_progress": true
            },
            "530706": {
                "psu": "Reguler",
                "1000912": 630,
                "1000913": 2034,
                "1000914": 99,
                "1000915": 1210,
                "progres": {
                    "total": 17,
                    "persen": 76.47,
                    "progres": 13
                },
                "status_progress": true
            },
            "530707": {
                "psu": "Reguler",
                "1000912": 2110,
                "1000913": 1086,
                "1000914": 53,
                "1000915": 587,
                "progres": {
                    "total": 9,
                    "persen": 100.0,
                    "progres": 9
                },
                "status_progress": true
            },
            "530708": {
                "psu": "Reguler",
                "1000912": 2743,
                "1000913": 3900,
                "1000914": 508,
                "1000915": 4293,
                "progres": {
                    "total": 43,
                    "persen": 97.67,
                    "progres": 42
                },
                "status_progress": true
            },
            "530709": {
                "psu": "Reguler",
                "1000912": 2614,
                "1000913": 3993,
                "1000914": 280,
                "1000915": 4687,
                "progres": {
                    "total": 39,
                    "persen": 92.31,
                    "progres": 36
                },
                "status_progress": true
            },
            "530710": {
                "psu": "Reguler",
                "1000912": 1091,
                "1000913": 3089,
                "1000914": 121,
                "1000915": 1922,
                "progres": {
                    "total": 25,
                    "persen": 76.0,
                    "progres": 19
                },
                "status_progress": true
            },
            "530711": {
                "psu": "Reguler",
                "1000912": 1007,
                "1000913": 2285,
                "1000914": 638,
                "1000915": 1662,
                "progres": {
                    "total": 21,
                    "persen": 95.24,
                    "progres": 20
                },
                "status_progress": true
            },
            "530712": {
                "psu": "Reguler",
                "1000912": 597,
                "1000913": 739,
                "1000914": 47,
                "1000915": 4530,
                "progres": {
                    "total": 23,
                    "persen": 78.26,
                    "progres": 18
                },
                "status_progress": true
            },
            "530713": {
                "psu": "Reguler",
                "1000912": 483,
                "1000913": 1288,
                "1000914": 93,
                "1000915": 1274,
                "progres": {
                    "total": 15,
                    "persen": 73.33,
                    "progres": 11
                },
                "status_progress": true
            },
            "530714": {
                "psu": "Reguler",
                "1000912": 2155,
                "1000913": 3551,
                "1000914": 351,
                "1000915": 4737,
                "progres": {
                    "total": 30,
                    "persen": 96.67,
                    "progres": 29
                },
                "status_progress": true
            },
            "530715": {
                "psu": "Reguler",
                "1000912": 4239,
                "1000913": 5458,
                "1000914": 1387,
                "1000915": 4979,
                "progres": {
                    "total": 53,
                    "persen": 92.45,
                    "progres": 49
                },
                "status_progress": true
            },
            "530716": {
                "psu": "Reguler",
                "1000912": 739,
                "1000913": 1591,
                "1000914": 103,
                "1000915": 1586,
                "progres": {
                    "total": 13,
                    "persen": 100.0,
                    "progres": 13
                },
                "status_progress": true
            },
            "530717": {
                "psu": "Reguler",
                "1000912": 618,
                "1000913": 802,
                "1000914": 30,
                "1000915": 2946,
                "progres": {
                    "total": 22,
                    "persen": 95.45,
                    "progres": 21
                },
                "status_progress": true
            },
            "530718": {
                "psu": "Reguler",
                "1000912": 1206,
                "1000913": 1794,
                "1000914": 117,
                "1000915": 1670,
                "progres": {
                    "total": 16,
                    "persen": 100.0,
                    "progres": 16
                },
                "status_progress": true
            },
            "530719": {
                "psu": "Reguler",
                "1000912": 2193,
                "1000913": 4024,
                "1000914": 356,
                "1000915": 3286,
                "progres": {
                    "total": 30,
                    "persen": 96.67,
                    "progres": 29
                },
                "status_progress": true
            },
            "530720": {
                "psu": "Reguler",
                "1000912": 1345,
                "1000913": 1531,
                "1000914": 113,
                "1000915": 1954,
                "progres": {
                    "total": 23,
                    "persen": 82.61,
                    "progres": 19
                },
                "status_progress": true
            },
            "530721": {
                "psu": "Reguler",
                "1000912": 539,
                "1000913": 606,
                "1000914": 35,
                "1000915": 443,
                "progres": {
                    "total": 11,
                    "persen": 45.45,
                    "progres": 5
                },
                "status_progress": true
            }
        }
    },
    "psu": "Reguler",
    "progres": {
        "total": 557,
        "progres": 507
    },
    "ts": "2024-11-28 09:00:00"
}