{
    "mode": "hhcw",
    "tungsura": {
        "chart": {
            "1000925": 53005,
            "1000926": 21066,
            "1000927": 62798,
            "progres": {
                "total": 507,
                "persen": 94.67,
                "progres": 480
            }
        },
        "table": {
            "531101": {
                "psu": "Reguler",
                "1000925": 7037,
                "1000926": 2408,
                "1000927": 9483,
                "progres": {
                    "total": 57,
                    "persen": 98.25,
                    "progres": 56
                },
                "status_progress": true
            },
            "531102": {
                "psu": "Reguler",
                "1000925": 1322,
                "1000926": 445,
                "1000927": 1753,
                "progres": {
                    "total": 15,
                    "persen": 93.33,
                    "progres": 14
                },
                "status_progress": true
            },
            "531103": {
                "psu": "Reguler",
                "1000925": 3055,
                "1000926": 1414,
                "1000927": 4818,
                "progres": {
                    "total": 29,
                    "persen": 100.0,
                    "progres": 29
                },
                "status_progress": true
            },
            "531104": {
                "psu": "Reguler",
                "1000925": 2720,
                "1000926": 367,
                "1000927": 2598,
                "progres": {
                    "total": 24,
                    "persen": 100.0,
                    "progres": 24
                },
                "status_progress": true
            },
            "531105": {
                "psu": "Reguler",
                "1000925": 2747,
                "1000926": 193,
                "1000927": 2137,
                "progres": {
                    "total": 26,
                    "persen": 96.15,
                    "progres": 25
                },
                "status_progress": true
            },
            "531106": {
                "psu": "Reguler",
                "1000925": 660,
                "1000926": 154,
                "1000927": 672,
                "progres": {
                    "total": 18,
                    "persen": 44.44,
                    "progres": 8
                },
                "status_progress": true
            },
            "531107": {
                "psu": "Reguler",
                "1000925": 4217,
                "1000926": 2688,
                "1000927": 3679,
                "progres": {
                    "total": 33,
                    "persen": 100.0,
                    "progres": 33
                },
                "status_progress": true
            },
            "531108": {
                "psu": "Reguler",
                "1000925": 2799,
                "1000926": 2325,
                "1000927": 5550,
                "progres": {
                    "total": 34,
                    "persen": 100.0,
                    "progres": 34
                },
                "status_progress": true
            },
            "531109": {
                "psu": "Reguler",
                "1000925": 1291,
                "1000926": 390,
                "1000927": 4250,
                "progres": {
                    "total": 20,
                    "persen": 100.0,
                    "progres": 20
                },
                "status_progress": true
            },
            "531110": {
                "psu": "Reguler",
                "1000925": 2433,
                "1000926": 1679,
                "1000927": 3908,
                "progres": {
                    "total": 27,
                    "persen": 100.0,
                    "progres": 27
                },
                "status_progress": true
            },
            "531111": {
                "psu": "Reguler",
                "1000925": 1543,
                "1000926": 710,
                "1000927": 2364,
                "progres": {
                    "total": 18,
                    "persen": 94.44,
                    "progres": 17
                },
                "status_progress": true
            },
            "531112": {
                "psu": "Reguler",
                "1000925": 1352,
                "1000926": 578,
                "1000927": 1275,
                "progres": {
                    "total": 13,
                    "persen": 100.0,
                    "progres": 13
                },
                "status_progress": true
            },
            "531113": {
                "psu": "Reguler",
                "1000925": 2377,
                "1000926": 232,
                "1000927": 1468,
                "progres": {
                    "total": 19,
                    "persen": 84.21,
                    "progres": 16
                },
                "status_progress": true
            },
            "531114": {
                "psu": "Reguler",
                "1000925": 2276,
                "1000926": 454,
                "1000927": 2430,
                "progres": {
                    "total": 20,
                    "persen": 100.0,
                    "progres": 20
                },
                "status_progress": true
            },
            "531115": {
                "psu": "Reguler",
                "1000925": 1491,
                "1000926": 96,
                "1000927": 888,
                "progres": {
                    "total": 17,
                    "persen": 76.47,
                    "progres": 13
                },
                "status_progress": true
            },
            "531116": {
                "psu": "Reguler",
                "1000925": 7494,
                "1000926": 4178,
                "1000927": 7500,
                "progres": {
                    "total": 54,
                    "persen": 96.3,
                    "progres": 52
                },
                "status_progress": true
            },
            "531117": {
                "psu": "Reguler",
                "1000925": 1321,
                "1000926": 197,
                "1000927": 718,
                "progres": {
                    "total": 10,
                    "persen": 100.0,
                    "progres": 10
                },
                "status_progress": true
            },
            "531118": {
                "psu": "Reguler",
                "1000925": 1524,
                "1000926": 999,
                "1000927": 1059,
                "progres": {
                    "total": 17,
                    "persen": 100.0,
                    "progres": 17
                },
                "status_progress": true
            },
            "531119": {
                "psu": "Reguler",
                "1000925": 896,
                "1000926": 545,
                "1000927": 1010,
                "progres": {
                    "total": 9,
                    "persen": 100.0,
                    "progres": 9
                },
                "status_progress": true
            },
            "531120": {
                "psu": "Reguler",
                "1000925": 2247,
                "1000926": 570,
                "1000927": 3630,
                "progres": {
                    "total": 23,
                    "persen": 100.0,
                    "progres": 23
                },
                "status_progress": true
            },
            "531121": {
                "psu": "Reguler",
                "1000925": 1148,
                "1000926": 259,
                "1000927": 656,
                "progres": {
                    "total": 14,
                    "persen": 78.57,
                    "progres": 11
                },
                "status_progress": true
            },
            "531122": {
                "psu": "Reguler",
                "1000925": 1055,
                "1000926": 185,
                "1000927": 952,
                "progres": {
                    "total": 10,
                    "persen": 90.0,
                    "progres": 9
                },
                "status_progress": true
            }
        }
    },
    "psu": "Reguler",
    "progres": {
        "total": 507,
        "progres": 480
    },
    "ts": "2024-11-28 09:00:00"
}