{
    "mode": "hhcw",
    "tungsura": {
        "chart": {
            "1000928": 13412,
            "1000929": 24691,
            "1000930": 18720,
            "progres": {
                "total": 240,
                "persen": 89.58,
                "progres": 215
            }
        },
        "table": {
            "531204": {
                "psu": "Reguler",
                "1000928": 3943,
                "1000929": 3702,
                "1000930": 926,
                "progres": {
                    "total": 41,
                    "persen": 87.8,
                    "progres": 36
                },
                "status_progress": true
            },
            "531210": {
                "psu": "Reguler",
                "1000928": 4079,
                "1000929": 5482,
                "1000930": 4753,
                "progres": {
                    "total": 58,
                    "persen": 93.1,
                    "progres": 54
                },
                "status_progress": true
            },
            "531211": {
                "psu": "Reguler",
                "1000928": 1850,
                "1000929": 3203,
                "1000930": 2990,
                "progres": {
                    "total": 38,
                    "persen": 86.84,
                    "progres": 33
                },
                "status_progress": true
            },
            "531212": {
                "psu": "Reguler",
                "1000928": 846,
                "1000929": 5155,
                "1000930": 3908,
                "progres": {
                    "total": 35,
                    "persen": 100.0,
                    "progres": 35
                },
                "status_progress": true
            },
            "531215": {
                "psu": "Reguler",
                "1000928": 2159,
                "1000929": 5779,
                "1000930": 4637,
                "progres": {
                    "total": 50,
                    "persen": 84.0,
                    "progres": 42
                },
                "status_progress": true
            },
            "531218": {
                "psu": "Reguler",
                "1000928": 535,
                "1000929": 1370,
                "1000930": 1506,
                "progres": {
                    "total": 18,
                    "persen": 83.33,
                    "progres": 15
                },
                "status_progress": true
            }
        }
    },
    "psu": "Reguler",
    "progres": {
        "total": 240,
        "progres": 215
    },
    "ts": "2024-11-28 09:00:00"
}