{
    "mode": "hhcw",
    "tungsura": {
        "chart": {
            "1000931": 16253,
            "1000932": 11986,
            "1000933": 4494,
            "1000934": 17498,
            "1000935": 11263,
            "1000936": 5382,
            "progres": {
                "total": 267,
                "persen": 94.38,
                "progres": 252
            }
        },
        "table": {
            "531301": {
                "psu": "Reguler",
                "1000931": 1569,
                "1000932": 932,
                "1000933": 604,
                "1000934": 1252,
                "1000935": 793,
                "1000936": 569,
                "progres": {
                    "total": 26,
                    "persen": 100.0,
                    "progres": 26
                },
                "status_progress": true
            },
            "531302": {
                "psu": "Reguler",
                "1000931": 560,
                "1000932": 2003,
                "1000933": 277,
                "1000934": 337,
                "1000935": 825,
                "1000936": 498,
                "progres": {
                    "total": 22,
                    "persen": 100.0,
                    "progres": 22
                },
                "status_progress": true
            },
            "531303": {
                "psu": "Reguler",
                "1000931": 1845,
                "1000932": 3096,
                "1000933": 160,
                "1000934": 962,
                "1000935": 785,
                "1000936": 165,
                "progres": {
                    "total": 24,
                    "persen": 95.83,
                    "progres": 23
                },
                "status_progress": true
            },
            "531304": {
                "psu": "Reguler",
                "1000931": 1599,
                "1000932": 610,
                "1000933": 371,
                "1000934": 799,
                "1000935": 1480,
                "1000936": 148,
                "progres": {
                    "total": 24,
                    "persen": 91.67,
                    "progres": 22
                },
                "status_progress": true
            },
            "531305": {
                "psu": "Reguler",
                "1000931": 3899,
                "1000932": 3319,
                "1000933": 1499,
                "1000934": 3709,
                "1000935": 3570,
                "1000936": 2279,
                "progres": {
                    "total": 61,
                    "persen": 90.16,
                    "progres": 55
                },
                "status_progress": true
            },
            "531306": {
                "psu": "Reguler",
                "1000931": 3187,
                "1000932": 245,
                "1000933": 47,
                "1000934": 4128,
                "1000935": 1131,
                "1000936": 885,
                "progres": {
                    "total": 38,
                    "persen": 100.0,
                    "progres": 38
                },
                "status_progress": true
            },
            "531307": {
                "psu": "Reguler",
                "1000931": 1483,
                "1000932": 168,
                "1000933": 45,
                "1000934": 4826,
                "1000935": 1235,
                "1000936": 514,
                "progres": {
                    "total": 36,
                    "persen": 83.33,
                    "progres": 30
                },
                "status_progress": true
            },
            "531308": {
                "psu": "Reguler",
                "1000931": 893,
                "1000932": 588,
                "1000933": 1437,
                "1000934": 1130,
                "1000935": 923,
                "1000936": 164,
                "progres": {
                    "total": 24,
                    "persen": 100.0,
                    "progres": 24
                },
                "status_progress": true
            },
            "531309": {
                "psu": "Reguler",
                "1000931": 1218,
                "1000932": 1025,
                "1000933": 54,
                "1000934": 355,
                "1000935": 521,
                "1000936": 160,
                "progres": {
                    "total": 12,
                    "persen": 100.0,
                    "progres": 12
                },
                "status_progress": true
            }
        }
    },
    "psu": "Reguler",
    "progres": {
        "total": 267,
        "progres": 252
    },
    "ts": "2024-11-28 05:45:00"
}