{
    "mode": "hhcw",
    "tungsura": {
        "chart": {
            "1000946": 13300,
            "1000947": 517,
            "1000948": 1947,
            "1000949": 11162,
            "1000950": 9899,
            "progres": {
                "total": 156,
                "persen": 91.03,
                "progres": 142
            }
        },
        "table": {
            "531701": {
                "psu": "Reguler",
                "1000946": 1814,
                "1000947": 27,
                "1000948": 363,
                "1000949": 1653,
                "1000950": 2313,
                "progres": {
                    "total": 20,
                    "persen": 100.0,
                    "progres": 20
                },
                "status_progress": true
            },
            "531702": {
                "psu": "Reguler",
                "1000946": 4185,
                "1000947": 141,
                "1000948": 388,
                "1000949": 2213,
                "1000950": 2431,
                "progres": {
                    "total": 36,
                    "persen": 100.0,
                    "progres": 36
                },
                "status_progress": true
            },
            "531703": {
                "psu": "Reguler",
                "1000946": 1443,
                "1000947": 179,
                "1000948": 165,
                "1000949": 2767,
                "1000950": 1961,
                "progres": {
                    "total": 31,
                    "persen": 77.42,
                    "progres": 24
                },
                "status_progress": true
            },
            "531704": {
                "psu": "Reguler",
                "1000946": 1893,
                "1000947": 15,
                "1000948": 401,
                "1000949": 1034,
                "1000950": 864,
                "progres": {
                    "total": 22,
                    "persen": 77.27,
                    "progres": 17
                },
                "status_progress": true
            },
            "531705": {
                "psu": "Reguler",
                "1000946": 2405,
                "1000947": 48,
                "1000948": 418,
                "1000949": 2403,
                "1000950": 1407,
                "progres": {
                    "total": 26,
                    "persen": 92.31,
                    "progres": 24
                },
                "status_progress": true
            },
            "531706": {
                "psu": "Reguler",
                "1000946": 1560,
                "1000947": 107,
                "1000948": 212,
                "1000949": 1092,
                "1000950": 923,
                "progres": {
                    "total": 21,
                    "persen": 100.0,
                    "progres": 21
                },
                "status_progress": true
            }
        }
    },
    "psu": "Reguler",
    "progres": {
        "total": 156,
        "progres": 142
    },
    "ts": "2024-11-28 09:00:00"
}