{
    "mode": "hhcw",
    "tungsura": {
        "chart": {
            "1000954": 36467,
            "1000955": 43364,
            "1000956": 34845,
            "1000957": 6496,
            "progres": {
                "total": 596,
                "persen": 83.39,
                "progres": 497
            }
        },
        "table": {
            "531901": {
                "psu": "Reguler",
                "1000954": 5235,
                "1000955": 6240,
                "1000956": 7525,
                "1000957": 2086,
                "progres": {
                    "total": 80,
                    "persen": 98.75,
                    "progres": 79
                },
                "status_progress": true
            },
            "531902": {
                "psu": "Reguler",
                "1000954": 5043,
                "1000955": 7871,
                "1000956": 2234,
                "1000957": 648,
                "progres": {
                    "total": 67,
                    "persen": 89.55,
                    "progres": 60
                },
                "status_progress": true
            },
            "531903": {
                "psu": "Reguler",
                "1000954": 3583,
                "1000955": 2722,
                "1000956": 860,
                "1000957": 268,
                "progres": {
                    "total": 33,
                    "persen": 87.88,
                    "progres": 29
                },
                "status_progress": true
            },
            "531904": {
                "psu": "Reguler",
                "1000954": 2137,
                "1000955": 2169,
                "1000956": 1517,
                "1000957": 513,
                "progres": {
                    "total": 39,
                    "persen": 76.92,
                    "progres": 30
                },
                "status_progress": true
            },
            "531905": {
                "psu": "Reguler",
                "1000954": 1907,
                "1000955": 3009,
                "1000956": 2312,
                "1000957": 239,
                "progres": {
                    "total": 37,
                    "persen": 83.78,
                    "progres": 31
                },
                "status_progress": true
            },
            "531906": {
                "psu": "Reguler",
                "1000954": 3469,
                "1000955": 3119,
                "1000956": 6459,
                "1000957": 185,
                "progres": {
                    "total": 66,
                    "persen": 83.33,
                    "progres": 55
                },
                "status_progress": true
            },
            "531907": {
                "psu": "Reguler",
                "1000954": 2810,
                "1000955": 6573,
                "1000956": 2581,
                "1000957": 266,
                "progres": {
                    "total": 64,
                    "persen": 87.5,
                    "progres": 56
                },
                "status_progress": true
            },
            "531908": {
                "psu": "Reguler",
                "1000954": 3423,
                "1000955": 3266,
                "1000956": 1282,
                "1000957": 1681,
                "progres": {
                    "total": 53,
                    "persen": 67.92,
                    "progres": 36
                },
                "status_progress": true
            },
            "531909": {
                "psu": "Reguler",
                "1000954": 1842,
                "1000955": 2172,
                "1000956": 1727,
                "1000957": 102,
                "progres": {
                    "total": 45,
                    "persen": 60.0,
                    "progres": 27
                },
                "status_progress": true
            },
            "531910": {
                "psu": "Reguler",
                "1000954": 1271,
                "1000955": 1627,
                "1000956": 4526,
                "1000957": 228,
                "progres": {
                    "total": 40,
                    "persen": 77.5,
                    "progres": 31
                },
                "status_progress": true
            },
            "531911": {
                "psu": "Reguler",
                "1000954": 3320,
                "1000955": 2227,
                "1000956": 1830,
                "1000957": 178,
                "progres": {
                    "total": 40,
                    "persen": 80.0,
                    "progres": 32
                },
                "status_progress": true
            },
            "531912": {
                "psu": "Reguler",
                "1000954": 2427,
                "1000955": 2369,
                "1000956": 1992,
                "1000957": 102,
                "progres": {
                    "total": 32,
                    "persen": 96.88,
                    "progres": 31
                },
                "status_progress": true
            }
        }
    },
    "psu": "Reguler",
    "progres": {
        "total": 596,
        "progres": 497
    },
    "ts": "2024-11-28 09:00:00"
}