{
    "mode": "hhcw",
    "tungsura": {
        "chart": {
            "1000964": 13379,
            "1000965": 39493,
            "1000966": 14263,
            "1000967": 47396,
            "1000968": 65540,
            "progres": {
                "total": 552,
                "persen": 96.01,
                "progres": 530
            }
        },
        "table": {
            "537101": {
                "psu": "Reguler",
                "1000964": 1666,
                "1000965": 9466,
                "1000966": 2405,
                "1000967": 10607,
                "1000968": 9250,
                "progres": {
                    "total": 104,
                    "persen": 90.38,
                    "progres": 94
                },
                "status_progress": true
            },
            "537102": {
                "psu": "Reguler",
                "1000964": 4528,
                "1000965": 9187,
                "1000966": 3296,
                "1000967": 10584,
                "1000968": 16817,
                "progres": {
                    "total": 122,
                    "persen": 98.36,
                    "progres": 120
                },
                "status_progress": true
            },
            "537103": {
                "psu": "Reguler",
                "1000964": 1809,
                "1000965": 5508,
                "1000966": 2419,
                "1000967": 6880,
                "1000968": 10493,
                "progres": {
                    "total": 92,
                    "persen": 97.83,
                    "progres": 90
                },
                "status_progress": true
            },
            "537104": {
                "psu": "Reguler",
                "1000964": 1835,
                "1000965": 7067,
                "1000966": 2841,
                "1000967": 9410,
                "1000968": 17248,
                "progres": {
                    "total": 118,
                    "persen": 96.61,
                    "progres": 114
                },
                "status_progress": true
            },
            "537105": {
                "psu": "Reguler",
                "1000964": 2828,
                "1000965": 4870,
                "1000966": 1733,
                "1000967": 6341,
                "1000968": 7093,
                "progres": {
                    "total": 71,
                    "persen": 95.77,
                    "progres": 68
                },
                "status_progress": true
            },
            "537106": {
                "psu": "Reguler",
                "1000964": 713,
                "1000965": 3395,
                "1000966": 1569,
                "1000967": 3574,
                "1000968": 4639,
                "progres": {
                    "total": 45,
                    "persen": 97.78,
                    "progres": 44
                },
                "status_progress": true
            }
        }
    },
    "psu": "Reguler",
    "progres": {
        "total": 552,
        "progres": 530
    },
    "ts": "2024-11-28 08:30:00"
}